signal_date,trade_date,signal_mode,spx_close_signal,spx_close_exit,short_strike,long_strike,credit_received,spread_value_exit,raw_return,capped_return,pnl_earned,win,loss,equity_after,vix_level,variance_pct,rel_vol,rising_rocket,exhaustion_score,body_size,atr,rsi,stoch,gap_pct,cluster_count,dist_from_sma
20220105,20220106,dynamic,4700.67,4675.38,4680,4670,3.269465880490543,4.6156,-0.2,-0.2,-122.0,0,1,99878.0,19.73,1.25,1.0,-0.01321,14.27,87.32,60.36,0.0,1.0,-0.1156,2,-0.01321
20220105,20220106,reentry,4700.67,4675.38,4680,4670,2.9139286992080997,4.6156,-0.2,-0.2,244.73,1,0,100122.73,19.73,1.25,1.0,-0.01321,14.27,87.32,60.36,0.0,1.0,-0.1156,2,-0.01321
20220112,20220113,dynamic,4726.43,4722.53,4770,4780,1.8159045482350393,0,0.2219,0.2219,131.13,1,0,100253.86,17.62,46.82,1.0,0.006356,72.7,2.16,61.6,30.8,61.0,0.3287,2,0.001
20220113,20220114,dynamic,4659.25,4642.13,4615,4605,2.0121489819247245,0,0.2519,0.2519,149.14,1,0,100403.0,20.31,9.55,1.0,-0.006391,24.02,74.31,65.18,22.5,32.6,0.1509,2,-0.011776
20220207,20220208,dynamic,4483.92,4514.99,4450,4440,2.7088976270949843,0,0.3715,0.3715,220.92,1,0,100623.92,22.86,24.71,1.0,-0.007872,45.65,21.83,107.82,43.2,67.2,0.1142,2,-0.008098
20220208,20220209,dynamic,4521.48,4571.12,4605,4615,1.1999999999999997,0,0.1364,0.1364,79.82,1,0,100703.74,21.44,85.07,1.0,0.001541,127.58,41.46,106.72,49.2,78.8,-0.087,2,0.001859
20220323,20220324,dynamic,4456.12,4499.62,4440,4430,3.7279818717433955,0,0.5944,0.5944,354.63,1,0,101058.37,23.57,0.68,1.0,-0.001029,10.14,36.98,87.92,55.8,81.9,-0.4147,1,0.028624
20220325,20220328,dynamic,4543.06,4521.47,4575,4585,1.0,0,0.1111,0.1111,64.67,1,0,101123.04,20.81,93.39,1.0,0.009912,136.94,20.15,80.91,73.5,99.2,0.0602,1,0.043994
20220328,20220329,dynamic,4575.49,4610.57,4645,4655,0.9740180072578255,0,0.1079,0.1079,62.75,1,0,101185.79,19.63,99.72,1.0,0.011978,145.23,34.4,76.54,77.7,100.0,-0.0434,1,0.049011
20220329,20220330,dynamic,4631.69,4613.41,4650,4660,0.95,0,0.105,0.105,60.98,1,0,101246.77,18.9,88.22,1.0,0.019004,127.21,28.83,71.76,76.1,98.8,0.5982,0,0.057948
20220330,20220331,dynamic,4602.49,4596.62,4625,4635,1.3,0,0.1494,0.1494,87.66,1,0,101334.43,19.33,45.58,1.0,0.0061,71.03,21.71,70.5,74.9,92.7,-0.1617,1,0.048691
20220331,20220401,dynamic,4530.5,4517.12,4505,4495,2.986162503200376,0,0.4258,0.4258,253.45,1,0,101587.88,20.56,0.01,1.0,-0.010083,11.68,68.52,69.21,73.1,77.5,-0.0754,2,0.030328
20220404,20220405,dynamic,4582.62,4550.58,4620,4630,2.1872028217327397,0,0.28,0.28,165.97,1,0,101753.85,18.57,98.01,1.0,0.000874,145.88,34.65,62.19,75.1,85.8,0.0477,2,0.035135
20220406,20220407,dynamic,4481.26,4519.16,4515,4525,2.702959162035313,4.1624,-0.2,-0.2,-122.0,0,1,101631.85,22.1,57.92,1.0,-0.011436,93.12,12.91,60.09,55.9,36.8,-0.6886,1,0.005899
20220407,20220408,dynamic,4500.27,4518.28,4515,4525,1.6000000000000005,3.28,-0.2,-0.2,-122.0,0,1,101509.85,21.55,70.52,1.0,-0.005917,109.25,25.62,59.8,53.3,35.7,-0.1475,1,0.007442
20220407,20220408,reentry,4500.27,4518.28,4535,4545,2.053850671062719,3.28,-0.2,-0.2,153.08,1,0,101662.93,21.55,70.52,1.0,-0.005917,109.25,25.62,59.8,53.3,35.7,-0.1475,1,0.007442
20220802,20220803,dynamic,4091.36,4142.73,4085,4075,4.251410894946048,0,0.7396,0.66,394.0,1,0,102056.93,23.93,19.04,1.0,0.001022,35.28,12.85,72.4,73.3,87.3,-0.3499,2,0.038592
20220804,20220805,dynamic,4152.02,4118.1,4155,4165,1.5999999999999996,0,0.1905,0.1905,112.29,1,0,102169.22,21.44,64.17,1.0,0.005451,97.24,2.83,68.74,73.9,95.5,-0.0065,2,0.046557
20220810,20220811,dynamic,4210.12,4226.14,4270,4280,0.95,0,0.105,0.105,60.98,1,0,102230.2,19.74,97.31,1.0,0.013514,141.42,29.1,61.75,70.3,99.7,1.4158,2,0.04483
20220811,20220812,dynamic,4207.34,4243.01,4200,4190,4.058012991112491,0,0.6829,0.66,394.0,1,0,102624.2,20.2,10.5,1.0,0.010155,20.81,20.06,60.53,75.3,85.4,0.4104,3,0.038764
20220815,20220816,dynamic,4297.14,4310.11,4325,4335,0.7999999999999999,0,0.087,0.087,50.17,1,0,102674.37,19.95,89.64,1.0,0.01745,129.62,27.77,62.69,85.8,98.7,-0.2472,1,0.04949
20220816,20220817,dynamic,4305.24,4257.45,4305,4315,1.3000000000000003,0,0.1494,0.1494,87.66,1,0,102762.03,19.69,57.82,1.0,0.01063,86.93,14.78,57.6,82.7,94.0,-0.1555,1,0.046751
20220817,20220818,dynamic,4274.06,4282.55,4305,4315,1.0499999999999998,0,0.1173,0.1173,68.39,1,0,102830.42,19.9,42.73,1.0,0.000308,68.64,6.34,55.19,74.4,79.2,-0.577,1,0.035217
20220818,20220819,dynamic,4284.15,4230.88,4280,4290,1.4000000000000004,0,0.1628,0.1628,95.67,1,0,102926.09,19.56,72.57,1.0,-0.000923,110.75,11.02,52.51,71.1,83.2,-0.0218,1,0.034091
20220824,20220825,dynamic,4140.99,4187.84,4185,4195,1.05,2.84,-0.2,-0.2,-122.0,0,1,102804.09,22.82,57.45,1.0,-0.010308,92.15,14.44,54.27,48.7,15.5,-0.0523,3,-0.009592
20221121,20221122,dynamic,3949.99,3997.72,3995,4005,0.8999999999999999,2.72,-0.2,-0.2,-122.0,0,1,102682.09,22.36,58.09,1.0,-0.003199,91.11,6.24,75.13,56.5,76.2,-0.2333,1,0.019602
20221122,20221123,dynamic,4003.63,4008.93,4045,4055,1.1,0,0.1236,0.1236,72.16,1,0,102754.25,21.29,95.41,1.0,0.00974,139.8,38.12,69.42,68.1,92.4,0.3929,0,0.031527
20221128,20221129,dynamic,3964.02,3949.23,3930,3920,2.3823551468735786,0,0.3127,0.3127,185.65,1,0,102939.9,22.21,14.6,1.0,-0.007567,31.42,41.34,63.75,62.4,75.8,-0.5156,2,0.015073
20221202,20221205,dynamic,4071.63,4010.99,4075,4085,1.2999999999999998,0,0.1494,0.1494,87.66,1,0,103027.56,19.06,83.57,1.0,0.010355,123.05,31.46,53.76,59.2,85.1,-0.8983,2,0.029734
20221220,20221221,dynamic,3821.73,3882.96,3880,3890,1.1999999999999997,2.96,-0.2,-0.2,-122.0,0,1,102905.56,21.48,61.26,1.0,-0.014136,98.54,11.26,66.38,24.1,8.6,-0.1834,3,-0.037002
20230109,20230110,dynamic,3892.1,3886.63,3865,3855,2.730335056812123,0,0.3756,0.3756,223.35,1,0,103128.91,21.97,2.79,1.0,0.00979,10.13,18.72,64.53,54.1,68.6,0.4062,2,0.005112
20230113,20230117,dynamic,3999.03,3995.93,4030,4040,0.75,0,0.0811,0.0811,46.65,1,0,103175.56,18.35,91.26,1.0,0.01174,133.44,38.43,59.55,69.8,97.8,-0.5646,0,0.033647
20230117,20230118,dynamic,3990.96,3965.65,3970,3960,2.936145790721639,4.3489,-0.2,-0.2,-122.0,0,1,103053.56,19.36,20.73,1.0,0.004672,36.65,8.32,58.26,66.9,89.6,0.0063,1,0.030298
20230118,20230119,dynamic,3928.75,3893.25,3870,3860,0.9987296369204159,0,0.111,0.111,64.57,1,0,103118.13,20.34,2.47,1.0,-0.011453,15.49,73.5,62.13,60.4,63.1,0.2829,2,0.013236
20230124,20230125,dynamic,4016.82,4008.0,4005,4015,1.2499999999999998,3.0,-0.2,-0.2,-122.0,0,1,102996.13,19.2,79.2,1.0,0.012483,116.36,15.08,58.16,69.5,90.5,-0.4456,1,0.028423
20230127,20230130,dynamic,4070.48,4043.15,4085,4095,1.0999999999999999,0,0.1236,0.1236,72.16,1,0,103068.29,18.51,47.86,1.0,0.008371,73.61,16.76,55.19,72.6,89.1,-0.1628,1,0.033039
20230130,20230131,dynamic,4017.9,4042.8,3995,3985,2.870856170471143,0,0.4027,0.4027,239.62,1,0,103307.91,19.94,4.87,1.0,-0.004568,16.96,31.37,54.81,64.4,64.8,-0.5211,2,0.017515
20230208,20230209,dynamic,4117.91,4109.52,4115,4105,4.349838573328725,5.4799,-0.2,-0.2,-122.0,0,1,103185.91,19.63,13.81,1.0,-0.005771,29.82,35.56,63.26,69.5,73.9,-0.2536,2,0.018664
20230209,20230210,dynamic,4081.6,4072.38,4040,4030,1.8776917028968683,0,0.2312,0.2312,136.71,1,0,103322.62,20.71,13.78,1.0,-0.009846,30.89,62.65,64.08,60.4,53.8,0.6396,2,0.008284
20230210,20230213,dynamic,4090.48,4137.76,4135,4145,0.95,2.76,-0.2,-0.2,-122.0,0,1,103200.62,20.53,88.44,1.0,-0.005475,134.22,21.56,61.64,57.3,57.4,-0.3107,2,0.009139
20230215,20230216,dynamic,4147.76,4123.29,4135,4145,1.2999999999999998,0,0.1494,0.1494,87.66,1,0,103288.28,18.23,99.21,1.0,0.00706,145.86,28.26,61.96,58.8,73.5,-0.4033,0,0.016966
20230223,20230224,dynamic,4012.39,3965.89,3985,3995,2.8,0,0.3889,0.3889,231.33,1,0,103519.61,21.14,73.08,1.0,-0.005396,112.7,6.21,57.46,31.4,20.3,0.6845,2,-0.019194
20230224,20230227,dynamic,3970.05,3988.03,4030,4040,1.05,0,0.1173,0.1173,68.39,1,0,103588.0,21.67,76.68,1.0,-0.009979,118.99,3.19,58.2,31.5,11.6,-0.9757,2,-0.028471
20230227,20230228,dynamic,3982.35,3979.65,3950,3940,2.3576080589238018,0,0.3085,0.3085,183.09,1,0,103771.09,20.95,19.78,1.0,-0.00209,37.16,10.01,58.55,35.3,16.8,0.562,2,-0.024409
20230228,20230301,dynamic,3969.69,3961.63,3930,3920,1.9101272534240934,0,0.2361,0.2361,139.67,1,0,103910.76,20.7,2.49,1.0,-0.00388,13.45,7.5,54.29,25.5,12.3,-0.1296,2,-0.026936
20230307,20230308,dynamic,3986.44,3997.62,3955,3945,2.262440581022929,0,0.2924,0.2924,173.44,1,0,104084.2,19.59,8.8,1.0,-0.00406,22.33,61.82,52.86,32.7,26.5,-0.0032,2,-0.015472
20230320,20230321,dynamic,3951.55,3975.2,4025,4035,0.75,0,0.0811,0.0811,46.65,1,0,104130.85,24.15,87.24,1.0,0.005934,129.41,34.08,68.03,48.4,52.9,0.0212,1,-0.002207
20230327,20230328,dynamic,3977.75,3975.21,3940,3930,2.0080291091587696,0,0.2513,0.2513,148.75,1,0,104279.6,20.6,21.78,1.0,0.002598,38.67,5.18,73.79,49.2,73.2,0.2959,3,0.005885
20230404,20230405,dynamic,4100.68,4083.88,4060,4050,1.7275174475454378,0,0.2088,0.2088,123.3,1,0,104402.9,19.0,29.85,1.0,0.004441,49.48,27.35,56.98,71.3,87.9,0.0878,1,0.031742
20230412,20230413,dynamic,4092.12,4122.12,4070,4060,2.8740862220879535,0,0.4033,0.4033,240.0,1,0,104642.9,19.09,10.92,1.0,-0.00219,24.79,29.6,43.51,78.7,81.2,0.3083,2,0.017337
20230425,20230426,dynamic,4071.71,4086.19,4045,4035,2.5151755778099414,0,0.336,0.336,199.62,1,0,104842.52,18.76,0.6,1.0,-0.013007,13.3,54.72,37.14,43.5,1.9,-0.2584,2,-0.008187
20230426,20230427,dynamic,4055.94,4104.11,4050,4040,4.065331073439438,0,0.685,0.66,394.0,1,0,105236.52,18.84,16.34,1.0,-0.012108,35.1,31.84,38.02,42.5,5.5,0.3947,2,-0.013046
20230501,20230502,dynamic,4167.59,4117.17,4120,4110,1.032327223087293,2.8259,-0.2,-0.2,-122.0,0,1,105114.52,16.08,15.22,1.0,0.011538,27.05,0.8,41.72,59.0,85.9,-0.0669,2,0.010619
20230503,20230504,dynamic,4090.85,4052.86,4030,4020,0.7901759821629071,0,0.0858,0.0858,49.48,1,0,105164.0,18.34,3.35,1.0,-0.011063,16.62,31.4,43.99,41.6,30.2,0.0646,3,-0.007814
20230516,20230517,dynamic,4109.9,4132.97,4095,4085,3.3079333358436998,0,0.4943,0.4943,294.58,1,0,105458.58,17.99,0.08,1.0,-0.004324,10.19,18.05,45.67,56.9,44.4,-0.2079,1,-0.003173
20230523,20230524,dynamic,4145.67,4109.64,4090,4080,1.0199719098466176,0,0.1136,0.1136,66.15,1,0,105524.73,18.53,7.26,1.0,-0.007599,21.14,31.13,40.71,58.1,59.2,-0.3788,3,0.002339
20230605,20230606,dynamic,4273.76,4285.72,4235,4225,1.3116965444314133,0,0.151,0.151,88.58,1,0,105613.31,14.73,21.38,1.0,0.009737,36.16,9.23,45.53,66.1,86.9,0.0191,2,0.024661
20230607,20230608,dynamic,4267.62,4281.74,4235,4225,1.5355407696217753,0,0.1814,0.1814,106.85,1,0,105720.16,13.94,10.39,1.0,0.000456,23.32,17.85,44.03,64.5,83.8,0.0406,2,0.019596
20230609,20230612,dynamic,4298.95,4313.46,4275,4265,2.1490718962191977,0,0.2737,0.2737,162.24,1,0,105882.4,13.83,23.45,1.0,0.003587,40.74,5.93,43.06,64.8,89.2,0.2564,2,0.023113
20230616,20230620,dynamic,4409.8,4377.97,4365,4355,0.8942660254501789,0,0.0982,0.0982,56.93,1,0,105939.33,13.54,5.75,1.0,0.006039,15.3,31.15,44.19,80.3,86.3,0.3371,1,0.03485
20230621,20230622,dynamic,4365.73,4369.86,4325,4315,1.00330271740512,0,0.1115,0.1115,64.91,1,0,106004.24,13.2,21.43,1.0,-0.006118,40.58,14.28,43.68,76.1,70.1,-0.2003,2,0.02008
20230622,20230623,dynamic,4381.84,4356.32,4375,4385,0.7999999999999999,0,0.087,0.087,50.17,1,0,106054.41,12.91,98.65,1.0,-0.002867,147.8,26.44,41.51,74.3,67.9,-0.2366,2,0.021027
20230623,20230626,dynamic,4348.38,4348.68,4325,4315,2.153577934229588,0,0.2745,0.2745,162.68,1,0,106217.09,13.44,27.93,1.0,-0.006972,49.91,5.79,39.43,60.9,46.6,-0.6315,2,0.010487
20230626,20230627,dynamic,4329.01,4359.4,4310,4300,2.6324116405717177,0,0.3573,0.3573,212.38,1,0,106429.47,14.25,2.74,1.0,-0.007734,14.85,15.83,39.54,58.8,36.3,-0.0814,3,0.003913
20230628,20230629,dynamic,4377.15,4393.61,4410,4420,0.85,0,0.0929,0.0929,53.74,1,0,106483.21,13.43,56.19,1.0,0.003257,86.67,9.67,41.33,66.2,61.9,-0.2478,2,0.011039
20230707,20230710,dynamic,4399.04,4397.75,4375,4365,2.3521432706971837,0,0.3076,0.3076,182.53,1,0,106665.74,14.83,3.81,1.0,-0.007584,16.32,5.5,37.79,45.7,54.4,-0.1616,1,0.003905
20230714,20230717,dynamic,4505.7,4519.9,4475,4465,1.6828164900801994,0,0.2023,0.2023,119.4,1,0,106785.14,13.34,21.77,1.0,0.008573,37.03,8.91,37.57,74.6,89.0,0.1029,2,0.020521
20230720,20230721,dynamic,4534.8,4548.31,4515,4505,2.6219388754692545,0,0.3554,0.3554,211.22,1,0,106996.36,13.99,19.47,1.0,-0.000442,36.28,19.58,36.94,71.5,77.4,-0.2477,2,0.020319
20230721,20230724,dynamic,4536.32,4558.04,4525,4515,3.3133741834494685,0,0.4955,0.4955,295.31,1,0,107291.67,13.6,2.76,1.0,-0.001455,13.16,13.84,33.96,66.0,78.2,0.3387,3,0.01889
20230802,20230803,dynamic,4513.45,4503.88,4460,4450,0.9748012779115811,0,0.108,0.108,62.81,1,0,107354.48,16.09,17.04,1.0,-0.01016,35.54,37.48,37.19,50.6,12.9,-0.5635,2,-0.000901
20230804,20230807,dynamic,4478.38,4506.03,4465,4455,3.473599973994169,0,0.5322,0.5322,317.34,1,0,107671.82,17.1,5.82,1.0,-0.011807,20.29,35.58,40.3,42.6,2.9,0.2717,4,-0.010519
20230807,20230808,dynamic,4518.53,4469.42,4510,4520,1.0,0,0.1111,0.1111,64.67,1,0,107736.49,15.77,95.43,1.0,0.00017,142.46,26.95,39.85,44.0,33.2,0.2947,3,-0.002847
20230814,20230815,dynamic,4489.83,4461.57,4495,4505,1.4000000000000001,0,0.1628,0.1628,95.67,1,0,107832.16,14.82,98.64,1.0,0.002638,146.28,31.7,46.77,37.7,28.1,-0.1355,2,-0.008525
20230815,20230816,dynamic,4437.79,4406.13,4410,4400,2.339226613115784,3.8714,-0.2,-0.2,-122.0,0,1,107710.16,16.46,12.0,1.0,-0.006252,27.41,41.08,48.4,32.4,3.2,-0.2441,2,-0.018746
20230816,20230817,dynamic,4404.27,4375.91,4380,4370,2.6065052189728704,4.0852,-0.2,-0.2,-122.0,0,1,107588.16,16.78,1.55,1.0,-0.010942,14.07,29.52,46.11,32.0,0.4,-0.0901,2,-0.024416
20230817,20230818,dynamic,4370.13,4369.52,4315,4305,1.0794224912736468,0,0.121,0.121,70.6,1,0,107658.76,17.89,9.41,1.0,-0.014236,25.97,46.19,46.36,20.5,2.3,0.2736,3,-0.03021
20230818,20230821,dynamic,4370.04,4364.72,4420,4430,0.85,0,0.0929,0.0929,53.74,1,0,107712.5,17.3,74.67,1.0,-0.010052,116.2,25.16,48.18,19.0,13.9,-0.5778,3,-0.028438
20230822,20230823,dynamic,4387.65,4429.44,4375,4365,3.4905829847893983,0,0.5362,0.5362,319.74,1,0,108032.24,16.97,13.62,1.0,0.000285,27.9,27.68,47.5,30.3,25.5,0.3505,2,-0.02088
20230823,20230824,dynamic,4436.13,4398.66,4475,4485,0.8999999999999999,0,0.0989,0.0989,57.34,1,0,108089.58,15.98,84.92,1.0,0.00987,125.08,39.69,49.04,40.8,49.2,0.2003,1,-0.008614
20230831,20230901,dynamic,4507.54,4503.68,4490,4480,2.7374658716469185,0,0.3769,0.3769,224.16,1,0,108313.74,13.57,0.6,1.0,0.007978,7.56,9.47,48.75,54.9,87.4,0.0445,1,0.013745
20230905,20230906,dynamic,4496.79,4452.08,4455,4445,1.1547992086959198,2.9238,-0.2,-0.2,-122.0,0,1,108191.74,14.01,4.27,1.0,-0.00217,15.47,13.27,46.26,57.5,78.4,-0.1258,3,0.01115
20230912,20230913,dynamic,4462.03,4474.08,4440,4430,2.4458822147583987,0,0.3238,0.3238,192.27,1,0,108384.01,14.23,17.17,1.0,-0.000621,33.11,11.24,42.43,59.6,57.2,-0.3191,2,0.00408
20230915,20230918,dynamic,4450.3,4463.61,4410,4400,1.1687798314374618,0,0.1323,0.1323,77.41,1,0,108461.42,13.79,6.09,1.0,-0.005412,18.9,47.68,37.28,56.4,28.0,-0.1598,3,-0.000929
20230919,20230920,dynamic,4444.04,4453.2,4490,4500,1.2500000000000002,0,0.1429,0.1429,83.71,1,0,108545.13,14.11,82.52,1.0,-0.004495,125.66,1.37,34.34,40.1,22.0,-0.1823,2,-0.003761
20230925,20230926,dynamic,4337.51,4287.65,4345,4355,0.75,0,0.0811,0.0811,46.65,1,0,108591.78,16.9,97.21,1.0,-0.006694,146.82,26.89,41.26,27.9,16.6,-0.216,3,-0.025282
20230926,20230927,dynamic,4273.51,4250.45,4255,4245,3.188978228660062,4.5512,-0.2,-0.2,-122.0,0,1,108469.78,18.94,16.01,1.0,-0.013646,35.05,39.37,42.48,25.5,3.1,-0.5678,3,-0.037937
20230926,20230927,reentry,4273.51,4250.45,4235,4225,2.5658017759608356,4.5512,-0.2,-0.2,205.08,1,0,108674.86,18.94,16.01,1.0,-0.013646,35.05,39.37,42.48,25.5,3.1,-0.5678,3,-0.037937
20230927,20230928,dynamic,4274.61,4308.08,4305,4315,1.35,3.08,-0.2,-0.2,-122.0,0,1,108552.86,18.22,67.33,1.0,-0.007545,105.23,8.02,43.79,26.7,13.2,0.2134,2,-0.035266
20230927,20230928,reentry,4274.61,4308.08,4320,4330,0.7047137484921677,3.08,-0.2,-0.2,43.49,1,0,108596.35,18.22,67.33,1.0,-0.007545,105.23,8.02,43.79,26.7,13.2,0.2134,2,-0.035266
20230929,20231002,dynamic,4288.24,4272.04,4255,4245,2.058602564767398,0,0.2592,0.2592,153.53,1,0,108749.88,17.52,22.95,1.0,-0.001509,41.45,39.94,47.56,23.7,18.1,0.6617,2,-0.027421
20231002,20231003,dynamic,4288.4,4226.83,4305,4315,0.9,0,0.0989,0.0989,57.34,1,0,108807.22,17.61,69.83,1.0,0.000817,106.44,3.88,48.25,25.5,18.2,-0.0867,1,-0.02487
20231003,20231004,dynamic,4229.6,4252.16,4205,4195,2.8399082539447136,0,0.3966,0.3966,235.98,1,0,109043.2,19.78,20.32,1.0,-0.010878,40.34,40.15,51.54,20.8,4.4,-0.4349,2,-0.03531
20231004,20231005,dynamic,4263.42,4234.77,4285,4295,1.4,0,0.1628,0.1628,95.67,1,0,109138.87,18.58,89.42,1.0,-0.002447,134.76,29.59,51.79,20.1,16.7,0.1,2,-0.025349
20231011,20231012,dynamic,4376.94,4381.43,4405,4415,1.1,0,0.1236,0.1236,72.16,1,0,109211.03,16.09,94.89,1.0,0.011424,138.62,10.35,54.29,56.8,95.0,0.1914,1,0.008538
20231016,20231017,dynamic,4373.67,4378.08,4375,4385,1.35,3.08,-0.2,-0.2,-122.0,0,1,109089.03,17.21,76.42,1.0,0.003768,114.85,31.3,56.63,64.3,92.8,0.3364,2,0.011957
20231016,20231017,reentry,4373.67,4378.08,4405,4415,1.287209796987554,3.08,-0.2,-0.2,86.64,1,0,109175.67,17.21,76.42,1.0,0.003768,114.85,31.3,56.63,64.3,92.8,0.3364,2,0.011957
20231017,20231018,dynamic,4373.21,4338.92,4385,4395,1.0500000000000003,0,0.1173,0.1173,68.39,1,0,109244.06,17.88,63.66,1.0,0.002973,97.21,27.98,56.82,64.1,88.5,-0.6503,2,0.012681
20231018,20231019,dynamic,4314.6,4281.0,4285,4275,2.505299416693333,4.0042,-0.2,-0.2,-122.0,0,1,109122.06,19.22,17.83,1.0,-0.007631,35.95,42.75,57.99,51.9,55.4,-0.3627,2,0.000124
20231019,20231020,dynamic,4277.95,4231.4,4235,4225,1.9997132925628875,3.5998,-0.2,-0.2,-122.0,0,1,109000.06,21.4,11.83,1.0,-0.012807,28.96,43.41,58.82,48.7,34.7,0.1567,2,-0.007774
20231019,20231020,reentry,4277.95,4231.4,4230,4220,2.974579337087789,3.5998,-0.2,-0.2,-252.7,0,1,108747.36,21.4,11.83,1.0,-0.012807,28.96,43.41,58.82,48.7,34.7,0.1567,2,-0.007774
20231020,20231023,dynamic,4224.09,4239.88,4165,4155,1.3075521543742639,0,0.1504,0.1504,88.25,1,0,108835.61,21.71,1.98,1.0,-0.020547,17.3,49.76,59.86,43.0,4.3,-0.0958,3,-0.019176
20231024,20231025,dynamic,4247.65,4205.13,4240,4250,2.4,0,0.3158,0.3158,187.47,1,0,109023.08,18.97,70.64,1.0,-0.002021,108.35,11.86,59.08,48.1,28.6,0.4465,3,-0.012026
20231026,20231027,dynamic,4137.19,4110.57,4115,4105,3.0405289801822164,4.4324,-0.2,-0.2,-122.0,0,1,108901.08,20.68,16.68,1.0,-0.015547,36.51,38.8,57.6,31.4,3.5,-0.257,3,-0.034907
20231027,20231030,dynamic,4117.43,4151.02,4130,4120,5.517232295510439,0,1.2308,0.66,394.0,1,0,109295.08,21.27,25.79,1.0,-0.015251,49.19,35.5,57.24,26.0,4.7,0.3805,3,-0.0376
20231030,20231031,dynamic,4166.78,4174.1,4195,4205,0.9499999999999997,0,0.105,0.105,60.98,1,0,109356.06,19.75,75.99,1.0,-0.00105,115.58,27.39,57.97,30.1,21.7,0.5333,3,-0.024678
20231101,20231102,dynamic,4237.86,4318.08,4315,4325,1.35,3.08,-0.2,-0.2,-122.0,0,1,109234.06,16.87,83.76,1.0,0.016126,121.74,36.59,58.01,39.0,46.3,0.1788,1,-0.007327
20231109,20231110,dynamic,4347.32,4378.1,4335,4325,3.3456206613984705,0,0.5028,0.5028,299.66,1,0,109533.72,15.29,6.83,1.0,-0.004409,19.68,44.09,51.11,63.1,84.1,0.196,1,0.016366
20231115,20231116,dynamic,4502.93,4493.29,4475,4465,2.0180418221698346,0,0.2528,0.2528,149.7,1,0,109683.42,14.18,29.47,1.0,0.015427,45.93,2.37,50.22,87.8,95.6,0.2171,1,0.047408
20231127,20231128,dynamic,4550.42,4565.74,4510,4500,1.0216710785364853,0,0.1138,0.1138,66.28,1,0,109749.7,12.69,28.87,1.0,6e-06,49.32,4.44,35.62,80.8,92.0,-0.0983,2,0.030106
20231129,20231130,dynamic,4550.64,4540.83,4515,4505,1.3315499472270176,0,0.1536,0.1536,90.17,1,0,109839.87,12.98,8.62,1.0,-0.000822,21.19,21.2,36.03,78.8,84.8,0.3719,3,0.021542
20231206,20231207,dynamic,4549.37,4583.6,4540,4530,3.431240186769628,0,0.5224,0.5224,311.41,1,0,110151.28,12.97,6.49,1.0,-0.004457,19.2,36.86,30.69,62.8,55.2,0.4164,1,0.007792
20231228,20231229,dynamic,4783.37,4761.44,4755,4745,1.8208793114113178,0,0.2226,0.2226,131.58,1,0,110282.86,12.47,19.4,1.0,0.003177,35.19,3.07,36.94,79.2,95.5,0.1008,2,0.023194
20240103,20240104,dynamic,4704.79,4714.63,4675,4665,1.968242988555403,0,0.2451,0.2451,145.03,1,0,110427.89,14.04,17.17,1.0,-0.010874,35.92,20.28,38.76,58.5,41.0,-0.3755,3,0.001187
20240104,20240105,dynamic,4688.69,4704.0,4670,4660,2.7979565489556535,0,0.3885,0.3885,231.1,1,0,110658.99,14.13,2.96,1.0,-0.010391,15.88,8.73,36.82,47.0,1.1,-0.1566,3,-0.003527
20240112,20240116,dynamic,4783.84,4769.72,4790,4800,0.7999999999999999,0,0.087,0.087,50.17,1,0,110709.16,12.7,44.46,1.0,0.002164,70.56,7.34,37.85,57.5,84.6,0.2282,1,0.007571
20240116,20240117,dynamic,4765.95,4738.21,4760,4770,0.9999999999999998,0,0.1111,0.1111,64.67,1,0,110773.83,13.84,53.46,1.0,-0.001685,84.21,6.4,37.89,52.2,69.7,-0.2402,2,0.003312
20240117,20240118,dynamic,4739.24,4758.2,4785,4795,0.75,0,0.0811,0.0811,46.65,1,0,110820.48,14.79,83.03,1.0,-0.006563,126.94,0.11,39.39,43.3,47.5,-0.5627,2,-0.002524
20240118,20240119,dynamic,4780.94,4822.6,4820,4830,0.7500000000000001,2.6,-0.2,-0.2,-122.0,0,1,110698.48,14.13,89.27,1.0,0.002283,133.26,20.84,41.54,49.9,82.2,0.4402,2,0.005825
20240122,20240123,dynamic,4850.43,4850.72,4820,4810,1.84728851404941,0,0.2266,0.2266,133.95,1,0,110832.43,13.19,26.19,1.0,0.011503,42.41,2.99,44.47,61.4,90.3,0.2814,1,0.018052
20240124,20240125,dynamic,4868.57,4892.49,4850,4840,2.734745969393771,0,0.3764,0.3764,223.85,1,0,111056.28,13.14,6.97,1.0,0.005722,17.09,19.99,42.38,76.8,84.2,0.4923,2,0.019379
20240131,20240201,dynamic,4845.57,4873.4,4840,4830,3.987998208627687,0,0.6633,0.66,394.0,1,0,111450.28,14.35,0.68,1.0,-0.010445,12.72,53.62,40.64,59.4,60.5,-0.5228,2,0.007904
20240215,20240216,dynamic,5029.76,5032.36,5050,5060,1.0,0,0.1111,0.1111,64.67,1,0,111514.95,14.01,91.11,1.0,0.00467,135.17,26.62,45.52,64.4,90.8,0.0524,1,0.019266
20240223,20240226,dynamic,5088.84,5084.02,5060,5050,2.162193868932377,0,0.2759,0.2759,163.52,1,0,111678.47,13.75,24.93,1.0,0.012149,40.48,12.08,45.67,65.6,88.5,0.2732,2,0.022728
20240226,20240227,dynamic,5069.53,5068.45,5035,5025,1.7908750387596228,0,0.2182,0.2182,128.89,1,0,111807.36,13.74,2.16,1.0,0.005749,10.34,23.47,44.83,65.1,78.2,0.0817,2,0.017023
20240304,20240305,dynamic,5130.95,5072.38,5075,5065,0.7781475141308078,2.6225,-0.2,-0.2,-122.0,0,1,111685.36,13.49,16.76,1.0,0.005598,30.83,0.04,45.5,62.9,91.8,-0.1187,1,0.019642
20240308,20240311,dynamic,5123.71,5113.28,5080,5070,1.4881825145528182,0,0.1748,0.1748,102.9,1,0,111788.26,14.74,8.65,1.0,0.000903,20.77,40.75,47.84,64.1,73.1,0.1381,3,0.012424
20240318,20240319,dynamic,5149.39,5151.89,5105,5095,1.3986568050145252,0,0.1626,0.1626,95.57,1,0,111883.83,14.33,13.01,1.0,-0.00041,27.23,5.38,48.01,58.9,69.9,0.7385,4,0.009144
20240321,20240322,dynamic,5241.52,5236.71,5205,5195,1.6039047505194048,0,0.191,0.191,112.62,1,0,111996.45,12.92,4.21,1.0,0.011448,11.65,11.91,50.21,62.5,90.4,0.552,2,0.021193
20240322,20240325,dynamic,5234.16,5224.51,5185,5175,1.0043686907002325,0,0.1117,0.1117,64.99,1,0,112061.44,13.06,26.45,1.0,0.005481,44.43,8.32,49.76,62.4,86.8,0.0183,2,0.018317
20240325,20240326,dynamic,5218.25,5234.56,5200,5190,2.898920644190639,0,0.4082,0.4082,242.94,1,0,112304.38,13.19,16.62,1.0,-0.000221,32.22,1.27,45.76,68.3,74.8,-0.2797,3,0.013756
20240326,20240327,dynamic,5203.71,5215.38,5200,5190,4.137848832705913,0,0.7059,0.66,394.0,1,0,112698.38,13.24,0.91,1.0,-0.003969,11.27,25.14,44.5,63.4,66.2,0.2031,4,0.0097
20240408,20240409,dynamic,5202.47,5180.43,5185,5175,3.2074547939373588,4.566,-0.2,-0.2,-122.0,0,1,112576.38,15.19,23.04,1.0,0.001573,40.73,8.9,43.35,57.4,53.2,0.136,3,0.001492
20240408,20240409,reentry,5202.47,5180.43,5165,5155,2.5102591885322454,4.566,-0.2,-0.2,199.1,1,0,112775.48,15.19,23.04,1.0,0.001573,40.73,8.9,43.35,57.4,53.2,0.136,3,0.001492
20240411,20240412,dynamic,5198.99,5150.06,5205,5215,1.25,0,0.1429,0.1429,83.71,1,0,112859.19,14.91,82.48,1.0,0.000719,124.18,26.04,48.24,44.1,47.8,0.2399,2,-0.000245
20240417,20240418,dynamic,5022.19,5047.74,4985,4975,2.2830103761094733,0,0.2958,0.2958,175.51,1,0,113034.7,18.21,21.13,1.0,-0.013622,42.21,46.78,62.97,25.1,5.8,0.3492,4,-0.031107
20240418,20240419,dynamic,5011.17,4980.7,4985,4975,2.878120197674889,4.3025,-0.2,-0.2,-122.0,0,1,112912.7,18.0,16.94,1.0,-0.008471,34.94,20.35,65.52,23.6,3.5,0.1858,4,-0.031239
20240418,20240419,reentry,5011.17,4980.7,4970,4960,2.8821113983701707,4.3025,-0.2,-0.2,9.98,1,0,112922.68,18.0,16.94,1.0,-0.008471,34.94,20.35,65.52,23.6,3.5,0.1858,4,-0.031239
20240419,20240422,dynamic,4967.26,4990.44,4955,4945,3.804088921236371,0,0.614,0.614,366.38,1,0,113289.06,18.71,20.93,1.0,-0.011049,41.23,38.18,67.71,22.0,4.5,-0.1143,4,-0.037175
20240424,20240425,dynamic,5071.68,5042.68,5040,5050,0.8499999999999999,2.68,-0.2,-0.2,-122.0,0,1,113167.06,15.97,58.08,1.0,0.009038,87.73,13.18,65.92,42.3,43.5,0.2824,1,-0.012116
20240426,20240429,dynamic,5099.82,5111.56,5140,5150,0.95,0,0.105,0.105,60.98,1,0,113228.04,15.03,64.32,1.0,0.007827,96.8,15.17,69.51,39.9,53.9,0.7178,0,-0.003192
20240501,20240502,dynamic,5018.36,5042.08,5010,5000,3.865855595553967,0,0.6302,0.6302,376.13,1,0,113604.17,15.39,5.94,1.0,-0.008949,19.67,10.67,68.8,32.8,29.3,-0.1313,2,-0.014384
20240516,20240517,dynamic,5297.12,5298.39,5265,5255,1.7993252133736632,0,0.2194,0.2194,129.65,1,0,113733.82,12.42,3.17,1.0,0.007211,11.37,12.95,46.7,73.6,91.0,0.0356,2,0.031605
20240520,20240521,dynamic,5308.19,5308.95,5270,5260,1.3912237843914,0,0.1616,0.1616,94.96,1,0,113828.78,12.15,25.26,1.0,0.002931,43.46,2.84,41.64,91.1,94.5,0.0387,2,0.027422
20240529,20240530,dynamic,5266.97,5257.36,5220,5210,1.3227342091513492,0,0.1524,0.1524,89.46,1,0,113918.24,14.28,21.82,1.0,-0.004451,40.67,11.76,38.1,63.7,53.6,-0.5151,2,0.006471
20240624,20240625,dynamic,5447.85,5463.18,5425,5415,2.6555112678331625,0,0.3616,0.3616,214.94,1,0,114133.18,13.33,0.6,1.0,-0.003908,10.82,11.73,43.24,81.5,76.7,-0.0941,3,0.014607
20240628,20240701,dynamic,5460.71,5463.78,5435,5425,2.3056150347574658,0,0.2996,0.2996,177.79,1,0,114310.97,12.44,13.22,1.0,-0.001286,27.77,27.77,41.72,73.6,68.0,0.1012,1,0.00969
20240709,20240710,dynamic,5577.04,5598.33,5560,5550,3.014514858424036,0,0.4315,0.4315,256.92,1,0,114567.89,12.51,15.27,1.0,0.004396,29.07,7.2,34.65,72.9,90.5,0.2044,2,0.018659
20240711,20240712,dynamic,5584.46,5626.45,5565,5555,2.8901956700392475,0,0.4065,0.4065,241.91,1,0,114809.8,12.92,12.03,1.0,-0.000469,25.87,50.75,38.6,68.2,70.4,0.024,3,0.015543
20240716,20240717,dynamic,5667.21,5602.43,5645,5655,1.1999999999999997,0,0.1364,0.1364,79.82,1,0,114889.62,13.19,91.97,1.0,0.007247,135.68,23.12,43.31,79.0,98.9,0.228,3,0.024743
20240717,20240718,dynamic,5588.28,5560.73,5565,5555,2.841826273599736,4.2735,-0.2,-0.2,-122.0,0,1,114767.62,14.48,9.21,1.0,-0.005169,23.21,21.79,46.96,63.4,63.5,-1.0083,3,0.009422
20240718,20240719,dynamic,5544.49,5506.12,5510,5500,2.3446038757065253,3.8757,-0.2,-0.2,-122.0,0,1,114645.62,15.93,23.76,1.0,-0.011558,45.33,64.07,51.82,56.8,43.9,0.3629,3,0.000993
20240719,20240722,dynamic,5505.09,5537.28,5525,5515,5.976805480148414,0,1.4856,0.66,394.0,1,0,115039.62,16.52,13.31,1.0,-0.014707,31.57,38.28,50.96,54.7,26.2,-0.0202,3,-0.006406
20240726,20240729,dynamic,5459.1,5474.91,5515,5525,1.1500000000000001,0,0.1299,0.1299,75.97,1,0,115115.59,16.39,49.29,1.0,-0.004019,79.0,25.43,68.79,41.1,24.5,0.6369,4,-0.015266
20240729,20240730,dynamic,5463.56,5425.1,5510,5520,1.7500000000000002,0,0.2121,0.2121,125.27,1,0,115240.86,16.6,44.16,1.0,0.000478,70.59,12.99,70.61,41.1,26.1,0.3196,4,-0.014487
20240731,20240801,dynamic,5522.28,5463.76,5595,5605,0.8,0,0.087,0.087,50.17,1,0,115291.03,16.36,49.39,1.0,0.012124,74.73,16.69,76.22,45.2,47.1,1.2722,4,-0.003666
20240809,20240812,dynamic,5344.17,5361.19,5370,5380,2.5000000000000004,0,0.3333,0.3333,198.0,1,0,115489.03,20.37,74.93,1.0,0.016412,109.3,29.51,112.91,38.0,48.3,-0.0872,2,-0.018037
20240814,20240815,dynamic,5455.11,5543.0,5540,5550,1.25,3.0,-0.2,-0.2,-122.0,0,1,115367.03,16.19,82.86,1.0,0.01406,121.05,12.75,106.87,53.2,75.2,0.1461,1,0.008395
20240815,20240816,dynamic,5543.21,5545.85,5565,5575,1.35,0,0.1561,0.1561,91.64,1,0,115458.67,15.23,93.3,1.0,0.02193,133.52,42.08,107.02,54.7,94.9,0.8436,1,0.024693
20240821,20240822,dynamic,5620.78,5588.56,5670,5680,1.0,0,0.1111,0.1111,64.67,1,0,115523.34,16.27,71.05,1.0,0.006458,106.6,17.69,90.49,60.9,97.7,0.1072,1,0.035892
20240822,20240823,dynamic,5570.68,5603.99,5575,5565,4.912738432621154,0,0.9657,0.66,394.0,1,0,115917.34,17.55,11.83,1.0,-0.003493,26.41,67.09,86.04,65.0,86.2,0.3023,2,0.02504
20240823,20240826,dynamic,5634.61,5609.82,5675,5685,0.95,0,0.105,0.105,60.98,1,0,115978.32,15.86,87.27,1.0,0.005054,129.7,32.12,74.89,84.4,98.1,0.571,2,0.035132
20240826,20240827,dynamic,5616.88,5616.34,5565,5555,1.558312120914593,0,0.1846,0.1846,108.76,1,0,116087.08,16.15,29.5,1.0,0.001582,49.77,22.78,69.42,80.6,92.4,0.0896,2,0.030423
20240829,20240830,dynamic,5592.0,5589.16,5595,5585,4.802086570971369,5.8417,-0.2,-0.2,-122.0,0,1,115965.08,15.65,13.11,1.0,-0.003618,28.24,15.3,58.4,76.2,81.8,0.2698,3,0.022065
20240829,20240830,reentry,5592.0,5589.16,5575,5565,2.8836686412159906,5.8417,-0.2,-0.2,241.13,1,0,116206.21,15.65,13.11,1.0,-0.003618,28.24,15.3,58.4,76.2,81.8,0.2698,3,0.022065
20240830,20240903,dynamic,5648.21,5567.05,5640,5650,1.3,0,0.1494,0.1494,87.66,1,0,116293.87,15.0,95.46,1.0,0.00591,140.92,35.47,60.02,78.7,98.8,0.3709,2,0.0295
20240909,20240910,dynamic,5471.07,5448.89,5525,5535,1.05,0,0.1173,0.1173,68.39,1,0,116362.26,19.45,73.59,1.0,-0.002792,112.69,29.0,69.28,37.9,27.5,0.6203,3,-0.013064
20240913,20240916,dynamic,5626.03,5618.1,5645,5655,1.3499999999999999,0,0.1561,0.1561,91.64,1,0,116453.9,16.56,70.42,1.0,0.013971,103.66,22.69,75.41,49.3,89.7,0.1349,0,0.010384
20240916,20240917,dynamic,5633.1,5654.1,5690,5700,0.95,0,0.105,0.105,60.98,1,0,116514.88,17.14,90.64,1.0,0.00935,133.24,17.89,74.14,51.4,92.7,-0.1923,0,0.010938
20240920,20240923,dynamic,5702.63,5717.94,5745,5755,0.75,0,0.0811,0.0811,46.65,1,0,116561.53,16.15,69.23,1.0,0.007452,103.77,7.01,77.77,54.6,90.7,-0.07,2,0.020921
20240927,20240930,dynamic,5738.12,5738.63,5700,5690,2.367671269884113,0,0.3102,0.3102,184.13,1,0,116745.66,16.96,29.58,1.0,0.001162,50.0,17.24,57.5,87.3,91.9,0.1737,3,0.021825
20240930,20241001,dynamic,5762.4,5754.16,5750,5760,2.6999999999999993,4.16,-0.2,-0.2,-122.0,0,1,116623.66,16.73,95.55,1.0,0.003863,141.62,35.88,57.89,87.3,98.6,-0.2022,3,0.025107
20241002,20241003,dynamic,5709.55,5706.16,5725,5735,1.7000000000000002,0,0.2048,0.2048,120.89,1,0,116744.55,18.9,77.91,1.0,-0.004062,119.09,11.41,51.33,68.2,65.1,-0.1853,2,0.012379
20241003,20241004,dynamic,5699.98,5724.75,5775,5785,1.35,0,0.1561,0.1561,91.64,1,0,116836.19,20.49,54.6,1.0,-0.004154,86.48,1.79,51.39,62.7,58.6,-0.199,2,0.008924
20241007,20241008,dynamic,5695.95,5741.59,5685,5675,4.199261389892399,0,0.7239,0.66,394.0,1,0,117230.19,22.64,17.34,1.0,-0.002994,33.99,41.85,53.47,57.9,53.1,-0.2307,2,0.003173
20241009,20241010,dynamic,5792.04,5790.16,5805,5815,1.15,0,0.1299,0.1299,75.97,1,0,117306.16,20.86,90.81,1.0,0.009411,133.45,40.24,48.01,60.5,96.1,0.0113,1,0.015682
20241015,20241016,dynamic,5815.31,5821.86,5780,5770,2.9391688604671344,0,0.4163,0.4163,247.76,1,0,117553.92,20.64,16.44,1.0,0.000488,31.78,51.43,53.07,60.2,71.6,0.1157,2,0.012829
20241022,20241023,dynamic,5851.21,5815.02,5860,5870,0.85,0,0.0929,0.0929,53.74,1,0,117607.66,18.2,71.75,1.0,7.7e-05,109.32,18.51,47.36,67.1,86.4,-0.3637,1,0.012314
20241023,20241024,dynamic,5797.4,5799.22,5835,5845,1.5000000000000002,0,0.1765,0.1765,103.88,1,0,117711.54,19.24,48.3,1.0,-0.007591,78.6,37.1,50.74,60.6,57.7,-0.2856,1,0.002352
20241028,20241029,dynamic,5823.6,5836.27,5780,5770,2.483867779107186,0,0.3305,0.3305,196.28,1,0,117907.82,19.8,2.62,1.0,0.000955,12.31,10.33,47.27,61.1,58.9,0.4442,3,0.005182
20241029,20241030,dynamic,5833.09,5848.21,5850,5860,1.2000000000000002,0,0.1364,0.1364,79.82,1,0,117987.64,19.34,68.68,1.0,0.003211,104.17,13.41,46.79,57.0,60.9,-0.0673,2,0.00574
20241108,20241111,dynamic,5995.6,6009.57,6040,6050,0.7999999999999999,0,0.087,0.087,50.17,1,0,118037.81,14.94,52.79,1.0,0.019896,77.35,18.84,63.38,63.0,94.7,0.0611,1,0.02803
20241113,20241114,dynamic,5985.4,5969.71,6010,6020,1.0499999999999998,0,0.1173,0.1173,68.39,1,0,118106.2,14.02,46.1,1.0,-0.000418,73.55,0.35,60.46,67.5,90.1,0.0292,4,0.02231
20241118,20241119,dynamic,5893.63,5903.12,5900,5910,1.4000000000000001,3.12,-0.2,-0.2,-122.0,0,1,117984.2,15.58,65.64,1.0,-0.007232,102.78,19.46,63.84,54.9,61.4,0.0605,3,0.005319
20241119,20241120,dynamic,5916.97,5897.84,5925,5935,1.5000000000000002,0,0.1765,0.1765,103.88,1,0,118088.08,16.35,90.41,1.0,-0.001045,135.77,46.92,65.88,58.4,68.7,-0.4001,2,0.008735
20241205,20241206,dynamic,6075.1,6088.2,6060,6050,3.428247039407097,0,0.5217,0.5217,311.0,1,0,118399.08,13.54,10.16,1.0,0.00279,22.36,13.93,46.41,67.9,91.9,0.0417,1,0.015022
20241209,20241210,dynamic,6053.0,6052.77,6025,6015,2.655472524513243,0,0.3616,0.3616,214.93,1,0,118614.01,14.19,10.96,1.0,-0.002956,25.05,30.01,41.28,76.4,80.8,-0.1192,3,0.009857
20241210,20241211,dynamic,6034.9,6087.53,6040,6030,4.9446113218227765,0,0.9781,0.66,394.0,1,0,119008.01,14.18,14.11,1.0,-0.005447,30.14,22.69,38.95,69.9,72.8,0.0758,4,0.006556
20241212,20241213,dynamic,6051.28,6039.72,6045,6035,4.095819253918762,5.2767,-0.2,-0.2,-122.0,0,1,118886.01,13.92,0.04,1.0,-0.00189,9.47,23.01,35.69,64.8,68.7,-0.1634,3,0.007892
20241212,20241213,reentry,6051.28,6039.72,6020,6010,2.7892802396372645,5.2767,-0.2,-0.2,230.09,1,0,119116.1,13.92,0.04,1.0,-0.00189,9.47,23.01,35.69,64.8,68.7,-0.1634,3,0.007892
20241224,20241226,dynamic,6040.04,6043.04,6055,6065,0.8999999999999999,0,0.0989,0.0989,57.34,1,0,119173.44,14.27,99.9,1.0,0.017381,143.99,55.41,63.85,45.9,77.6,0.1769,1,0.00262
20241226,20241227,dynamic,6037.57,5945.45,6025,6035,1.3,0,0.1494,0.1494,87.66,1,0,119261.1,14.73,71.26,1.0,0.011326,105.56,12.6,65.33,46.6,76.7,-0.2495,0,0.002077
20241227,20241230,dynamic,5970.86,5919.08,5915,5925,2.5999999999999996,4.08,-0.2,-0.2,-122.0,0,1,119139.1,15.95,51.78,1.0,-0.003313,82.29,35.31,71.03,40.2,53.2,-0.5201,1,-0.008765
20241231,20250102,dynamic,5881.79,5860.1,5865,5855,3.6305997985300564,4.9045,-0.2,-0.2,-122.0,0,1,119017.1,17.35,21.24,1.0,-0.014353,42.57,37.95,77.13,38.1,19.0,0.2169,3,-0.021189
20241231,20250102,reentry,5881.79,5860.1,5850,5840,3.1410322489725786,4.9045,-0.2,-0.2,272.77,1,0,119289.87,17.35,21.24,1.0,-0.014353,42.57,37.95,77.13,38.1,19.0,0.2169,3,-0.021189
20250106,20250107,dynamic,5975.38,5959.84,5965,5955,3.945149888857486,5.1561,-0.2,-0.2,-122.0,0,1,119167.87,16.04,25.18,1.0,0.010203,41.36,7.43,86.52,44.4,57.0,0.6787,3,-0.002085
20250107,20250108,dynamic,5909.04,5916.55,5865,5855,2.2599249214856627,0,0.292,0.292,173.19,1,0,119341.06,17.82,16.69,1.0,-0.001084,32.56,84.22,91.94,38.6,33.0,0.2992,3,-0.011669
20250116,20250117,dynamic,5937.32,6000.93,5955,5945,5.760052114676455,0,1.3585,0.66,394.0,1,0,119735.06,16.6,19.43,1.0,0.009975,33.37,26.29,80.82,41.2,59.3,0.2304,1,0.001749
20250117,20250121,dynamic,5996.71,6033.79,6060,6070,0.8999999999999999,0,0.0989,0.0989,57.34,1,0,119792.4,15.97,50.03,1.0,0.014223,75.04,1.31,83.34,46.8,90.2,0.9782,2,0.012229
20250129,20250130,dynamic,6039.29,6058.29,6100,6110,1.0,0,0.1111,0.1111,64.67,1,0,119857.07,16.56,52.8,1.0,-0.004707,84.11,18.41,70.53,60.7,75.0,-0.165,2,0.012731
20250204,20250205,dynamic,6037.85,6048.28,6060,6070,1.5,0,0.1765,0.1765,103.88,1,0,119960.95,17.21,91.03,1.0,0.000193,136.29,39.71,72.1,65.2,59.5,0.0586,1,0.00789
20250207,20250210,dynamic,6025.99,6062.67,6020,6010,4.257776999339512,0,0.7415,0.66,394.0,1,0,120354.95,16.54,7.42,1.0,-0.002434,19.95,57.14,68.17,52.6,50.0,-0.0064,1,0.002827
20250210,20250211,dynamic,6066.46,6059.02,6085,6095,0.95,0,0.105,0.105,60.98,1,0,120415.93,15.81,75.75,1.0,0.001883,114.44,20.06,67.64,51.5,69.8,0.3387,1,0.007554
20250211,20250212,dynamic,6068.51,6058.08,6055,6065,1.35,3.08,-0.2,-0.2,-122.0,0,1,120293.93,16.02,77.11,1.0,0.001207,116.52,19.19,66.39,48.3,70.8,-0.2825,1,0.005954
20250219,20250220,dynamic,6144.1,6090.39,6150,6160,1.0499999999999998,0,0.1173,0.1173,68.39,1,0,120362.32,15.27,90.82,1.0,0.005408,134.57,26.34,56.48,62.9,98.5,-0.1927,1,0.01195
20250221,20250224,dynamic,6013.23,5985.3,5990,5980,3.3729627267823616,4.6984,-0.2,-0.2,-122.0,0,1,120240.32,18.21,4.39,1.0,-0.014842,19.12,100.87,57.86,47.1,40.0,-0.0575,1,-0.008999
20250221,20250224,reentry,6013.23,5985.3,5970,5960,3.0174210851696444,4.6984,-0.2,-0.2,257.28,1,0,120497.6,18.21,4.39,1.0,-0.014842,19.12,100.87,57.86,47.1,40.0,-0.0575,1,-0.008999
20250325,20250326,dynamic,5776.62,5727.45,5810,5820,1.0499999999999998,0,0.1173,0.1173,68.39,1,0,120565.99,17.15,61.06,1.0,0.011675,91.19,0.66,100.53,46.1,88.5,0.1456,1,0.008687
20250401,20250402,dynamic,5633.08,5648.76,5645,5655,2.1999999999999993,3.76,-0.2,-0.2,-122.0,0,1,120443.99,21.77,81.0,1.0,-0.002339,122.94,35.55,89.43,52.3,48.4,-0.2562,2,-0.006237
20250401,20250402,reentry,5633.08,5648.76,5665,5675,1.970623244926628,3.76,-0.2,-0.2,-293.38,0,1,120150.61,21.77,81.0,1.0,-0.002339,122.94,35.55,89.43,52.3,48.4,-0.2562,2,-0.006237
20250515,20250516,dynamic,5916.93,5958.0,5955,5965,1.25,3.0,-0.2,-0.2,-122.0,0,1,120028.61,17.83,87.67,1.0,0.013168,128.03,47.11,82.65,85.0,98.5,-0.3862,0,0.05833
20250516,20250519,dynamic,5958.38,5952.88,5950,5960,1.1,2.88,-0.2,-0.2,-122.0,0,1,119906.61,17.24,99.53,1.0,0.009943,145.52,29.29,80.24,85.9,100.0,0.2055,0,0.059342
20250520,20250521,dynamic,5940.46,5932.26,5945,5955,1.25,0,0.1429,0.1429,83.71,1,0,119990.32,18.09,71.23,1.0,0.001023,108.35,4.2,73.98,81.7,92.8,-0.3174,0,0.042641
20250521,20250522,dynamic,5844.55,5854.5,5810,5800,3.0039291349676205,0,0.4294,0.4294,255.62,1,0,120245.94,20.87,12.69,1.0,-0.013542,30.38,65.63,75.38,68.6,68.2,-0.5097,1,0.021605
20250523,20250527,dynamic,5802.83,5903.08,5900,5910,1.35,3.08,-0.2,-0.2,-122.0,0,1,120123.94,22.29,57.04,1.0,-0.012904,92.29,20.94,73.82,63.4,57.5,-1.0291,2,0.008716
20250603,20250604,dynamic,5970.38,5979.16,6020,6030,0.9499999999999997,0,0.105,0.105,60.98,1,0,120184.92,17.69,79.04,1.0,0.00787,117.41,31.82,68.86,58.9,94.9,0.0426,0,0.020626
20250604,20250605,dynamic,5970.81,5926.08,5930,5920,2.4062058499225714,3.925,-0.2,-0.2,-122.0,0,1,120062.92,17.61,19.29,1.0,0.005152,34.49,8.13,68.14,58.4,91.2,0.1434,1,0.017534
20250610,20250611,dynamic,6038.81,6047.05,6075,6085,1.2000000000000002,0,0.1364,0.1364,79.82,1,0,120142.74,16.95,90.17,1.0,0.007976,132.95,28.9,67.31,59.8,98.5,0.0671,2,0.018836
20250612,20250613,dynamic,6045.22,6019.83,6035,6045,2.0000000000000004,0,0.25,0.25,148.0,1,0,120290.74,18.02,99.49,1.0,0.003771,147.16,35.32,62.8,72.9,95.1,-0.2064,2,0.017442
20250617,20250618,dynamic,5982.72,6001.74,5955,5945,3.4116779522589695,0,0.5178,0.5178,308.7,1,0,120599.44,21.6,16.35,1.0,-0.004882,33.12,29.43,59.95,61.0,64.5,-0.3474,2,0.00562
20250620,20250623,dynamic,5967.83,5981.91,5945,5935,3.5679937287284247,0,0.5547,0.5547,330.83,1,0,120930.27,20.62,23.26,1.0,-0.003417,42.4,31.84,57.39,56.7,53.7,0.3147,3,0.00174
20250627,20250630,dynamic,6173.07,6188.65,6220,6230,1.2999999999999998,0,0.1494,0.1494,87.66,1,0,121017.93,16.32,73.59,1.0,0.011193,108.87,22.37,56.78,68.3,94.0,0.1576,1,0.026229
20250703,20250707,dynamic,6279.35,6241.98,6285,6295,0.8,0,0.087,0.087,50.17,1,0,121068.1,16.38,86.12,1.0,0.0101,126.7,32.89,56.98,72.7,98.4,0.3059,0,0.034261
20250710,20250711,dynamic,6280.38,6261.2,6275,6285,1.1,0,0.1236,0.1236,72.16,1,0,121140.26,15.78,74.63,1.0,0.003942,112.3,13.58,51.64,83.5,97.2,0.0551,2,0.025856
20250711,20250714,dynamic,6259.75,6260.71,6275,6285,0.9500000000000001,0,0.105,0.105,60.98,1,0,121201.24,16.4,69.57,1.0,0.001272,105.94,4.07,50.0,82.1,91.2,-0.3933,1,0.020508
20250715,20250716,dynamic,6243.68,6215.33,6220,6210,3.3318203603848815,4.6655,-0.2,-0.2,-122.0,0,1,121079.24,17.38,3.31,1.0,-0.003108,14.39,51.61,45.17,70.8,73.7,0.4264,1,0.013838
20250715,20250716,reentry,6243.68,6215.33,6210,6200,3.029464160468933,4.6655,-0.2,-0.2,258.77,1,0,121338.01,17.38,3.31,1.0,-0.003108,14.39,51.61,45.17,70.8,73.7,0.4264,1,0.013838
20250721,20250722,dynamic,6305.6,6296.9,6275,6265,2.90741855359056,0,0.4099,0.4099,243.95,1,0,121581.96,16.65,5.61,1.0,0.003844,15.69,0.86,45.06,66.0,80.7,0.1263,2,0.014021
20250724,20250725,dynamic,6363.39,6379.99,6340,6330,3.175935071906224,0,0.4654,0.4654,277.24,1,0,121859.2,15.39,13.6,1.0,0.005772,26.35,5.21,43.52,64.8,90.1,0.1511,2,0.016592
20250729,20250730,dynamic,6370.89,6345.29,6350,6340,3.3834827111393224,4.7068,-0.2,-0.2,-122.0,0,1,121737.2,15.98,15.37,1.0,-0.000542,30.57,34.73,40.39,72.6,81.5,0.2476,2,0.012692
20250729,20250730,reentry,6370.89,6345.29,6335,6325,2.9871916797342237,4.7068,-0.2,-0.2,253.58,1,0,121990.78,15.98,15.37,1.0,-0.000542,30.57,34.73,40.39,72.6,81.5,0.2476,2,0.012692
20250730,20250731,dynamic,6362.95,6396.84,6430,6440,1.6,0,0.1905,0.1905,112.29,1,0,122103.07,15.48,44.17,1.0,-0.001911,71.26,18.28,41.91,68.1,77.7,0.1623,2,0.010106
20250805,20250806,dynamic,6299.17,6344.4,6275,6265,3.361979421039223,0,0.5065,0.5065,301.88,1,0,122404.95,17.85,17.31,1.0,-0.002336,33.77,37.46,54.18,54.4,40.3,0.1058,3,-0.001955
20250806,20250807,dynamic,6345.09,6337.62,6410,6420,1.6,0,0.1905,0.1905,112.29,1,0,122517.24,16.77,85.03,1.0,0.005505,126.44,35.79,54.99,55.7,61.8,0.1608,2,0.00467
20250811,20250812,dynamic,6373.52,6428.56,6370,6360,4.4311627561464775,0,0.7957,0.66,394.0,1,0,122911.24,16.25,21.9,1.0,0.00379,38.53,16.15,60.25,56.8,75.0,0.0025,2,0.006825
20250814,20250815,dynamic,6468.54,6450.87,6495,6505,1.2000000000000002,0,0.1364,0.1364,79.82,1,0,122991.06,14.83,83.62,1.0,0.006182,124.28,15.08,62.78,58.2,95.6,-0.2029,1,0.017207
20250819,20250820,dynamic,6411.46,6356.56,6360,6350,1.8028888586777612,3.4423,-0.2,-0.2,-122.0,0,1,122869.06,15.57,19.98,1.0,-0.005837,38.47,34.78,61.53,54.7,74.0,-0.0453,2,0.005082
20250819,20250820,reentry,6411.46,6356.56,6360,6350,3.0854864772277324,3.4423,-0.2,-0.2,265.74,1,0,123134.8,15.57,19.98,1.0,-0.005837,38.47,34.78,61.53,54.7,74.0,-0.0453,2,0.005082
20250825,20250826,dynamic,6439.32,6443.48,6405,6395,2.5102069823137754,0,0.3352,0.3352,199.09,1,0,123333.89,14.79,4.37,1.0,0.003521,14.05,18.35,52.44,66.1,76.7,-0.1427,2,0.008096
20250912,20250915,dynamic,6584.29,6614.68,6575,6565,4.020096378792459,0,0.6723,0.66,394.0,1,0,123727.89,14.76,23.17,1.0,0.006414,39.58,6.37,47.57,64.9,93.4,0.0487,2,0.017263
20250916,20250917,dynamic,6606.79,6565.88,6570,6560,2.651766162786089,4.1214,-0.2,-0.2,-122.0,0,1,123605.89,16.36,24.85,1.0,0.003282,42.79,17.34,47.16,68.6,92.4,0.1333,2,0.018198
20250916,20250917,reentry,6606.79,6565.88,6575,6565,3.2475787056127956,4.1214,-0.2,-0.2,286.57,1,0,123892.46,16.36,24.85,1.0,0.003282,42.79,17.34,47.16,68.6,92.4,0.1333,2,0.018198
20250917,20250918,dynamic,6600.42,6648.92,6645,6655,2.4,3.92,-0.2,-0.2,-122.0,0,1,123770.46,15.72,67.27,1.0,0.000238,103.02,4.45,50.3,66.1,90.0,-0.0291,2,0.015737
20250918,20250919,dynamic,6631.94,6642.91,6675,6685,0.8,0,0.087,0.087,50.17,1,0,123820.63,15.7,44.64,1.0,0.003661,70.4,5.09,51.38,67.1,91.6,0.4004,2,0.018736
20250923,20250924,dynamic,6656.96,6627.92,6625,6615,2.93692491006982,0,0.4158,0.4158,247.49,1,0,124068.12,16.64,21.1,1.0,0.001122,38.13,35.48,47.89,79.0,83.3,-0.0199,2,0.01681
20250930,20251001,dynamic,6688.43,6707.88,6705,6715,1.1,2.88,-0.2,-0.2,-122.0,0,1,123946.12,16.28,94.39,1.0,0.006199,139.34,32.24,47.69,71.1,92.8,-0.0754,1,0.014557
20251001,20251002,dynamic,6711.2,6706.48,6750,6760,0.7500000000000001,0,0.0811,0.0811,46.65,1,0,123992.77,16.29,88.31,1.0,0.007405,130.51,46.28,47.8,68.3,95.6,-0.3515,1,0.015985
20251003,20251006,dynamic,6715.79,6741.89,6695,6685,3.5253762177735553,0,0.5445,0.5445,324.69,1,0,124317.46,16.65,22.39,1.0,0.002596,39.53,6.35,49.79,66.3,82.4,0.1007,1,0.013247
20251007,20251008,dynamic,6714.59,6751.51,6690,6680,3.3814496478885303,0,0.5109,0.5109,304.54,1,0,124622.0,17.24,26.83,1.0,-0.000723,46.66,31.55,48.94,66.6,78.5,0.0869,2,0.009662
20251008,20251009,dynamic,6753.72,6738.73,6780,6790,1.0,0,0.1111,0.1111,64.67,1,0,124686.67,16.3,94.89,1.0,0.00383,140.69,29.85,47.84,67.3,99.0,0.1382,2,0.013856
20251021,20251022,dynamic,6735.3,6710.21,6770,6780,1.0,0,0.1111,0.1111,64.67,1,0,124751.34,17.87,44.04,1.0,0.007236,68.58,1.45,80.57,52.1,86.3,0.0241,2,0.008216
20251028,20251029,dynamic,6890.91,6902.35,6945,6955,1.7000000000000002,0,0.2048,0.2048,120.89,1,0,124872.23,16.42,49.74,1.0,0.013499,74.84,6.83,88.98,59.6,94.3,0.329,1,0.025679
20251029,20251030,dynamic,6890.73,6855.72,6880,6890,2.0,0,0.25,0.25,148.0,1,0,125020.23,16.92,56.73,1.0,0.007802,86.18,20.22,90.41,61.2,92.0,0.2908,1,0.024284
20251111,20251112,dynamic,6846.64,6837.06,6895,6905,1.2499999999999998,0,0.1429,0.1429,83.71,1,0,125103.94,17.28,82.41,1.0,0.009096,121.78,31.0,72.18,62.3,74.5,-0.2463,1,0.010336
20251112,20251113,dynamic,6851.01,6774.48,6830,6840,2.8000000000000007,0,0.3889,0.3889,231.33,1,0,125335.27,17.51,53.09,1.0,0.008115,81.0,16.76,71.48,60.0,76.0,0.3086,1,0.009641
20251126,20251128,dynamic,6812.61,6840.28,6855,6865,2.6475650811105425,0,0.3601,0.3601,214.06,1,0,125549.33,17.19,60.42,1.0,0.019073,88.26,19.06,108.76,56.0,83.5,0.409,0,0.010089
20251128,20251201,dynamic,6849.09,6835.18,6845,6855,1.4500000000000002,0,0.1696,0.1696,99.75,1,0,125649.08,16.35,94.31,1.0,0.015113,136.79,26.57,104.45,57.6,94.0,0.1455,0,0.015297
20251202,20251203,dynamic,6829.37,6858.44,6855,6865,1.8000000000000003,3.44,-0.2,-0.2,-122.0,0,1,125527.08,16.59,50.54,1.0,0.002267,79.03,1.59,99.68,48.8,88.4,0.2686,2,0.012751
20251203,20251204,dynamic,6850.0,6858.07,6885,6895,1.65,0,0.1976,0.1976,116.56,1,0,125643.64,16.08,76.11,1.0,0.002819,114.68,34.71,100.51,49.9,96.4,-0.2062,2,0.015221
20251209,20251210,dynamic,6840.52,6846.17,6810,6800,3.087714065530008,0,0.4467,0.4467,266.02,1,0,125909.66,16.93,11.24,1.0,-0.001803,25.13,0.09,78.32,69.8,85.2,-0.0862,3,0.011295
20251210,20251211,dynamic,6886.8,6898.24,6895,6905,1.5500000000000003,3.24,-0.2,-0.2,-122.0,0,1,125787.66,15.77,81.75,1.0,0.003872,122.28,53.31,77.58,71.0,96.3,-0.1028,3,0.017835
20251210,20251211,reentry,6886.8,6898.24,6920,6930,0.321638053497864,3.24,-0.2,-0.2,17.94,1,0,125805.6,15.77,81.75,1.0,0.003872,122.28,53.31,77.58,71.0,96.3,-0.1028,3,0.017835
20251212,20251215,dynamic,6827.38,6805.08,6810,6800,3.6539982627200516,4.9232,-0.2,-0.2,-122.0,0,1,125683.6,15.74,26.1,1.0,-0.004819,46.76,59.47,62.92,72.3,72.1,-0.2049,2,0.008011
20251212,20251215,reentry,6827.38,6805.08,6810,6800,3.1272736091918887,4.9232,-0.2,-0.2,271.02,1,0,125954.62,15.74,26.1,1.0,-0.004819,46.76,59.47,62.92,72.3,72.1,-0.2049,2,0.008011
20251230,20251231,dynamic,6896.26,6846.4,6850,6840,2.0017980115735554,3.6014,-0.2,-0.2,-122.0,0,1,125832.62,14.33,14.11,1.0,-0.002675,29.38,4.18,58.82,55.7,78.0,-0.0769,3,0.005954
20251231,20260102,dynamic,6845.5,6839.32,6845,6835,4.6028459230042245,5.6823,-0.2,-0.2,-122.0,0,1,125710.62,14.95,1.67,1.0,-0.008172,13.48,53.32,57.45,45.8,55.5,0.0371,4,-0.001568
20251231,20260102,reentry,6845.5,6839.32,6820,6810,3.1197729970583623,5.6823,-0.2,-0.2,270.06,1,0,125980.68,14.95,1.67,1.0,-0.008172,13.48,53.32,57.45,45.8,55.5,0.0371,4,-0.001568
20260107,20260108,dynamic,6920.93,6923.64,6870,6860,1.9754504325492235,0,0.2462,0.2462,145.71,1,0,126126.39,15.38,3.74,1.0,0.003854,13.08,24.14,52.93,62.1,81.7,0.0036,3,0.007945
20260108,20260109,dynamic,6921.35,6974.0,6970,6980,2.5,4.0,-0.2,-0.2,-122.0,0,1,126004.39,15.45,68.92,1.0,0.001711,104.92,7.24,48.66,73.7,78.6,-0.0985,2,0.007414
20260113,20260114,dynamic,6963.66,6891.5,6950,6960,3.000000000000001,0,0.4286,0.4286,255.14,1,0,126259.53,15.98,52.89,1.0,0.001979,82.4,13.75,45.29,62.8,86.0,0.0013,1,0.011422
20260115,20260116,dynamic,6944.49,6949.98,6930,6920,3.8418817500355544,0,0.6239,0.6239,372.32,1,0,126631.85,15.84,15.84,1.0,-0.001619,31.52,24.97,49.27,51.9,74.2,0.6131,2,0.006775
20260130,20260202,dynamic,6939.14,6982.96,6980,6990,1.2,2.96,-0.2,-0.2,-122.0,0,1,126509.85,17.44,64.67,1.0,-0.003425,100.37,8.13,68.33,47.0,70.4,-0.3104,1,0.001443
20260210,20260211,dynamic,6941.81,6943.9,6950,6940,5.121287123369257,6.097,-0.2,-0.2,-122.0,0,1,126387.85,17.79,8.68,1.0,0.005487,19.55,32.68,78.52,56.0,72.8,0.1396,2,0.002388
20260210,20260211,reentry,6941.81,6943.9,6920,6910,3.4533974063838286,6.097,-0.2,-0.2,314.51,1,0,126702.36,17.79,8.68,1.0,0.005487,19.55,32.68,78.52,56.0,72.8,0.1396,2,0.002388
20260225,20260226,dynamic,6946.2,6881.43,6960,6970,3.1999999999999993,0,0.4706,0.4706,280.35,1,0,126982.71,17.93,83.11,1.0,0.008288,122.98,31.05,87.1,54.7,78.3,0.3634,1,0.00611
