date,actual_range,pred_range_ensemble,pred_range_sim,pred_range_naive,pred_bucket,actual_bucket,danger_prob,action,is_danger,pred_danger
2023-06-01,0.014532527856601547,0.01056057747920646,0.010059650057283666,0.006989219087798328,NORMAL,VOLATILE,0.1582108779338498,TRADE,False,False
2023-06-02,0.011709474865656967,0.008421310587807556,0.00818721919527048,0.014532527856601547,NORMAL,NORMAL,0.0,TRADE,False,False
2023-06-05,0.00757881760172217,0.009721985677014837,0.0087544804104521,0.011709474865656967,NORMAL,NORMAL,0.09700831871680443,TRADE,False,False
2023-06-06,0.005909152631258523,0.009767022576525985,0.009609619099670542,0.00757881760172217,NORMAL,CALM,0.10594175525071936,TRADE,False,False
2023-06-07,0.008220801919042616,0.008402346885828194,0.007032779752596723,0.005909152631258523,NORMAL,NORMAL,0.0,TRADE,False,False
2023-06-08,0.00865370874905428,0.009878838129804085,0.009173483901462533,0.008220801919042616,NORMAL,NORMAL,0.10513245038028843,TRADE,False,False
2023-06-09,0.007182546319525764,0.008413867756281394,0.007963441386041603,0.00865370874905428,NORMAL,NORMAL,0.0,TRADE,False,False
2023-06-12,0.008300219110929602,0.009864365910345988,0.008086792069896936,0.007182546319525764,NORMAL,NORMAL,0.10288201366517201,TRADE,False,False
2023-06-13,0.00598721227033883,0.009244297693728745,0.008340134771654264,0.008300219110929602,NORMAL,CALM,0.04912081432996693,TRADE,False,False
2023-06-14,0.012360608205135102,0.014052985595102353,0.014083080278585437,0.00598721227033883,VOLATILE,VOLATILE,0.4103877455783162,SKIP,False,True
2023-06-15,0.017547356099080588,0.009176633825451164,0.009005359442894068,0.012360608205135102,NORMAL,VOLATILE,0.05439119345420717,TRADE,True,False
2023-06-16,0.00923901417489516,0.009138202530632914,0.009479132499259297,0.017547356099080588,NORMAL,NORMAL,0.04705559305038033,TRADE,False,False
2023-06-20,0.007497537595738059,0.01056297254506779,0.010331550136220034,0.00923901417489516,NORMAL,NORMAL,0.15311071298546355,TRADE,False,False
2023-06-21,0.005954324305195633,0.010513403032219803,0.008740003480047186,0.007497537595738059,NORMAL,CALM,0.14860599117452336,TRADE,False,False
2023-06-22,0.006986729117876726,0.010492711446726765,0.00890404769323448,0.005954324305195633,NORMAL,CALM,0.1526569690713594,TRADE,False,False
2023-06-23,0.005789852026907547,0.008438323486392774,0.006778216377923623,0.006986729117876726,NORMAL,CALM,0.0,TRADE,False,False
2023-06-26,0.007820771305732886,0.011124700890201858,0.009852873501560642,0.005789852026907547,NORMAL,NORMAL,0.20338562660909576,TRADE,False,False
2023-06-27,0.011394027703487854,0.009762993919528578,0.009477925469717466,0.007820771305732886,NORMAL,NORMAL,0.10291112821613256,TRADE,False,False
2023-06-28,0.0068987150484948094,0.00843231404611344,0.008162530586532938,0.011394027703487854,NORMAL,CALM,0.0,TRADE,False,False
2023-06-29,0.006038939962605219,0.009020971331611097,0.007693876830504561,0.0068987150484948094,NORMAL,CALM,0.049003070717963795,TRADE,False,False
2023-06-30,0.008149347419071817,0.008340760750706685,0.006330701839516737,0.006038939962605219,NORMAL,NORMAL,0.0,TRADE,False,False
2023-07-03,0.003183926228182145,0.008316317491081377,0.006161106852892959,0.008149347419071817,NORMAL,CALM,0.0,TRADE,False,False
2023-07-05,0.003928375251010961,0.008260428357335307,0.006595503902917177,0.003183926228182145,NORMAL,CALM,0.0,TRADE,False,False
2023-07-06,0.008494964523291558,0.008197340428226079,0.007621008261833101,0.003928375251010961,NORMAL,NORMAL,0.0,TRADE,False,False
2023-07-07,0.00976038360419038,0.008919310638437993,0.007590288131547927,0.008494964523291558,NORMAL,NORMAL,0.04987439364798197,TRADE,False,False
2023-07-10,0.005161313813796795,0.01025080057010976,0.009627303659608585,0.00976038360419038,NORMAL,CALM,0.1481336847938443,TRADE,False,False
2023-07-11,0.007967297392170917,0.009460560220652052,0.008962885307982,0.005161313813796795,NORMAL,NORMAL,0.09896901673850093,TRADE,False,False
2023-07-12,0.005620354142745039,0.008091794756852209,0.006802549181058363,0.007967297392170917,NORMAL,CALM,0.0,TRADE,False,False
2023-07-13,0.006238450406323152,0.008833343824378625,0.007320519585538567,0.005620354142745039,NORMAL,CALM,0.05232413255679772,TRADE,False,False
2023-07-14,0.0062463867310797215,0.00804935932597157,0.006730849238351941,0.006238450406323152,NORMAL,CALM,0.0,TRADE,False,False
2023-07-17,0.006198906153662063,0.008743476618929413,0.008313035488243194,0.0062463867310797215,NORMAL,CALM,0.04977797957981939,TRADE,False,False
2023-07-18,0.010551154633794664,0.007929541017807192,0.006537502243452709,0.006198906153662063,NORMAL,NORMAL,0.0,TRADE,False,False
2023-07-19,0.004590402443540401,0.00866027885189546,0.007766515101473314,0.010551154633794664,NORMAL,CALM,0.049261327548957456,TRADE,False,False
2023-07-20,0.00816357001392053,0.007841797900523105,0.006932581471476189,0.004590402443540401,NORMAL,NORMAL,0.0,TRADE,False,False
2023-07-21,0.004221829562037387,0.00926420476489781,0.008512687706001653,0.00816357001392053,NORMAL,CALM,0.09891684288017552,TRADE,False,False
2023-07-24,0.0048686113232630016,0.008527377561319185,0.007886631469829196,0.004221829562037387,NORMAL,CALM,0.05215294871169395,TRADE,False,False
2023-07-25,0.006190740671629465,0.007714715940165885,0.006865979647854896,0.0048686113232630016,NORMAL,CALM,0.0,TRADE,False,False
2023-07-26,0.007653061224489868,0.010527637503487005,0.010245151838903071,0.006190740671629465,NORMAL,NORMAL,0.19572644438267578,TRADE,False,False
2023-07-27,0.017073849673572027,0.008369450460177811,0.007624587427897787,0.007653061224489868,NORMAL,VOLATILE,0.04898445037476155,TRADE,True,False
2023-07-28,0.0057274270382740265,0.009904072868570339,0.010365414442192746,0.017073849673572027,NORMAL,CALM,0.14939959889958881,TRADE,False,False
2023-07-31,0.004597781374186975,0.00917097963467578,0.009022720242625907,0.0057274270382740265,NORMAL,CALM,0.0990487134599995,TRADE,False,False
2023-08-01,0.0037323945199974986,0.008285057266480307,0.007736394887320169,0.004597781374186975,NORMAL,CALM,0.048895901467815174,TRADE,False,False
2023-08-02,0.009927641163454567,0.007528666541827023,0.006482449449426405,0.0037323945199974986,NORMAL,NORMAL,0.0,TRADE,False,False
2023-08-03,0.007554063285027338,0.008155275634925699,0.009683937652331899,0.009927641163454567,NORMAL,NORMAL,0.0502212079758796,TRADE,False,False
2023-08-04,0.01457478577568254,0.008164004973593254,0.00820679999028817,0.007554063285027338,NORMAL,VOLATILE,0.05019937895082412,TRADE,False,False
2023-08-07,0.00638750729142095,0.009676363692722786,0.011355751296253649,0.01457478577568254,NORMAL,CALM,0.14511130362828983,TRADE,False,False
2023-08-08,0.008652676838527105,0.00837359598037147,0.008405376330077487,0.00638750729142095,NORMAL,NORMAL,0.051956135777240335,TRADE,False,False
2023-08-09,0.009132369373351892,0.00831362453494251,0.008021306278649781,0.008652676838527105,NORMAL,NORMAL,0.04816382998001696,TRADE,False,False
2023-08-10,0.015477495787981669,0.009815212234661117,0.010101516687020385,0.009132369373351892,NORMAL,VOLATILE,0.1486480567458925,TRADE,True,False
2023-08-11,0.007246067463696641,0.008380813050130777,0.009507024046125807,0.015477495787981669,NORMAL,NORMAL,0.04913161064673693,TRADE,False,False
2023-08-14,0.00827476991474011,0.009207733139924533,0.009227289054475458,0.007246067463696641,NORMAL,NORMAL,0.10166748417126753,TRADE,False,False
2023-08-15,0.010422271689064495,0.007659226861719943,0.006726987844227815,0.00827476991474011,NORMAL,NORMAL,0.0,TRADE,False,False
2023-08-16,0.010465087430843508,0.011260558792272023,0.010462672215503054,0.010422271689064495,NORMAL,NORMAL,0.2461826104771854,TRADE,False,False
2023-08-17,0.012757227737120532,0.009078925947248965,0.00953838555193595,0.010465087430843508,NORMAL,VOLATILE,0.10184029363769723,TRADE,False,False
2023-08-18,0.010704553405387332,0.012020350654211323,0.012191776867980068,0.012757227737120532,VOLATILE,NORMAL,0.2986732603212343,REDUCE,False,True
2023-08-21,0.010786981654140831,0.009870186865062048,0.011634114531808997,0.010704553405387332,NORMAL,NORMAL,0.15095653759495897,TRADE,False,False
2023-08-22,0.008112643902041231,0.009144463129503344,0.008122698464473136,0.010786981654140831,NORMAL,NORMAL,0.09899953675141322,TRADE,False,False
2023-08-23,0.010631328984360231,0.009871310842313656,0.009556497768389186,0.008112643902041231,NORMAL,NORMAL,0.14714438713423403,TRADE,False,False
2023-08-24,0.018573968162759587,0.008502599731036151,0.007354857719706202,0.010631328984360231,NORMAL,DANGER,0.05465032971131911,TRADE,True,False
2023-08-25,0.014163731552064317,0.011345311688348507,0.012782586043701236,0.018573968162759587,NORMAL,VOLATILE,0.24425043320850562,TRADE,False,False
2023-08-28,0.005553509578561564,0.007809344012916822,0.006931685783686833,0.014163731552064317,NORMAL,CALM,0.0,TRADE,False,False
2023-08-29,0.015444137386498231,0.008522079900162358,0.007428891912261574,0.005553509578561564,NORMAL,VOLATILE,0.050446446680166825,TRADE,True,False
2023-08-30,0.00623508446028511,0.007772563124393916,0.007082478956028392,0.015444137386498231,NORMAL,CALM,0.0,TRADE,False,False
2023-08-31,0.005505854536518602,0.007739566684264952,0.005700979880759495,0.00623508446028511,NORMAL,CALM,0.0,TRADE,False,False
2023-09-01,0.008806780558866294,0.0077296723445474886,0.0065882025572767105,0.005505854536518602,NORMAL,NORMAL,0.0,TRADE,False,False
2023-09-05,0.0040531611552839086,0.007739757642088171,0.006771752819594681,0.008806780558866294,NORMAL,CALM,0.0,TRADE,False,False
2023-09-06,0.01068290890465114,0.009223124456403204,0.008848150770964349,0.0040531611552839086,NORMAL,NORMAL,0.09814522486395488,TRADE,False,False
2023-09-07,0.0061674803531362515,0.01004558000905206,0.008730253760820737,0.01068290890465114,NORMAL,CALM,0.14959940944048386,TRADE,False,False
2023-09-08,0.005650034821288081,0.007846778449821097,0.007696468385009192,0.0061674803531362515,NORMAL,CALM,0.0,TRADE,False,False
2023-09-11,0.0051060259139742,0.00990226169290279,0.008556374641244445,0.005650034821288081,NORMAL,CALM,0.148625912736957,TRADE,False,False
2023-09-12,0.006769097327011278,0.008427447341505512,0.007145741255578555,0.0051060259139742,NORMAL,CALM,0.051595122210154325,TRADE,False,False
2023-09-13,0.005797004022273737,0.009122058878184456,0.008581072677591964,0.006769097327011278,NORMAL,CALM,0.09777989532282033,TRADE,False,False
2023-09-14,0.007420149829091485,0.00986553535282692,0.008555122082377312,0.005797004022273737,NORMAL,NORMAL,0.14905490735096022,TRADE,False,False
2023-09-15,0.01128728896082231,0.009142455932108877,0.008775857986066447,0.007420149829091485,NORMAL,NORMAL,0.10359345683963717,TRADE,False,False
2023-09-18,0.005455408503238376,0.009097789958932836,0.008188489676129455,0.01128728896082231,NORMAL,CALM,0.09780511689666478,TRADE,False,False
2023-09-19,0.0074773755401640555,0.008402332672087022,0.0077582043744790895,0.005455408503238376,NORMAL,NORMAL,0.048276325484359756,TRADE,False,False
2023-09-20,0.013396035312532901,0.007724050446758015,0.008402555718297209,0.0074773755401640555,NORMAL,VOLATILE,0.0,TRADE,False,False
2023-09-21,0.010636984610320081,0.012220264981434347,0.01101453279703509,0.013396035312532901,VOLATILE,NORMAL,0.2975320100120782,REDUCE,False,True
2023-09-22,0.009422489600943367,0.013222917701559443,0.013926801973810332,0.010636984610320081,VOLATILE,NORMAL,0.35279589129304106,REDUCE,False,True
2023-09-25,0.008307389656244439,0.009315804739873415,0.011061784765133174,0.009422489600943367,NORMAL,NORMAL,0.1009308522289312,TRADE,False,False
2023-09-26,0.010904546382000115,0.010715474655497298,0.009267031859320676,0.008307389656244439,NORMAL,NORMAL,0.19964540249065646,TRADE,False,False
2023-09-27,0.01247831355965834,0.010692029453434428,0.011675472720178338,0.010904546382000115,NORMAL,VOLATILE,0.19978780661136486,TRADE,False,False
2023-09-28,0.012387432225123916,0.01291000907970463,0.012581378831884513,0.01247831355965834,VOLATILE,VOLATILE,0.34706679105664123,REDUCE,False,True
2023-09-29,0.013467554491726305,0.010706702271927847,0.01043447857013296,0.012387432225123916,NORMAL,VOLATILE,0.20330060268020292,TRADE,False,False
2023-10-02,0.00942229234546691,0.01267159607648954,0.013026022761724682,0.013467554491726305,VOLATILE,NORMAL,0.338621840444222,REDUCE,False,True
2023-10-03,0.015153112008899777,0.011349650490030054,0.011379733869272428,0.00942229234546691,NORMAL,VOLATILE,0.24984630206067662,TRADE,True,False
2023-10-04,0.011341976413790927,0.012952082020496244,0.01438832826081563,0.015153112008899777,VOLATILE,NORMAL,0.35088553077822177,REDUCE,False,True
2023-10-05,0.009677623840481264,0.013525944442378406,0.013198073311774548,0.011341976413790927,VOLATILE,NORMAL,0.39585591013641813,REDUCE,False,True
2023-10-06,0.024688355266731098,0.012852165847829184,0.012770971381689939,0.009677623840481264,VOLATILE,DANGER,0.35193417465609944,REDUCE,True,True
2023-10-09,0.013508913458085902,0.009937319549564411,0.010518515455152836,0.024688355266731098,NORMAL,VOLATILE,0.1591165604240666,TRADE,False,False
2023-10-10,0.010558211878564367,0.009193612966841047,0.008466756110245027,0.013508913458085902,NORMAL,NORMAL,0.10119274894456207,TRADE,False,False
2023-10-11,0.007626088091623024,0.008444205053224555,0.008417130331753783,0.010558211878564367,NORMAL,NORMAL,0.0498238900363375,TRADE,False,False
2023-10-12,0.0137915607152803,0.010547003031303829,0.00990408651380537,0.007626088091623024,NORMAL,VOLATILE,0.1962983847948977,TRADE,False,False
2023-10-13,0.014936394762973912,0.009117062417445662,0.008648232848100155,0.0137915607152803,NORMAL,VOLATILE,0.09522224985904806,TRADE,False,False
2023-10-16,0.009432637016191627,0.013009381377535323,0.012942685464228562,0.014936394762973912,VOLATILE,NORMAL,0.34528019822209643,REDUCE,False,True
2023-10-17,0.012894599365280953,0.010105433256117492,0.008908262648993708,0.009432637016191627,NORMAL,VOLATILE,0.15550498742004637,TRADE,False,False
2023-10-18,0.013852456194705421,0.00874417273720431,0.008551361310363523,0.012894599365280953,NORMAL,VOLATILE,0.048917129253518356,TRADE,False,False
2023-10-19,0.016163892848547766,0.011350071151894306,0.011398730280071774,0.013852456194705421,NORMAL,VOLATILE,0.24839132889207305,TRADE,True,False
2023-10-20,0.012525006726955942,0.014169701220220716,0.014831168591019074,0.016163892848547766,VOLATILE,VOLATILE,0.44984120268335787,SKIP,False,True
2023-10-23,0.015822724681740428,0.014088373208495687,0.014812575961946638,0.012525006726955942,VOLATILE,VOLATILE,0.44708266174390504,SKIP,True,True
2023-10-24,0.009431534613377862,0.01334934595491474,0.013716911622598887,0.015822724681740428,VOLATILE,NORMAL,0.39747355995856287,REDUCE,False,True
2023-10-25,0.012049843824573175,0.009297306963142073,0.011641505782065761,0.009431534613377862,NORMAL,VOLATILE,0.09866033703563028,TRADE,False,False
2023-10-26,0.013338154545389412,0.012500740204506625,0.012135210776212685,0.012049843824573175,VOLATILE,VOLATILE,0.3466458302938317,REDUCE,False,True
2023-10-27,0.012742810497648664,0.013204142188341908,0.014615106138567573,0.013338154545389412,VOLATILE,VOLATILE,0.3949136273856875,REDUCE,False,True
2023-10-30,0.010757623707841169,0.013956747702457407,0.014938382663253121,0.012742810497648664,VOLATILE,NORMAL,0.4477827384498584,SKIP,False,True
2023-10-31,0.010171815703864304,0.013253257109384652,0.0126003907678386,0.010757623707841169,VOLATILE,NORMAL,0.4000970609779274,SKIP,False,True
2023-11-01,0.011401314364466111,0.015585009901476198,0.018240753673181592,0.010171815703864304,VOLATILE,NORMAL,0.5994604216139768,SKIP,False,True
2023-11-02,0.012056435174989348,0.008571135628947502,0.009057772022205627,0.011401314364466111,NORMAL,VOLATILE,0.04624518776847671,TRADE,False,False
2023-11-03,0.009088119458358308,0.009350375120709208,0.009134577678352783,0.012056435174989348,NORMAL,NORMAL,0.10474027450830314,TRADE,False,False
2023-11-06,0.0056550121784399885,0.008112758107162294,0.006325724573225823,0.009088119458358308,NORMAL,CALM,0.0,TRADE,False,False
2023-11-07,0.007065624420263882,0.008135803417134714,0.006243105295141986,0.0056550121784399885,NORMAL,NORMAL,0.0,TRADE,False,False
2023-11-08,0.00717092763612551,0.008842737992154806,0.0072186498773334894,0.007065624420263882,NORMAL,NORMAL,0.051737362126797366,TRADE,False,False
2023-11-09,0.011262897338212565,0.009971042054555053,0.008498290104803352,0.00717092763612551,NORMAL,NORMAL,0.14593339187137816,TRADE,False,False
2023-11-10,0.014823046870524525,0.00893741845010396,0.007829920507970814,0.011262897338212565,NORMAL,VOLATILE,0.04958758545148981,TRADE,False,False
2023-11-13,0.00634040293555675,0.009428384689169522,0.008133490829809097,0.014823046870524525,NORMAL,CALM,0.0972819539064313,TRADE,False,False
2023-11-14,0.011146071850673994,0.008416667190704016,0.00712451496091679,0.00634040293555675,NORMAL,NORMAL,0.0,TRADE,False,False
2023-11-15,0.0057399063325416005,0.009391882356905227,0.00945131162389242,0.011146071850673994,NORMAL,CALM,0.09841279606333789,TRADE,False,False
2023-11-16,0.005372374963309493,0.008946435148320693,0.007691138581827016,0.0057399063325416005,NORMAL,CALM,0.05005781742853658,TRADE,False,False
2023-11-17,0.0045370380636648965,0.00886036329879405,0.008618907570896553,0.005372374963309493,NORMAL,CALM,0.04896377328240286,TRADE,False,False
2023-11-20,0.010361947824545073,0.008855589722587258,0.007823375828844657,0.0045370380636648965,NORMAL,NORMAL,0.05075901430797972,TRADE,False,False
2023-11-21,0.0036639882611368517,0.008816958762065166,0.0077209269326410585,0.010361947824545073,NORMAL,CALM,0.05114484346798012,TRADE,False,False
2023-11-22,0.0051350306608332254,0.008152801024763198,0.007305888148323175,0.0036639882611368517,NORMAL,CALM,0.0,TRADE,False,False
2023-11-24,0.0016484336587764756,0.00871272116506883,0.006525162995113263,0.0051350306608332254,NORMAL,CALM,0.04890911750547619,TRADE,False,False
2023-11-27,0.003117549167263259,0.008071861447638837,0.006471773910963371,0.0016484336587764756,NORMAL,CALM,0.0,TRADE,False,False
2023-11-28,0.00607847235208063,0.009828747360023317,0.009019472159743774,0.003117549167263259,NORMAL,CALM,0.14773449319959486,TRADE,False,False
2023-11-29,0.008856390424861913,0.008160121693857882,0.006655253671333721,0.00607847235208063,NORMAL,NORMAL,0.0,TRADE,False,False
2023-11-30,0.0071681518901748125,0.008243098381950987,0.006864771264218628,0.008856390424861913,NORMAL,NORMAL,0.0,TRADE,False,False
2023-12-01,0.009799470547853633,0.008819835219848924,0.008434093082950804,0.0071681518901748125,NORMAL,NORMAL,0.052307831005216625,TRADE,False,False
2023-12-04,0.005619614536069521,0.008712792150800546,0.008198269182410487,0.009799470547853633,NORMAL,CALM,0.05086907186315032,TRADE,False,False
2023-12-05,0.005898293927258788,0.008689793428206883,0.00730607682220463,0.005619614536069521,NORMAL,CALM,0.04916231603454136,TRADE,False,False
2023-12-06,0.009646267195496036,0.008054868421526803,0.00678913398975397,0.005898293927258788,NORMAL,NORMAL,0.0,TRADE,False,False
2023-12-07,0.005625060190332736,0.008687649879554449,0.007404027834961444,0.009646267195496036,NORMAL,CALM,0.04879351532205341,TRADE,False,False
2023-12-08,0.007685415847209292,0.008031388420679504,0.006926518525079386,0.005625060190332736,NORMAL,NORMAL,0.0,TRADE,False,False
2023-12-11,0.0066007893951960765,0.008543455029022803,0.007806416481728878,0.007685415847209292,NORMAL,CALM,0.049851537920019603,TRADE,False,False
2023-12-12,0.0077604313275447985,0.0085664661153572,0.00731014322956526,0.0066007893951960765,NORMAL,NORMAL,0.05068601490059099,TRADE,False,False
2023-12-13,0.014304162541431716,0.007849039295545757,0.008978849593605901,0.0077604313275447985,NORMAL,VOLATILE,0.0,TRADE,False,False
2023-12-14,0.009368698422381416,0.008019137875763884,0.006760751964298252,0.014304162541431716,NORMAL,NORMAL,0.0,TRADE,False,False
2023-12-15,0.004420658304749693,0.009271478519139318,0.0091980952769909,0.009368698422381416,NORMAL,CALM,0.1015803882298327,TRADE,False,False
2023-12-18,0.005066044802966093,0.008124721156256724,0.0067247094955642005,0.004420658304749693,NORMAL,CALM,0.0,TRADE,False,False
2023-12-19,0.0052638014048045296,0.008715334619424513,0.006361038222156036,0.005066044802966093,NORMAL,CALM,0.04970512287203086,TRADE,False,False
2023-12-20,0.01682991481154242,0.008063703945463756,0.007116460348321626,0.0052638014048045296,NORMAL,VOLATILE,0.0,TRADE,True,False
2023-12-21,0.008543082664273293,0.009447684694873138,0.009766258830081583,0.01682991481154242,NORMAL,NORMAL,0.09731125226718533,TRADE,False,False
2023-12-22,0.007608457862143066,0.008244998442964807,0.006492122871244172,0.008543082664273293,NORMAL,NORMAL,0.0,TRADE,False,False
2023-12-26,0.005520229634828602,0.008143387543242061,0.006314298591449948,0.007608457862143066,NORMAL,CALM,0.0,TRADE,False,False
2023-12-27,0.003454524505336956,0.008500740980397273,0.0072493712573922005,0.005520229634828602,NORMAL,CALM,0.04934269760234435,TRADE,False,False
2023-12-28,0.002573938041634413,0.008380572472643358,0.006921619322980812,0.003454524505336956,NORMAL,CALM,0.04977421470232603,TRADE,False,False
2023-12-29,0.007618840531228153,0.007824311417016065,0.006548925304735721,0.002573938041634413,NORMAL,NORMAL,0.0,TRADE,False,False
2024-01-02,0.0066720053949253675,0.009065551106195804,0.008717477534108606,0.007618840531228153,NORMAL,CALM,0.10065664791171795,TRADE,False,False
2024-01-03,0.006260224716247575,0.009242153410032728,0.008377258155727518,0.0066720053949253675,NORMAL,CALM,0.09905810333104105,TRADE,False,False
2024-01-04,0.008355650548599018,0.008109955220610088,0.006899206491193114,0.006260224716247575,NORMAL,NORMAL,0.0,TRADE,False,False
2024-01-05,0.008395568129246576,0.008767136980878668,0.00848516588111551,0.008355650548599018,NORMAL,NORMAL,0.04867022500259884,TRADE,False,False
2024-01-08,0.013759380912898411,0.007896935771492749,0.00697427144181895,0.008395568129246576,NORMAL,VOLATILE,0.0,TRADE,False,False
2024-01-09,0.007406267068472096,0.009624761009397484,0.007164045284753396,0.013759380912898411,NORMAL,NORMAL,0.1484578423808201,TRADE,False,False
2024-01-10,0.0072689991890654854,0.008935840144965013,0.007047261472442656,0.007406267068472096,NORMAL,NORMAL,0.09946777847688013,TRADE,False,False
2024-01-11,0.01229515893767491,0.007827031831648625,0.0065189186517711105,0.0072689991890654854,NORMAL,VOLATILE,0.0,TRADE,False,False
2024-01-12,0.00697531714525442,0.009091974281377141,0.007496022979774971,0.01229515893767491,NORMAL,CALM,0.10236400583752414,TRADE,False,False
2024-01-16,0.007380011943801325,0.008533042548794605,0.007017279318204529,0.00697531714525442,NORMAL,NORMAL,0.04919508592718217,TRADE,False,False
2024-01-17,0.0062057803858513805,0.008144280319397058,0.0063961253856738886,0.007380011943801325,NORMAL,CALM,0.0,TRADE,False,False
2024-01-18,0.009499800424360886,0.008359561162849867,0.007232661658177428,0.0062057803858513805,NORMAL,NORMAL,0.0,TRADE,False,False
2024-01-19,0.01171741432943861,0.00877619790855286,0.007104965004426023,0.009499800424360886,NORMAL,NORMAL,0.047956916571645004,TRADE,False,False
2024-01-22,0.005019141141710314,0.009014549597607993,0.006750636327540003,0.01171741432943861,NORMAL,CALM,0.09929781631722746,TRADE,False,False
2024-01-23,0.004552380168011792,0.008206542827652308,0.007960765276574602,0.005019141141710314,NORMAL,CALM,0.04914085849780413,TRADE,False,False
2024-01-24,0.007720064804359707,0.008175864542684722,0.007263702766498928,0.004552380168011792,NORMAL,NORMAL,0.05017284231853773,TRADE,False,False
2024-01-25,0.005895642422431577,0.007819441046866035,0.006542486093613927,0.007720064804359707,NORMAL,CALM,0.0,TRADE,False,False
2024-01-26,0.0051586140878026685,0.00848903550817823,0.007290431985422168,0.005895642422431577,NORMAL,CALM,0.05017517030294107,TRADE,False,False
2024-01-29,0.008565384890505885,0.008551133415869801,0.006486611204926568,0.0051586140878026685,NORMAL,NORMAL,0.049005432341144795,TRADE,False,False
2024-01-30,0.003008593370944075,0.009058891658231701,0.0074083162568074745,0.008565384890505885,NORMAL,CALM,0.09793590493004942,TRADE,False,False
2024-01-31,0.012573507049124522,0.0077401131693384286,0.009098558099108414,0.003008593370944075,NORMAL,VOLATILE,0.0,TRADE,False,False
2024-02-01,0.010995431084669926,0.008573461542603923,0.009198974806734294,0.012573507049124522,NORMAL,NORMAL,0.04758731538078526,TRADE,False,False
2024-02-02,0.01368982477837947,0.007858567922209344,0.006113517072244016,0.010995431084669926,NORMAL,VOLATILE,0.0,TRADE,False,False
2024-02-05,0.007887533058042854,0.008605316984246183,0.007829272880984872,0.01368982477837947,NORMAL,NORMAL,0.05067900204115528,TRADE,False,False
2024-02-06,0.004624092958611505,0.007778001754074736,0.00635060612353256,0.007887533058042854,NORMAL,CALM,0.0,TRADE,False,False
2024-02-07,0.0062014256844391555,0.007712411898635547,0.007141819338872535,0.004624092958611505,NORMAL,CALM,0.0,TRADE,False,False
2024-02-08,0.002664579312774664,0.007667208267221579,0.007159100089652037,0.0062014256844391555,NORMAL,CALM,0.0,TRADE,False,False
2024-02-09,0.005939046834939711,0.008199892850549576,0.0074314245110164295,0.002664579312774664,NORMAL,CALM,0.049977857568933255,TRADE,False,False
2024-02-12,0.00627831058539883,0.008327529503865519,0.0074742911000827495,0.005939046834939711,NORMAL,CALM,0.04923916203702931,TRADE,False,False
2024-02-13,0.010263811559720887,0.008027355507832257,0.00782264223204323,0.00627831058539883,NORMAL,NORMAL,0.0,TRADE,False,False
2024-02-14,0.009257621914461065,0.008507649519085947,0.007595215819779503,0.010263811559720887,NORMAL,NORMAL,0.0,TRADE,False,False
2024-02-15,0.0066518226553725565,0.009765752037471749,0.009089487970062163,0.009257621914461065,NORMAL,CALM,0.149363090154003,TRADE,False,False
2024-02-16,0.007787514932033038,0.007820071218701428,0.007035912575763411,0.0066518226553725565,NORMAL,NORMAL,0.0,TRADE,False,False
2024-02-20,0.007754563748166003,0.008031288339690766,0.008225306481090546,0.007787514932033038,NORMAL,NORMAL,0.049387810330804895,TRADE,False,False
2024-02-21,0.00749743604209526,0.008001505337165619,0.007896020540010882,0.007754563748166003,NORMAL,NORMAL,0.0,TRADE,False,False
2024-02-22,0.011026369216663471,0.008057123713649242,0.006483905462596026,0.00749743604209526,NORMAL,NORMAL,0.0,TRADE,False,False
2024-02-23,0.00580287477553076,0.009462592756363351,0.00810963380473125,0.011026369216663471,NORMAL,CALM,0.14897921295797809,TRADE,False,False
2024-02-26,0.005645002945218928,0.0074394152439904125,0.006522867474388977,0.00580287477553076,NORMAL,CALM,0.0,TRADE,False,False
2024-02-27,0.004611200882828131,0.007439986143256055,0.006459694158222277,0.005645002945218928,NORMAL,CALM,0.0,TRADE,False,False
2024-02-28,0.0037535522576569954,0.008032511647239882,0.006007507102350346,0.004611200882828131,NORMAL,CALM,0.048592179036017286,TRADE,False,False
2024-02-29,0.008475309515943701,0.007742139035637721,0.006482333090513349,0.0037535522576569954,NORMAL,NORMAL,0.0,TRADE,False,False
2024-03-01,0.009055586828308676,0.008204662782573355,0.007888207595228675,0.008475309515943701,NORMAL,NORMAL,0.04961369902627024,TRADE,False,False
2024-03-04,0.0043831697196836834,0.007649306227012612,0.0069656885928600755,0.009055586828308676,NORMAL,CALM,0.0,TRADE,False,False
2024-03-05,0.011294349694356005,0.007623478573428782,0.007026448189432429,0.0043831697196836834,NORMAL,NORMAL,0.0,TRADE,False,False
2024-03-06,0.006998784267124508,0.007981893512726417,0.007225229966378355,0.011294349694356005,NORMAL,CALM,0.0,TRADE,False,False
2024-03-07,0.00728901601206455,0.008052934348633614,0.006411113156106012,0.006998784267124508,NORMAL,NORMAL,0.0,TRADE,False,False
2024-03-08,0.013894966753542523,0.007917236231646854,0.006716325112046912,0.00728901601206455,NORMAL,VOLATILE,0.0,TRADE,False,False
2024-03-11,0.006557171808856002,0.008390151802568633,0.007438043656630308,0.013894966753542523,NORMAL,CALM,0.05274265704914165,TRADE,False,False
2024-03-12,0.012735913366963428,0.007870360651806229,0.0072581818829318655,0.006557171808856002,NORMAL,VOLATILE,0.0,TRADE,False,False
2024-03-13,0.005269170327960471,0.008157654099859335,0.006919793235142689,0.012735913366963428,NORMAL,CALM,0.05074069636632138,TRADE,False,False
2024-03-14,0.010347546153340813,0.007604800054088496,0.006607475869953141,0.005269170327960471,NORMAL,NORMAL,0.0,TRADE,False,False
2024-03-15,0.006345507103805803,0.008134291493915634,0.008634136220020459,0.010347546153340813,NORMAL,CALM,0.04818604827243801,TRADE,False,False
2024-03-18,0.005845071652081491,0.007850762977621497,0.006401156959218937,0.006345507103805803,NORMAL,CALM,0.0,TRADE,False,False
2024-03-19,0.009480277636702268,0.00839998195431265,0.008327203060472792,0.005845071652081491,NORMAL,NORMAL,0.05192804108402924,TRADE,False,False
2024-03-20,0.010544822249111664,0.008187886295750022,0.011247979380016577,0.009480277636702268,NORMAL,NORMAL,0.04882820404111542,TRADE,False,False
2024-03-21,0.0038907913496516577,0.00806761089066465,0.006930439749035618,0.010544822249111664,NORMAL,CALM,0.05014902686516939,TRADE,False,False
2024-03-22,0.0030939555324961195,0.007549365400563038,0.007363484916716871,0.0038907913496516577,NORMAL,CALM,0.0,TRADE,False,False
2024-03-25,0.002490650481270308,0.0077233221930519125,0.006578797332571364,0.0030939555324961195,NORMAL,CALM,0.0,TRADE,False,False
2024-03-26,0.006070168392667562,0.007979447248096233,0.006340513394483417,0.002490650481270308,NORMAL,CALM,0.0,TRADE,False,False
2024-03-27,0.006761941025312341,0.008056395818849819,0.00764222982350245,0.006070168392667562,NORMAL,CALM,0.0,TRADE,False,False
2024-03-28,0.003626122564086077,0.008213521305899616,0.006909253842943774,0.006761941025312341,NORMAL,CALM,0.05009409548047165,TRADE,False,False
2024-04-01,0.006609014505598168,0.007863366919772949,0.006886156628742047,0.003626122564086077,NORMAL,CALM,0.0,TRADE,False,False
2024-04-02,0.0046673033209140855,0.008385263891648124,0.007828176383694695,0.006609014505598168,NORMAL,CALM,0.04946794499730995,TRADE,False,False
2024-04-03,0.006618704481967998,0.008405491020449941,0.0065919593502219535,0.0046673033209140855,NORMAL,CALM,0.0,TRADE,False,False
2024-04-04,0.021077220850296955,0.008221347303223712,0.006580521752092557,0.006618704481967998,NORMAL,DANGER,0.0,TRADE,True,False
2024-04-05,0.012593647932234322,0.010228677486949778,0.011409494456627324,0.021077220850296955,NORMAL,VOLATILE,0.20227563108024496,TRADE,False,False
2024-04-08,0.004263754060832247,0.009059210515195306,0.008800684657884196,0.012593647932234322,NORMAL,CALM,0.09560194686551271,TRADE,False,False
2024-04-09,0.012273266590378177,0.008173769481203772,0.00610990489464157,0.004263754060832247,NORMAL,VOLATILE,0.0,TRADE,False,False
2024-04-10,0.0076878720094120745,0.009418180656523148,0.012555808230925369,0.012273266590378177,NORMAL,NORMAL,0.25048072946370736,REDUCE,False,True
2024-04-11,0.0141138035357,0.00823100995330906,0.008448857365520682,0.0076878720094120745,NORMAL,VOLATILE,0.047388421618910714,TRADE,False,False
2024-04-12,0.01297300014889271,0.008268588363352296,0.008573021197440609,0.0141138035357,NORMAL,VOLATILE,0.04924589295079329,TRADE,False,False
2024-04-15,0.022517947751991882,0.010431719444676642,0.011810644725610822,0.01297300014889271,NORMAL,DANGER,0.24615589145092645,TRADE,True,False
2024-04-16,0.007899948465719875,0.012398732885318176,0.014987356349005639,0.022517947751991882,VOLATILE,NORMAL,0.4489524053988889,SKIP,False,True
2024-04-17,0.013949579500371878,0.011612240539482463,0.012464726540067705,0.007899948465719875,NORMAL,VOLATILE,0.3533382481346565,REDUCE,False,True
2024-04-18,0.010885378573472732,0.010813542133802668,0.012650790438534305,0.013949579500371878,NORMAL,NORMAL,0.34773083119353704,REDUCE,False,True
2024-04-19,0.013077771384733419,0.009228103350002142,0.012418164254427606,0.010885378573472732,NORMAL,VOLATILE,0.20346589944585727,TRADE,False,False
2024-04-22,0.01392328159556326,0.010350646692813771,0.013324280188059177,0.013077771384733419,NORMAL,VOLATILE,0.2996631265092404,REDUCE,False,True
2024-04-23,0.009576742197520279,0.007721862488420239,0.007254316935475787,0.01392328159556326,NORMAL,NORMAL,0.0,TRADE,False,False
2024-04-24,0.008350279063730197,0.008257280920360181,0.008396472713948853,0.009576742197520279,NORMAL,NORMAL,0.10003099762043882,TRADE,False,False
2024-04-25,0.013380797947361306,0.007424129585740605,0.007637136031997729,0.008350279063730197,NORMAL,VOLATILE,0.0,TRADE,False,False
2024-04-26,0.008157886973537917,0.007695489762828256,0.008708888169207438,0.013380797947361306,NORMAL,NORMAL,0.0,TRADE,False,False
2024-04-29,0.006812497922422806,0.008673028549513843,0.008942306430398547,0.008157886973537917,NORMAL,CALM,0.10094350117161918,TRADE,False,False
2024-04-30,0.014796876040895088,0.00810102241848877,0.006657497118132079,0.006812497922422806,NORMAL,VOLATILE,0.048160687346130326,TRADE,False,False
2024-05-01,0.016438557733797588,0.011946091109846525,0.01656556276532498,0.014796876040895088,NORMAL,VOLATILE,0.5076277944138485,SKIP,True,True
2024-05-02,0.012310568551804967,0.01010771476465503,0.01314099760385429,0.016438557733797588,NORMAL,VOLATILE,0.2482094296384785,TRADE,False,False
2024-05-03,0.007398326689805074,0.009220444622354763,0.009812040847220548,0.012310568551804967,NORMAL,NORMAL,0.14972636431263792,TRADE,False,False
2024-05-06,0.007502304362537468,0.007871537185028957,0.006725614521317385,0.007398326689805074,NORMAL,NORMAL,0.04939492879330421,TRADE,False,False
2024-05-07,0.004100478099938219,0.007523620958135515,0.006434564014629489,0.007502304362537468,NORMAL,CALM,0.0,TRADE,False,False
2024-05-08,0.005047417478883677,0.007993522790150418,0.007156957505211657,0.004100478099938219,NORMAL,CALM,0.047970583667661125,TRADE,False,False
2024-05-09,0.0067238000165734885,0.008268597198018285,0.006989119498307787,0.005047417478883677,NORMAL,CALM,0.05113455258496006,TRADE,False,False
2024-05-10,0.005737261003274251,0.008576451179722958,0.007229101499268586,0.0067238000165734885,NORMAL,CALM,0.09918326505954328,TRADE,False,False
2024-05-13,0.004987502579742783,0.008190473390444998,0.00713354871233436,0.005737261003274251,NORMAL,CALM,0.051317728066701616,TRADE,False,False
2024-05-14,0.0062036735553811125,0.008581826514926512,0.00777898183140253,0.004987502579742783,NORMAL,CALM,0.049363541496863145,TRADE,False,False
2024-05-15,0.00921482123246809,0.008222663638078966,0.006657508158428134,0.0062036735553811125,NORMAL,NORMAL,0.0,TRADE,False,False
2024-05-16,0.005517818032530679,0.00796255716918916,0.006904689070173006,0.00921482123246809,NORMAL,CALM,0.0,TRADE,False,False
2024-05-17,0.004122117252173195,0.007625217811257632,0.006702928251459155,0.005517818032530679,NORMAL,CALM,0.0,TRADE,False,False
2024-05-20,0.004320167378212572,0.007508333228268418,0.00650375027322572,0.004122117252173195,NORMAL,CALM,0.0,TRADE,False,False
2024-05-21,0.004991799859965354,0.00782363161936411,0.00633884280533783,0.004320167378212572,NORMAL,CALM,0.0,TRADE,False,False
2024-05-22,0.006987787820908107,0.00811505395276047,0.007015694115523532,0.004991799859965354,NORMAL,CALM,0.04916289210625548,TRADE,False,False
2024-05-23,0.015907465179597964,0.0080222789005678,0.007721831982855746,0.006987787820908107,NORMAL,VOLATILE,0.0,TRADE,True,False
2024-05-24,0.0062975129935906446,0.008190338212965569,0.007143038718190778,0.015907465179597964,NORMAL,CALM,0.0,TRADE,False,False
2024-05-28,0.006587771425776495,0.008780108586788536,0.007675658990905014,0.0062975129935906446,NORMAL,CALM,0.09961653423749034,TRADE,False,False
2024-05-29,0.0037073311194170985,0.00818433947509987,0.005903002036958462,0.006587771425776495,NORMAL,CALM,0.0,TRADE,False,False
2024-05-30,0.007245563969527122,0.008414474434022648,0.0072354667188962414,0.0037073311194170985,NORMAL,NORMAL,0.0,TRADE,False,False
2024-05-31,0.016907581424356385,0.009219708326969327,0.008274790906685805,0.007245563969527122,NORMAL,VOLATILE,0.0495277359137364,TRADE,True,False
2024-06-03,0.012797447684132027,0.007938605732754374,0.006021886593425664,0.016907581424356385,NORMAL,VOLATILE,0.0,TRADE,False,False
2024-06-04,0.007799948467671056,0.00793305436334992,0.007092175966514437,0.012797447684132027,NORMAL,NORMAL,0.048040216796912456,TRADE,False,False
2024-06-05,0.01063509506104069,0.00785401955558635,0.007509394201173301,0.007799948467671056,NORMAL,NORMAL,0.0488210509246658,TRADE,False,False
2024-06-06,0.005037515398111294,0.008223991699248197,0.005383816149448853,0.01063509506104069,NORMAL,CALM,0.04931122398015079,TRADE,False,False
2024-06-07,0.008187042578235378,0.008124721079479523,0.006889975238692015,0.005037515398111294,NORMAL,NORMAL,0.04896483549883056,TRADE,False,False
2024-06-10,0.006416137137208264,0.007568411671236629,0.006475206347702413,0.008187042578235378,NORMAL,CALM,0.0,TRADE,False,False
2024-06-11,0.00909770222305246,0.00795920195665004,0.006183658355330876,0.006416137137208264,NORMAL,NORMAL,0.0,TRADE,False,False
2024-06-12,0.007047344027597763,0.010343850952831095,0.012568736870217135,0.00909770222305246,NORMAL,NORMAL,0.28393578246881673,REDUCE,False,True
2024-06-13,0.007243753594772456,0.007853398166929745,0.007456564093966963,0.007047344027597763,NORMAL,NORMAL,0.0,TRADE,False,False
2024-06-14,0.0052801581097624535,0.00800786778683567,0.007791293236606488,0.007243753594772456,NORMAL,CALM,0.04900791425675243,TRADE,False,False
2024-06-17,0.012538873269000328,0.00784893182226471,0.005960807889978134,0.0052801581097624535,NORMAL,VOLATILE,0.0,TRADE,False,False
2024-06-18,0.0034805474649161183,0.00861770327074314,0.007803779886648659,0.012538873269000328,NORMAL,CALM,0.050854112885200274,TRADE,False,False
2024-06-20,0.009085471064492727,0.008029344190706743,0.006204572619506562,0.0034805474649161183,NORMAL,NORMAL,0.0,TRADE,False,False
2024-06-21,0.004807226204870637,0.008133748179615118,0.006609852637849794,0.009085471064492727,NORMAL,CALM,0.0,TRADE,False,False
2024-06-24,0.007888885225603381,0.008049565179069193,0.007276070477775368,0.004807226204870637,NORMAL,NORMAL,0.0,TRADE,False,False
2024-06-25,0.004819868405872422,0.00869914132147713,0.007832221900918803,0.007888885225603381,NORMAL,CALM,0.050891940744895024,TRADE,False,False
2024-06-26,0.005726361590342728,0.0077148215013742825,0.005861115937016975,0.004819868405872422,NORMAL,CALM,0.0,TRADE,False,False
2024-06-27,0.004251323171812363,0.007631786766444398,0.008020028357127437,0.005726361590342728,NORMAL,CALM,0.0,TRADE,False,False
2024-06-28,0.013213130046934751,0.007452280133002528,0.006983119584195882,0.004251323171812363,NORMAL,VOLATILE,0.0,TRADE,False,False
2024-07-01,0.0060353714440294125,0.007735764732649388,0.006635275779482737,0.013213130046934751,NORMAL,CALM,0.0,TRADE,False,False
2024-07-02,0.009385115638685737,0.007755311790299526,0.006477717949648919,0.0060353714440294125,NORMAL,NORMAL,0.0,TRADE,False,False
2024-07-03,0.005783086152550071,0.008211777388019939,0.008045276090603837,0.009385115638685737,NORMAL,CALM,0.04991428916208786,TRADE,False,False
2024-07-05,0.006988195907842457,0.008179586802513943,0.007735299934359478,0.005783086152550071,NORMAL,CALM,0.050988826305467534,TRADE,False,False
2024-07-08,0.0036965591494324086,0.008010841400030354,0.006675901273984873,0.006988195907842457,NORMAL,CALM,0.0,TRADE,False,False
2024-07-09,0.002897439938111595,0.008012039128832011,0.006290251046112909,0.0036965591494324086,NORMAL,CALM,0.0,TRADE,False,False
2024-07-10,0.008754735068660861,0.008001641894055717,0.006387407730297502,0.002897439938111595,NORMAL,NORMAL,0.0,TRADE,False,False
2024-07-11,0.01169787816248198,0.008005292677671307,0.006606091585452508,0.008754735068660861,NORMAL,NORMAL,0.0,TRADE,False,False
2024-07-12,0.011647790282537759,0.008540736461781273,0.008063536247868004,0.01169787816248198,NORMAL,NORMAL,0.0531007416958412,TRADE,False,False
2024-07-15,0.00925656597187728,0.00790713377616157,0.006999948899135575,0.011647790282537759,NORMAL,NORMAL,0.0,TRADE,False,False
2024-07-16,0.005430459117413017,0.00803664194765459,0.008066820041661262,0.00925656597187728,NORMAL,CALM,0.0,TRADE,False,False
2024-07-17,0.006716493733589667,0.008022673146345041,0.007575429945661981,0.005430459117413017,NORMAL,CALM,0.0,TRADE,False,False
2024-07-18,0.016267990357596206,0.00904619393026992,0.0076164131511923085,0.006716493733589667,NORMAL,VOLATILE,0.048044863720232325,TRADE,True,False
2024-07-19,0.010906722805802254,0.009811746250975684,0.00980200477637521,0.016267990357596206,NORMAL,NORMAL,0.09904055886282541,TRADE,False,False
2024-07-22,0.007452376572267439,0.010031710381568429,0.010698448211172041,0.010906722805802254,NORMAL,NORMAL,0.09919142286003632,TRADE,False,False
2024-07-23,0.006188345641744471,0.008525642423029764,0.007012760624187367,0.007452376572267439,NORMAL,CALM,0.052383965424713574,TRADE,False,False
2024-07-24,0.015993926449006945,0.008013289502700085,0.007996185909699275,0.006188345641744471,NORMAL,VOLATILE,0.05043649491458575,TRADE,True,False
2024-07-25,0.01853850829848773,0.010438987672762207,0.011229241190623723,0.015993926449006945,NORMAL,DANGER,0.24739098161481962,TRADE,True,False
2024-07-26,0.010604250902244688,0.013361340053752235,0.01887550004824748,0.01853850829848773,VOLATILE,NORMAL,0.5037632397536242,SKIP,False,True
2024-07-29,0.007906437446932865,0.010523151530341487,0.011276878346622547,0.010604250902244688,NORMAL,NORMAL,0.23989378656722785,TRADE,False,False
2024-07-30,0.016018310812907412,0.00926711659569164,0.011084668466123333,0.007906437446932865,NORMAL,VOLATILE,0.2010403808705576,TRADE,True,False
2024-07-31,0.010491155353013976,0.013273102433928943,0.019242706297806222,0.016018310812907412,VOLATILE,NORMAL,0.6492197754316201,SKIP,False,True
2024-08-01,0.0281228782341129,0.008445118656772515,0.009269594886956422,0.010491155353013976,NORMAL,DANGER,0.04817731900944704,TRADE,True,False
2024-08-02,0.015225150326505744,0.013059658341891385,0.017237000511171927,0.0281228782341129,VOLATILE,VOLATILE,0.5537056542376084,SKIP,True,True
2024-08-05,0.025553566783275177,0.016869353273735142,0.025553884364249033,0.015225150326505744,VOLATILE,DANGER,0.8998774567388181,SKIP,True,True
2024-08-06,0.022814141002838753,0.022070260486106844,0.022346851935501136,0.025553566783275177,DANGER,DANGER,0.7572390007833689,SKIP,True,True
2024-08-07,0.02552365046768176,0.01621810127597788,0.021174450165997928,0.022814141002838753,VOLATILE,DANGER,0.6043283615517913,SKIP,True,True
2024-08-08,0.017930270324812307,0.016053814611608173,0.021118181160068347,0.02552365046768176,VOLATILE,VOLATILE,0.7009835441599601,SKIP,True,True
2024-08-09,0.01088122288161424,0.012116770352584783,0.018652805746010838,0.017930270324812307,VOLATILE,NORMAL,0.6418652953729019,SKIP,False,True
2024-08-12,0.008750196192739734,0.00935471122183942,0.014208850268103744,0.01088122288161424,NORMAL,NORMAL,0.2995268795942395,REDUCE,False,True
2024-08-13,0.011069410710101292,0.010712285604342073,0.015119900548885915,0.008750196192739734,NORMAL,NORMAL,0.44466498112512964,SKIP,False,True
2024-08-14,0.008692919983242639,0.009454651482136221,0.011798690169363454,0.011069410710101292,NORMAL,NORMAL,0.30110572681190156,REDUCE,False,True
2024-08-15,0.008198315618790948,0.007720490107310506,0.011250912355514552,0.008692919983242639,NORMAL,NORMAL,0.10147296532375794,TRADE,False,False
2024-08-16,0.00665581773799828,0.0072834675745344635,0.008203100442884035,0.008198315618790948,NORMAL,CALM,0.09681517359556249,TRADE,False,False
2024-08-19,0.01035767819579186,0.006854030534390815,0.0069108855433654085,0.00665581773799828,CALM,NORMAL,0.0,TRADE,False,False
2024-08-20,0.006248572162887696,0.007920171396517356,0.00678398307747902,0.01035767819579186,NORMAL,CALM,0.049512523618439705,TRADE,False,False
2024-08-21,0.007337022964114548,0.0092595091752967,0.008878355230683423,0.006248572162887696,NORMAL,NORMAL,0.09951123031720482,TRADE,False,False
2024-08-22,0.014592649221234714,0.00959393383908477,0.008966841456915769,0.007337022964114548,NORMAL,VOLATILE,0.09875238414042489,TRADE,False,False
2024-08-23,0.010113360309433815,0.013756698206245959,0.01616465603232088,0.014592649221234714,VOLATILE,NORMAL,0.4596604970577927,SKIP,False,True
2024-08-26,0.008738115418305313,0.00948732679158403,0.010249208560878863,0.010113360309433815,NORMAL,NORMAL,0.1526802220812999,TRADE,False,False
2024-08-27,0.006728670382606249,0.008402219340071624,0.008167046714396813,0.008738115418305313,NORMAL,CALM,0.048053372666536545,TRADE,False,False
2024-08-28,0.011748578987325104,0.00719020337094106,0.006519765791056106,0.006728670382606249,NORMAL,NORMAL,0.0,TRADE,False,False
2024-08-29,0.01127815526189071,0.011441199948900999,0.011784885482475575,0.011748578987325104,NORMAL,NORMAL,0.31109081677131895,REDUCE,False,True
2024-08-30,0.012396797286173942,0.007779746010589056,0.008950072459893774,0.01127815526189071,NORMAL,VOLATILE,0.0,TRADE,False,False
2024-09-03,0.021259306280883943,0.008751670514048442,0.009367052260059495,0.012396797286173942,NORMAL,DANGER,0.09836532710511327,TRADE,True,False
2024-09-04,0.008958210754937626,0.012646428480746449,0.01551830745846612,0.021259306280883943,VOLATILE,NORMAL,0.3460062619451834,REDUCE,False,True
2024-09-05,0.011912870827959054,0.01505032241185506,0.015608051858812687,0.008958210754937626,VOLATILE,NORMAL,0.5104967863919146,SKIP,False,True
2024-09-06,0.021761906404737026,0.013280038765659129,0.014734378802749621,0.011912870827959054,VOLATILE,DANGER,0.3546692972630214,REDUCE,True,True
2024-09-09,0.009134391876620485,0.012744199551534907,0.015143777530692213,0.021761906404737026,VOLATILE,NORMAL,0.44574636002327367,SKIP,False,True
2024-09-10,0.010234021976100507,0.010626392871576136,0.014187529038949626,0.009134391876620485,NORMAL,NORMAL,0.3389199884003544,REDUCE,False,True
2024-09-11,0.02791817219208136,0.01149694518980201,0.014606834223709541,0.010234021976100507,NORMAL,DANGER,0.4036029660746389,SKIP,True,True
2024-09-12,0.011733735434045654,0.010794154408751611,0.014611226103246111,0.02791817219208136,NORMAL,NORMAL,0.4023043370314019,SKIP,False,True
2024-09-13,0.006178457848354874,0.008875260931856066,0.010603815672226319,0.011733735434045654,NORMAL,CALM,0.1509876350475812,TRADE,False,False
2024-09-16,0.005613325236277973,0.008281893570531766,0.009026154444288798,0.006178457848354874,NORMAL,CALM,0.09827805109044847,TRADE,False,False
2024-09-17,0.010036230154309728,0.00938491314937173,0.010869541061571814,0.005613325236277973,NORMAL,NORMAL,0.1485250668311084,TRADE,False,False
2024-09-18,0.013235419236823085,0.016058594605206016,0.0220881786812476,0.010036230154309728,VOLATILE,VOLATILE,0.7901818213446283,SKIP,False,True
2024-09-19,0.008268114887341391,0.01024663945027066,0.011752115176461065,0.013235419236823085,NORMAL,NORMAL,0.15337149708342945,TRADE,False,False
2024-09-20,0.00711953818454413,0.008334742316668664,0.008291846754844226,0.008268114887341391,NORMAL,NORMAL,0.0505164980731723,TRADE,False,False
2024-09-23,0.003701045186365206,0.008127730688205966,0.00872816617922442,0.00711953818454413,NORMAL,CALM,0.05452497273992196,TRADE,False,False
2024-09-24,0.0063429044321764785,0.008253869783780524,0.008446083104493293,0.003701045186365206,NORMAL,CALM,0.09943555500342241,TRADE,False,False
2024-09-25,0.005052627907179431,0.008203243378445618,0.007885200126624357,0.0063429044321764785,NORMAL,CALM,0.049649729844290474,TRADE,False,False
2024-09-26,0.008045510237373732,0.008300885146162682,0.007745275597029591,0.005052627907179431,NORMAL,NORMAL,0.053018248320284324,TRADE,False,False
2024-09-27,0.006331489255233314,0.008348478428471752,0.00919434028195688,0.008045510237373732,NORMAL,CALM,0.04904971938416359,TRADE,False,False
2024-09-30,0.010758715589922078,0.009711995181695007,0.009489147160764691,0.006331489255233314,NORMAL,NORMAL,0.10100194257505357,TRADE,False,False
2024-10-01,0.013277802189404475,0.009629696226430447,0.009640920017978926,0.010758715589922078,NORMAL,VOLATILE,0.10271505532183631,TRADE,False,False
2024-10-02,0.008007876254356703,0.010215518348415465,0.010476221238588214,0.013277802189404475,NORMAL,NORMAL,0.04841987040140558,TRADE,False,False
2024-10-03,0.007267219941770958,0.010292124035701586,0.010010852742483003,0.008007876254356703,NORMAL,NORMAL,0.15265898210954196,TRADE,False,False
2024-10-04,0.008780858495367324,0.010942165134598444,0.009882450629403046,0.007267219941770958,NORMAL,NORMAL,0.15015110829119457,TRADE,False,False
2024-10-07,0.00914810554567949,0.010006898579533737,0.011258576260142702,0.008780858495367324,NORMAL,NORMAL,0.20469936002522937,TRADE,False,False
2024-10-08,0.007525606996856164,0.01178677803692644,0.011792208535958085,0.00914810554567949,NORMAL,NORMAL,0.2547938635595354,REDUCE,False,True
2024-10-09,0.009002399248930724,0.009292548317900488,0.010473863542333399,0.007525606996856164,NORMAL,NORMAL,0.10579407110765936,TRADE,False,False
2024-10-10,0.005238510580856771,0.010912815543945617,0.011990005492779796,0.009002399248930724,NORMAL,CALM,0.25431869094185466,REDUCE,False,True
2024-10-11,0.008145327605284067,0.009320646409280497,0.00982405175742181,0.005238510580856771,NORMAL,NORMAL,0.1983481860016808,TRADE,False,False
2024-10-14,0.007176906279964552,0.009109680038452415,0.009672370763483045,0.008145327605284067,NORMAL,NORMAL,0.15437464981057367,TRADE,False,False
2024-10-15,0.011229405086981887,0.008529696508999741,0.00852611556177852,0.007176906279964552,NORMAL,NORMAL,0.10209018342960861,TRADE,False,False
2024-10-16,0.006563994649777066,0.00963687795655639,0.009629168783453872,0.011229405086981887,NORMAL,CALM,0.19564893740255135,TRADE,False,False
2024-10-17,0.006503143498047872,0.009041263465871752,0.010182341939279102,0.006563994649777066,NORMAL,CALM,0.15174098772152517,TRADE,False,False
2024-10-18,0.004447531585836916,0.008172755186120663,0.007415934847953249,0.006503143498047872,NORMAL,CALM,0.04916789850386255,TRADE,False,False
2024-10-21,0.007192095352878735,0.007049866033107284,0.006648467687083979,0.004447531585836916,NORMAL,NORMAL,0.0,TRADE,False,False
2024-10-22,0.00717849366502647,0.007899429892868563,0.008499139151483613,0.007192095352878735,NORMAL,NORMAL,0.0483753431806156,TRADE,False,False
2024-10-23,0.012415802553775047,0.008004328327685405,0.009223373713547442,0.00717849366502647,NORMAL,VOLATILE,0.04985238011404495,TRADE,False,False
2024-10-24,0.005651620887620769,0.010141844836616811,0.009629601065892645,0.012415802553775047,NORMAL,CALM,0.20202380904828454,TRADE,False,False
2024-10-25,0.010784742781138739,0.008569545219376088,0.008648641999229894,0.005651620887620769,NORMAL,NORMAL,0.04887183604541017,TRADE,False,False
2024-10-28,0.003400795004396718,0.00907828918057944,0.008053663835704368,0.010784742781138739,NORMAL,CALM,0.0475530345983753,TRADE,False,False
2024-10-29,0.007735820526214418,0.008033556673948665,0.007923832930373069,0.003400795004396718,NORMAL,NORMAL,0.0,TRADE,False,False
2024-10-30,0.00679965367371604,0.007932050869683292,0.00869657277454403,0.007735820526214418,NORMAL,CALM,0.0,TRADE,False,False
2024-10-31,0.012549910481460914,0.008726830335742628,0.009648307400975992,0.00679965367371604,NORMAL,VOLATILE,0.09863253808052903,TRADE,False,False
2024-11-01,0.008614031961028962,0.012629920541374802,0.014047215065788227,0.012549910481460914,VOLATILE,NORMAL,0.4056334006486334,SKIP,False,True
2024-11-04,0.00784608263538948,0.010060984327153358,0.011289851973852082,0.008614031961028962,NORMAL,NORMAL,0.1522998762781531,TRADE,False,False
2024-11-05,0.010719222428234025,0.010974851184620816,0.011267899978548313,0.00784608263538948,NORMAL,NORMAL,0.2939070642155044,REDUCE,False,True
2024-11-06,0.012148565446240253,0.00979638624612697,0.013040636175313718,0.010719222428234025,NORMAL,VOLATILE,0.30863679905259833,REDUCE,False,True
2024-11-07,0.006159190612068535,0.008002386269550103,0.012347800150356964,0.012148565446240253,NORMAL,CALM,0.20696952669534738,TRADE,False,False
2024-11-08,0.0059714627992423315,0.005758522351051716,0.0071841644927199,0.006159190612068535,CALM,CALM,0.0,TRADE,False,False
2024-11-11,0.005095808522748209,0.006016234509076397,0.005901464608260785,0.0059714627992423315,CALM,CALM,0.0,TRADE,False,False
2024-11-12,0.008301685655273526,0.007711835673671989,0.008997677848047647,0.005095808522748209,NORMAL,NORMAL,0.04964480638301631,TRADE,False,False
2024-11-13,0.007063442342229419,0.008003032637027244,0.008668971845429058,0.008301685655273526,NORMAL,NORMAL,0.04893582366845273,TRADE,False,False
2024-11-14,0.008614817486076112,0.007844899187979612,0.008600007403141756,0.007063442342229419,NORMAL,NORMAL,0.052580057458610475,TRADE,False,False
2024-11-15,0.010538172334887505,0.0074762413777907525,0.00792042321484228,0.008614817486076112,NORMAL,NORMAL,0.0,TRADE,False,False
2024-11-18,0.007178886549078435,0.008952125488661698,0.00816338227626453,0.010538172334887505,NORMAL,NORMAL,0.05754873265927043,TRADE,False,False
2024-11-19,0.011621706799771765,0.008976104143324809,0.008346036776928576,0.007178886549078435,NORMAL,NORMAL,0.050003463381947194,TRADE,False,False
2024-11-20,0.010163433282496385,0.008768632895790728,0.008125427204770498,0.011621706799771765,NORMAL,NORMAL,0.0,TRADE,False,False
2024-11-21,0.01280346363486385,0.008695645792589572,0.009837133395636051,0.010163433282496385,NORMAL,VOLATILE,0.05009440712714458,TRADE,False,False
2024-11-22,0.004801189699143384,0.009380606707761207,0.009289208898222101,0.01280346363486385,NORMAL,CALM,0.1083630073783952,TRADE,False,False
2024-11-25,0.009485538058969232,0.007412514268323263,0.007297087538014531,0.004801189699143384,NORMAL,NORMAL,0.0,TRADE,False,False
2024-11-26,0.005524972375138064,0.007375256803531391,0.008055725219461293,0.009485538058969232,NORMAL,CALM,0.05020513593634045,TRADE,False,False
2024-11-27,0.005867867398501186,0.006847960010344014,0.005912173381757927,0.005524972375138064,CALM,CALM,0.0,TRADE,False,False
2024-11-29,0.00669389305094296,0.007430818258822931,0.006778958414626231,0.005867867398501186,NORMAL,CALM,0.0,TRADE,False,False
2024-12-02,0.0030214681520700786,0.007422008283050125,0.0070813156556270105,0.00669389305094296,NORMAL,CALM,0.0,TRADE,False,False
2024-12-03,0.0030911952235406397,0.007533812324138551,0.007023825124372647,0.0030214681520700786,NORMAL,CALM,0.0,TRADE,False,False
2024-12-04,0.0047418274324107935,0.007482904466678502,0.006428807108221661,0.0030911952235406397,NORMAL,CALM,0.0,TRADE,False,False
2024-12-05,0.003555574533218024,0.00782418246548649,0.006506848891501194,0.0047418274324107935,NORMAL,CALM,0.0,TRADE,False,False
2024-12-06,0.0032870828660601197,0.007938829740784794,0.006242711856132044,0.003555574533218024,NORMAL,CALM,0.0,TRADE,False,False
2024-12-09,0.006555964892380599,0.007544049072581997,0.006890745376423888,0.0032870828660601197,NORMAL,CALM,0.0,TRADE,False,False
2024-12-10,0.005862067257770716,0.008175002043013708,0.006662358085479376,0.006555964892380599,NORMAL,CALM,0.0,TRADE,False,False
2024-12-11,0.005353002813461797,0.008111111984569538,0.007570102108366861,0.005862067257770716,NORMAL,CALM,0.0,TRADE,False,False
2024-12-12,0.004677089832721167,0.008203804057417432,0.006745314965973944,0.005353002813461797,NORMAL,CALM,0.0,TRADE,False,False
2024-12-13,0.007054845200447498,0.007651860616437668,0.006553552380414625,0.004677089832721167,NORMAL,NORMAL,0.0,TRADE,False,False
2024-12-16,0.0042959931000247815,0.008021890424519907,0.007162490014949684,0.007054845200447498,NORMAL,CALM,0.0490797844099008,TRADE,False,False
2024-12-17,0.003715789212811243,0.008240099806938343,0.007691898422973238,0.0042959931000247815,NORMAL,CALM,0.0,TRADE,False,False
2024-12-18,0.03354691491736462,0.009998797677724762,0.010148871927512454,0.003715789212811243,NORMAL,DANGER,0.14895519662805093,TRADE,True,False
2024-12-19,0.011745883021491115,0.01942371968777149,0.020433192597245787,0.03354691491736462,DANGER,NORMAL,0.4974626768232256,SKIP,False,True
2024-12-20,0.025635056487504318,0.016212696986150514,0.018323101475098632,0.011745883021491115,VOLATILE,DANGER,0.49700073954896506,SKIP,True,True
2024-12-23,0.012740204536846142,0.011590734036610966,0.015156130375534088,0.025635056487504318,NORMAL,VOLATILE,0.2880686189679725,REDUCE,False,True
2024-12-24,0.009801775548363183,0.005186873004696904,0.007241239321617619,0.012740204536846142,CALM,NORMAL,0.0,TRADE,False,False
2024-12-26,0.007034059920630328,0.005674117915853332,0.00754317116442533,0.009801775548363183,CALM,NORMAL,0.04819062880759983,TRADE,False,False
2024-12-27,0.0121907971302844,0.006566360399056683,0.006872094348925867,0.007034059920630328,CALM,VOLATILE,0.0,TRADE,False,False
2024-12-30,0.012098292929685341,0.010855025885795528,0.013710180439236008,0.0121907971302844,NORMAL,VOLATILE,0.34230529574415397,REDUCE,False,True
2024-12-31,0.01028423545628695,0.011597700386728055,0.012845584706868276,0.012098292929685341,NORMAL,NORMAL,0.2472175687149685,TRADE,False,False
2025-01-02,0.017881645057137987,0.011801677367562447,0.012787220868125948,0.01028423545628695,NORMAL,VOLATILE,0.29563780841798065,REDUCE,True,True
2025-01-03,0.01030033593218215,0.011092737271892628,0.013578131151848461,0.017881645057137987,NORMAL,NORMAL,0.24937954709284738,TRADE,False,False
2025-01-06,0.010200892222885189,0.007935758419816637,0.00861822065631143,0.01030033593218215,NORMAL,NORMAL,0.0481184493391802,TRADE,False,False
2025-01-07,0.0183539509382206,0.007462898567596752,0.007937327507786382,0.010200892222885189,NORMAL,DANGER,0.0,TRADE,True,False
2025-01-08,0.008985460168576874,0.010318796098424909,0.01264812297736037,0.0183539509382206,NORMAL,NORMAL,0.2468228380264548,TRADE,False,False
2025-01-10,0.014017842742791279,0.012964583172108916,0.01467966240329783,0.008985460168576874,VOLATILE,VOLATILE,0.45885523622271324,SKIP,False,True
2025-01-13,0.011293630945586363,0.013147704414543649,0.0151704029933047,0.014017842742791279,VOLATILE,NORMAL,0.4003251269819581,SKIP,False,True
2025-01-14,0.011349536717031301,0.013122054903951467,0.01577881250801744,0.011293630945586363,VOLATILE,NORMAL,0.4870970588646951,SKIP,False,True
2025-01-15,0.009381546126217296,0.012167912417745775,0.013353020850429729,0.011349536717031301,VOLATILE,NORMAL,0.4039895693439804,SKIP,False,True
2025-01-16,0.005696214205824886,0.00781386699635993,0.0076122511473154545,0.009381546126217296,NORMAL,CALM,0.09623756604811684,TRADE,False,False
2025-01-17,0.006091336691463528,0.008048970862863622,0.009825930904739648,0.005696214205824886,NORMAL,CALM,0.09730188192049755,TRADE,False,False
2025-01-21,0.007420869553650428,0.007048105678719801,0.0063543748699337235,0.006091336691463528,NORMAL,NORMAL,0.0,TRADE,False,False
2025-01-22,0.004058282728126348,0.007541215728997011,0.006298241203570613,0.007420869553650428,NORMAL,CALM,0.0,TRADE,False,False
2025-01-23,0.007249453616662747,0.007846178841638778,0.006980825012023527,0.004058282728126348,NORMAL,NORMAL,0.051032134881617425,TRADE,False,False
2025-01-24,0.0064429389864787325,0.007559682397030985,0.00685338835150578,0.007249453616662747,NORMAL,CALM,0.0,TRADE,False,False
2025-01-27,0.009088563655127122,0.008846524060331065,0.007425270430869201,0.0064429389864787325,NORMAL,NORMAL,0.10503767182500992,TRADE,False,False
2025-01-28,0.013258735318078545,0.009503413077329171,0.0096280179654091,0.009088563655127122,NORMAL,VOLATILE,0.048231546197146986,TRADE,False,False
2025-01-29,0.008232497482542862,0.00991718091395352,0.011381691030033546,0.013258735318078545,NORMAL,NORMAL,0.14660332106685617,TRADE,False,False
2025-01-30,0.009780605710035995,0.008678479572128596,0.006765225801307856,0.008232497482542862,NORMAL,NORMAL,0.0,TRADE,False,False
2025-01-31,0.014758586075623331,0.00871323984865789,0.008979482692406717,0.009780605710035995,NORMAL,VOLATILE,0.15305618103639151,TRADE,False,False
2025-02-03,0.016449875620848764,0.010421941474655822,0.012544247833393397,0.014758586075623331,NORMAL,VOLATILE,0.2527229530765684,REDUCE,True,True
2025-02-04,0.008604334010209777,0.009208810315315681,0.010448030232054985,0.016449875620848764,NORMAL,NORMAL,0.04669328746273676,TRADE,False,False
2025-02-05,0.009268410168674978,0.011381604676722529,0.010926032888099872,0.008604334010209777,NORMAL,NORMAL,0.29708153978262064,REDUCE,False,True
2025-02-06,0.006126260247487709,0.00820402978352753,0.00830354327063589,0.009268410168674978,NORMAL,CALM,0.04946265148576283,TRADE,False,False
2025-02-07,0.013368118057644618,0.0074352127004478925,0.0074706386268158,0.006126260247487709,NORMAL,VOLATILE,0.04850831241008287,TRADE,False,False
2025-02-10,0.00472016406456734,0.00825373667627313,0.008131056678090576,0.013368118057644618,NORMAL,CALM,0.04958057533170088,TRADE,False,False
2025-02-11,0.005610547962415544,0.008478863099022203,0.007855499615790844,0.00472016406456734,NORMAL,CALM,0.04933801258075427,TRADE,False,False
2025-02-12,0.00995837399669382,0.008189205149011827,0.0068642570392110575,0.005610547962415544,NORMAL,NORMAL,0.0,TRADE,False,False
2025-02-13,0.010883428841086435,0.008743721375184069,0.008836437454218188,0.00995837399669382,NORMAL,NORMAL,0.09873962798504746,TRADE,False,False
2025-02-14,0.0032458400920936177,0.00778414969897051,0.006258181119425983,0.010883428841086435,NORMAL,CALM,0.0,TRADE,False,False
2025-02-18,0.00492028227914269,0.008524687910171264,0.007828607055650385,0.0032458400920936177,NORMAL,CALM,0.09992771118727564,TRADE,False,False
2025-02-19,0.00593027513338226,0.008264719023689512,0.0061969104777645076,0.00492028227914269,NORMAL,CALM,0.048953762506092374,TRADE,False,False
2025-02-20,0.008135952400358604,0.008054584206167874,0.006140519665742013,0.00593027513338226,NORMAL,NORMAL,0.0,TRADE,False,False
2025-02-21,0.017379499844621334,0.00929801585317636,0.008925109269377117,0.008135952400358604,NORMAL,VOLATILE,0.09867720424364873,TRADE,True,False
2025-02-24,0.010921417892740412,0.010591217762451512,0.011877257679265714,0.017379499844621334,NORMAL,NORMAL,0.15175923958418933,TRADE,False,False
2025-02-25,0.01406715663250721,0.012805673459322032,0.01305370598147864,0.010921417892740412,VOLATILE,VOLATILE,0.3465925443966924,REDUCE,False,True
2025-02-26,0.01291771550879522,0.011840175860981973,0.011539777084674544,0.01406715663250721,NORMAL,VOLATILE,0.24750035660435876,TRADE,False,False
2025-02-27,0.022553110393388007,0.013222355069589159,0.015233559904144066,0.01291771550879522,VOLATILE,DANGER,0.5032649067003827,SKIP,True,True
2025-02-28,0.020786307741166552,0.012736535601673303,0.014962276185175365,0.022553110393388007,VOLATILE,DANGER,0.3977885735348417,REDUCE,True,True
2025-03-03,0.029351594164531838,0.01268200146982017,0.014402576902170186,0.020786307741166552,VOLATILE,DANGER,0.4387082517173508,SKIP,True,True
2025-03-04,0.022796017880309258,0.014108462005786823,0.021094849634670752,0.029351594164531838,VOLATILE,DANGER,0.45099671486960824,SKIP,True,True
2025-03-05,0.020451935184800773,0.018380496149951613,0.025383394720234754,0.022796017880309258,DANGER,DANGER,0.8505250052148945,SKIP,True,True
2025-03-06,0.017359532792821063,0.018500942858547583,0.021959169467612897,0.020451935184800773,DANGER,VOLATILE,0.84757595678762,SKIP,True,True
2025-03-07,0.020384176765321796,0.01774036730832941,0.02092484048959158,0.017359532792821063,VOLATILE,DANGER,0.801444825830356,SKIP,True,True
2025-03-10,0.024774905045597297,0.01794523505997254,0.022143909202766685,0.020384176765321796,VOLATILE,DANGER,0.8502910996194071,SKIP,True,True
2025-03-11,0.019253522257814164,0.019138219738399694,0.021844446090224998,0.024774905045597297,DANGER,DANGER,0.7984476679845087,SKIP,True,True
2025-03-12,0.017084930415798397,0.016344150447881768,0.02337459532614467,0.019253522257814164,VOLATILE,VOLATILE,0.6489408571252588,SKIP,True,True
2025-03-13,0.016646855365585557,0.017359937457102636,0.023137554332777654,0.017084930415798397,VOLATILE,VOLATILE,0.7468537700604404,SKIP,True,True
2025-03-14,0.014633751808549847,0.016561552284325296,0.019956813133619297,0.016646855365585557,VOLATILE,VOLATILE,0.7475001598806221,SKIP,False,True
2025-03-17,0.012846901838313675,0.013198392349662396,0.014601768464121055,0.014633751808549847,VOLATILE,VOLATILE,0.5095033439088158,SKIP,False,True
2025-03-18,0.010039738050730924,0.013279331407107577,0.01582794693566953,0.012846901838313675,VOLATILE,NORMAL,0.5006926993742531,SKIP,False,True
2025-03-19,0.016534780207976413,0.01758785394006735,0.0236397823556425,0.010039738050730924,VOLATILE,VOLATILE,0.8491233964119635,SKIP,True,True
2025-03-20,0.013958051468765222,0.017150694190221583,0.021486503983462406,0.016534780207976413,VOLATILE,VOLATILE,0.8023045952256858,SKIP,False,True
2025-03-21,0.012030411687294506,0.01664325828816303,0.01856816786435186,0.013958051468765222,VOLATILE,VOLATILE,0.7491731882518438,SKIP,False,True
2025-03-24,0.009978874027645714,0.010833046737679432,0.01418179719761902,0.012030411687294506,NORMAL,NORMAL,0.297191862578715,REDUCE,False,True
2025-03-25,0.004593175853018328,0.0084525780766408,0.010484894574149556,0.009978874027645714,NORMAL,CALM,0.09772719985657995,TRADE,False,False
2025-03-26,0.015456558425132464,0.008408418719673563,0.010831609632267133,0.004593175853018328,NORMAL,VOLATILE,0.10030613567092159,TRADE,True,False
2025-03-27,0.010769641339691438,0.013333443585609556,0.015717864100374124,0.015456558425132464,VOLATILE,NORMAL,0.481988512404016,SKIP,False,True
2025-03-28,0.019979926750246558,0.013047452927885193,0.014780573148782472,0.010769641339691438,VOLATILE,DANGER,0.40295660904220926,SKIP,True,True
2025-03-31,0.025114374148638607,0.015857058947708308,0.016825924762745924,0.019979926750246558,VOLATILE,DANGER,0.5508700474374761,SKIP,True,True
2025-04-01,0.016444753310835187,0.01808636255816535,0.020879257036571855,0.025114374148638607,DANGER,VOLATILE,0.7500932229207277,SKIP,True,True
2025-04-02,0.022188734150904325,0.01828725612444062,0.021190728811528493,0.016444753310835187,DANGER,DANGER,0.7974552921175541,SKIP,True,True
2025-04-03,0.019789758845312144,0.01690872621486745,0.024147450510191255,0.022188734150904325,VOLATILE,DANGER,0.7517767941981929,SKIP,True,True
2025-04-04,0.04199435389086469,0.02008861078219075,0.024134904920751595,0.019789758845312144,DANGER,DANGER,0.8471370190955864,SKIP,True,True
2025-04-07,0.08307376776165315,0.02542382924981959,0.024791447786149428,0.04199435389086469,DANGER,DANGER,0.8471273790637999,SKIP,True,True
2025-04-08,0.06874847166785086,0.03515520454584727,0.03101539700141001,0.08307376776165315,DANGER,DANGER,0.9505997116959629,SKIP,True,True
2025-04-09,0.1073272806367415,0.03154285980559895,0.02710363486405277,0.06874847166785086,DANGER,DANGER,0.8520236381403489,SKIP,True,True
2025-04-10,0.04443738733269182,0.01794653689096304,0.03082533403900717,0.1073272806367415,VOLATILE,DANGER,0.8956007039517644,SKIP,True,True
2025-04-11,0.030575238414174623,0.020771456213414558,0.02779890712988594,0.04443738733269182,DANGER,DANGER,0.8518111525163771,SKIP,True,True
2025-04-14,0.01864034281766121,0.019116203984656716,0.026045612920182502,0.030575238414174623,DANGER,DANGER,0.8997405234403023,SKIP,True,True
2025-04-15,0.0118200514043818,0.022346146983414195,0.02719805045862575,0.01864034281766121,DANGER,NORMAL,0.899150726659603,SKIP,False,True
2025-04-16,0.027446938106170608,0.016961632714753587,0.02734246554983719,0.0118200514043818,VOLATILE,DANGER,0.8002663496779444,SKIP,True,True
2025-04-17,0.013708544986758988,0.01892768497547091,0.022527585655796663,0.027446938106170608,DANGER,VOLATILE,0.7534250668422251,SKIP,False,True
2025-04-21,0.025092968770901156,0.02376393540411312,0.02526136958562637,0.013708544986758988,DANGER,DANGER,0.9480620552880866,SKIP,True,True
2025-04-22,0.019574973068569937,0.02409781545877227,0.02286990731022897,0.025092968770901156,DANGER,DANGER,0.7991041817303586,SKIP,True,True
2025-04-23,0.02103811768892043,0.022514266166790545,0.0246341096210562,0.019574973068569937,DANGER,DANGER,0.8975273439366931,SKIP,True,True
2025-04-24,0.021823398459131227,0.022889305644908244,0.024602738177933094,0.02103811768892043,DANGER,DANGER,0.9003118288660535,SKIP,True,True
2025-04-25,0.013160938698260207,0.01806468317756366,0.024510998507184696,0.021823398459131227,DANGER,VOLATILE,0.8019549409393759,SKIP,False,True
2025-04-28,0.01537649071659285,0.02003690444530501,0.024102185866702677,0.013160938698260207,DANGER,VOLATILE,0.9002266881687919,SKIP,True,True
2025-04-29,0.0120260597908464,0.01943833618587214,0.02158963788665338,0.01537649071659285,DANGER,VOLATILE,0.8026412287690489,SKIP,False,True
2025-04-30,0.027020933040455095,0.01883234657095399,0.021805016574932567,0.0120260597908464,DANGER,DANGER,0.7495064489092865,SKIP,True,True
2025-05-01,0.010943727622779075,0.022440835976029395,0.023357814339259802,0.027020933040455095,DANGER,NORMAL,0.8549802035028473,SKIP,False,True
2025-05-02,0.010347368346475672,0.0216723139212774,0.02138679612951923,0.010943727622779075,DANGER,NORMAL,0.8504988826919128,SKIP,False,True
2025-05-05,0.008646725561064723,0.018994595672971896,0.01804057361822821,0.010347368346475672,DANGER,NORMAL,0.7536988743664997,SKIP,False,True
2025-05-06,0.011334547536778407,0.018207423998336785,0.018360562932578477,0.008646725561064723,DANGER,NORMAL,0.6982124242410719,SKIP,False,True
2025-05-07,0.013553181408504757,0.017523100166468224,0.019322975470943884,0.011334547536778407,VOLATILE,VOLATILE,0.6044476001184425,SKIP,False,True
2025-05-08,0.014958683522847703,0.020508536232709637,0.018381517072462255,0.013553181408504757,DANGER,VOLATILE,0.7531397543917469,SKIP,False,True
2025-05-09,0.008370234081325428,0.013989423606082001,0.01457993162854447,0.014958683522847703,VOLATILE,NORMAL,0.45219230342812455,SKIP,False,True
2025-05-12,0.010209739633558335,0.01491286148546434,0.01759527926936254,0.008370234081325428,VOLATILE,NORMAL,0.594714121561656,SKIP,False,True
2025-05-13,0.010525866265811415,0.0066952517758055415,0.011265563111061578,0.010209739633558335,CALM,NORMAL,0.20232796060139324,TRADE,False,False
2025-05-14,0.005840515267758204,0.008809744747046405,0.01258115550868686,0.010525866265811415,NORMAL,CALM,0.29788931481950287,REDUCE,False,True
2025-05-15,0.010059933694730024,0.007978806992249841,0.010452984636630863,0.005840515267758204,NORMAL,NORMAL,0.20302129747556863,TRADE,False,False
2025-05-16,0.008645508838624513,0.011740402958206612,0.011448492648211735,0.010059933694730024,NORMAL,NORMAL,0.29727422151319627,REDUCE,False,True
2025-05-19,0.012353291952402907,0.011302293540603605,0.011091635247269152,0.008645508838624513,NORMAL,VOLATILE,0.29735861584768625,REDUCE,False,True
2025-05-20,0.007367957124545421,0.00956133062278375,0.009721422202771553,0.012353291952402907,NORMAL,NORMAL,0.1512478257409342,TRADE,False,False
2025-05-21,0.018182187344547886,0.011064349643345869,0.010843041547063741,0.007367957124545421,NORMAL,DANGER,0.20187339286100792,TRADE,True,False
2025-05-22,0.008946699855853056,0.017228497389285516,0.01566064817620717,0.018182187344547886,VOLATILE,NORMAL,0.35193179412690045,REDUCE,False,True
2025-05-23,0.010740432626701713,0.021567663002884783,0.022109314528186184,0.008946699855853056,DANGER,NORMAL,0.745359294554787,SKIP,False,True
2025-05-27,0.012001906365998394,0.018009664188748283,0.015391190103022728,0.010740432626701713,DANGER,VOLATILE,0.38978578364882044,REDUCE,False,True
2025-05-28,0.009794887892073965,0.00914512508314735,0.010917668494779589,0.012001906365998394,NORMAL,NORMAL,0.20200218931195651,TRADE,False,False
2025-05-29,0.01167179576966847,0.009163353686260258,0.011961502568300078,0.009794887892073965,NORMAL,NORMAL,0.1547684154432793,TRADE,False,False
2025-05-30,0.013293425953686516,0.01133386784332596,0.014648887051727153,0.01167179576966847,NORMAL,VOLATILE,0.4013583360206707,SKIP,False,True
2025-06-02,0.012883520896504363,0.010423725952728731,0.012972502817311302,0.013293425953686516,NORMAL,VOLATILE,0.19847820584259343,TRADE,False,False
2025-06-03,0.008815268347882375,0.007635872550372723,0.009440394954561823,0.012883520896504363,NORMAL,NORMAL,0.049393787052448915,TRADE,False,False
2025-06-04,0.00407597333306571,0.007837520978069243,0.009463352186675615,0.008815268347882375,NORMAL,CALM,0.0986459043074593,TRADE,False,False
2025-06-05,0.01311465550222448,0.009739017018562343,0.011013332295345145,0.00407597333306571,NORMAL,VOLATILE,0.19866687351207896,TRADE,False,False
2025-06-06,0.006387108196677464,0.009363482457591527,0.010116847375342044,0.01311465550222448,NORMAL,CALM,0.10025134022240312,TRADE,False,False
2025-06-09,0.004518180137660457,0.007430585025883084,0.007683203362630224,0.006387108196677464,NORMAL,CALM,0.04901304429971374,TRADE,False,False
2025-06-10,0.007109923443113204,0.008655129431656175,0.009008624534497335,0.004518180137660457,NORMAL,NORMAL,0.10254950392827511,TRADE,False,False
2025-06-11,0.009435677705814468,0.006039171932747047,0.006362570699323984,0.007109923443113204,CALM,NORMAL,0.0,TRADE,False,False
2025-06-12,0.006913592572255808,0.008147285468619404,0.006999855534668859,0.009435677705814468,NORMAL,CALM,0.0,TRADE,False,False
2025-06-13,0.010490687535829959,0.009283698277941356,0.008809893834213893,0.006913592572255808,NORMAL,NORMAL,0.0504249069066931,TRADE,False,False
2025-06-16,0.007799800133244492,0.014161389065223651,0.0102626416507481,0.010490687535829959,VOLATILE,NORMAL,0.15239008977913943,TRADE,False,False
2025-06-17,0.008058681170629446,0.011888259933440344,0.00916768888965616,0.007799800133244492,NORMAL,NORMAL,0.15128476814452907,TRADE,False,False
2025-06-18,0.0077422414757687,0.017509762217401467,0.015449764726970582,0.008058681170629446,VOLATILE,NORMAL,0.4062896915395457,SKIP,False,True
2025-06-20,0.010940601733095223,0.012463831668410565,0.013925700602118726,0.0077422414757687,VOLATILE,NORMAL,0.3535929403396239,REDUCE,False,True
2025-06-23,0.014329100268524202,0.012102800329571792,0.01117860522484552,0.010940601733095223,VOLATILE,VOLATILE,0.20129896018361337,TRADE,False,False
2025-06-24,0.007013451109596965,0.007728989372605725,0.009327271889249162,0.014329100268524202,NORMAL,NORMAL,0.10045481666192592,TRADE,False,False
2025-06-25,0.004655787871688989,0.005167952047525949,0.006301194372710316,0.007013451109596965,CALM,CALM,0.0,TRADE,False,False
2025-06-26,0.006421698633364364,0.004128026561858734,0.005417245705000215,0.004655787871688989,CALM,CALM,0.0,TRADE,False,False
2025-06-27,0.008995724063927672,0.004593132129733009,0.006208039139475922,0.006421698633364364,CALM,NORMAL,0.0,TRADE,False,False
2025-06-30,0.006476290737176537,0.00800547233126252,0.008664012743371278,0.008995724063927672,NORMAL,CALM,0.10110050771840329,TRADE,False,False
2025-07-01,0.005302840518808759,0.009921449247175525,0.009864302540730611,0.006476290737176537,NORMAL,CALM,0.1512902177006484,TRADE,False,False
2025-07-02,0.00634658727647297,0.009386681506676637,0.008893711291997352,0.005302840518808759,NORMAL,CALM,0.09975142308143811,TRADE,False,False
2025-07-03,0.006113862891941932,0.008636848691702828,0.007905780471737537,0.00634658727647297,NORMAL,CALM,0.048751267124433506,TRADE,False,False
2025-07-07,0.009757087348858565,0.007910503933938865,0.007763215256163202,0.006113862891941932,NORMAL,NORMAL,0.04954920388621673,TRADE,False,False
2025-07-08,0.004002226489124983,0.01093639203097942,0.009573477546532984,0.009757087348858565,NORMAL,CALM,0.15107833550185418,TRADE,False,False
2025-07-09,0.006043249355712346,0.007661434440647534,0.006534140205219847,0.004002226489124983,NORMAL,CALM,0.0,TRADE,False,False
2025-07-10,0.006188166209229695,0.007774693729668326,0.0076902701954640355,0.006043249355712346,NORMAL,CALM,0.050511459472829104,TRADE,False,False
2025-07-11,0.005089774413013331,0.006306201590809974,0.00824963577479068,0.006188166209229695,CALM,CALM,0.053928700686454875,TRADE,False,False
2025-07-14,0.005449909274757623,0.008651776221408867,0.008586366815300946,0.005089774413013331,NORMAL,CALM,0.10155655617615775,TRADE,False,False
2025-07-15,0.009588120642575589,0.010528497178823792,0.008661974942973565,0.005449909274757623,NORMAL,NORMAL,0.10356007494269603,TRADE,False,False
2025-07-16,0.010637141258293988,0.009342577710279909,0.006923781246906285,0.009588120642575589,NORMAL,NORMAL,0.0,TRADE,False,False
2025-07-17,0.006772679375418969,0.009934357250049805,0.007922970871087858,0.010637141258293988,NORMAL,CALM,0.10021546577477017,TRADE,False,False
2025-07-18,0.004805994028148367,0.006750879174652555,0.008838157621548704,0.006772679375418969,CALM,CALM,0.0,TRADE,False,False
2025-07-21,0.005121543473640462,0.006417030977083918,0.006256266823390444,0.004805994028148367,CALM,CALM,0.0,TRADE,False,False
2025-07-22,0.005456188754637975,0.006881258555696479,0.0064415317726342755,0.005121543473640462,CALM,CALM,0.0,TRADE,False,False
2025-07-23,0.006820085665966042,0.007351982524362254,0.00684781116674881,0.005456188754637975,NORMAL,CALM,0.0,TRADE,False,False
2025-07-24,0.003256602707031481,0.007057463332449743,0.007641051906771484,0.006820085665966042,NORMAL,CALM,0.05075471102768955,TRADE,False,False
2025-07-25,0.004284137701510667,0.0060057826460796675,0.006302372618446591,0.003256602707031481,CALM,CALM,0.0,TRADE,False,False
2025-07-28,0.003951426217900484,0.005654318152918605,0.007352614249432468,0.004284137701510667,CALM,CALM,0.0,TRADE,False,False
2025-07-29,0.0070781594911968155,0.0069058676739595405,0.007041071800764506,0.003951426217900484,CALM,NORMAL,0.0,TRADE,False,False
2025-07-30,0.009427649528382437,0.0094908461600096,0.009136781834764442,0.0070781594911968155,NORMAL,NORMAL,0.09328648149600655,TRADE,False,False
2025-07-31,0.015462842810509397,0.008837630655723088,0.006624103971324835,0.009427649528382437,NORMAL,VOLATILE,0.04945487434314016,TRADE,True,False
2025-08-01,0.011863635785268056,0.01123203623807804,0.010277528069565346,0.015462842810509397,NORMAL,NORMAL,0.10300611656031587,TRADE,False,False
2025-08-04,0.009404133800829368,0.014975165105562923,0.011390635128148493,0.011863635785268056,VOLATILE,NORMAL,0.1519040284821256,TRADE,False,False
2025-08-05,0.008936927041660964,0.009813044153918676,0.006614351264168945,0.009404133800829368,NORMAL,NORMAL,0.0,TRADE,False,False
2025-08-06,0.00819742285198045,0.008483672789549283,0.007862302827191546,0.008936927041660964,NORMAL,NORMAL,0.0,TRADE,False,False
2025-08-07,0.012454661830595315,0.004016443809689192,0.00711104754469534,0.00819742285198045,CALM,VOLATILE,0.0,TRADE,False,False
2025-08-08,0.006284597543436671,0.0063563090181077,0.00631838175096617,0.012454661830595315,CALM,CALM,0.0,TRADE,False,False
2025-08-11,0.00675934750933923,0.004137690122114322,0.005873019866737797,0.006284597543436671,CALM,CALM,0.0,TRADE,False,False
2025-08-12,0.009505611266002306,0.006664373813810564,0.007810949540841766,0.00675934750933923,CALM,NORMAL,0.0,TRADE,False,False
2025-08-13,0.005455949321255659,0.0050180714994167135,0.006058059207565804,0.009505611266002306,CALM,CALM,0.0,TRADE,False,False
2025-08-14,0.005090292649214586,0.0064090323795404115,0.0065074876556439004,0.005455949321255659,CALM,CALM,0.0,TRADE,False,False
2025-08-15,0.006096600786120281,0.005440077705771407,0.005778876688727556,0.005090292649214586,CALM,CALM,0.0,TRADE,False,False
2025-08-18,0.0027385485227354677,0.007831288514747849,0.006815435259178265,0.006096600786120281,NORMAL,CALM,0.0,TRADE,False,False
2025-08-19,0.00872756831889587,0.00796886301339136,0.005941560172846402,0.0027385485227354677,NORMAL,NORMAL,0.0,TRADE,False,False
2025-08-20,0.010073954753052306,0.008349765113700348,0.007383202028910381,0.00872756831889587,NORMAL,NORMAL,0.0,TRADE,False,False
2025-08-21,0.00641609320417557,0.008970538227249494,0.007556071296661118,0.010073954753052306,NORMAL,CALM,0.04893456811519896,TRADE,False,False
2025-08-22,0.014769938241923158,0.012990613703455915,0.01115085503661306,0.00641609320417557,VOLATILE,VOLATILE,0.2104474413756694,TRADE,False,False
2025-08-25,0.004464458543096802,0.005434086149859391,0.006294117402923127,0.014769938241923158,CALM,CALM,0.0,TRADE,False,False
2025-08-26,0.006085006736083788,0.005985998782443149,0.006589384410777342,0.004464458543096802,CALM,CALM,0.0,TRADE,False,False
2025-08-27,0.004521637940906162,0.004606285771318747,0.005980700009374787,0.006085006736083788,CALM,CALM,0.0,TRADE,False,False
2025-08-28,0.006365055275885822,0.00815398455054837,0.006979673681165542,0.004521637940906162,NORMAL,CALM,0.0,TRADE,False,False
2025-08-29,0.0072719931949307955,0.007485445795922464,0.006608944434061251,0.006365055275885822,NORMAL,NORMAL,0.049605710985385576,TRADE,False,False
2025-09-02,0.008741687508103562,0.00832217177977567,0.00595457325617949,0.0072719931949307955,NORMAL,NORMAL,0.0,TRADE,False,False
2025-09-03,0.005817723734140886,0.011409812756327223,0.00897641949588708,0.008741687508103562,NORMAL,CALM,0.048041839430184766,TRADE,False,False
2025-09-04,0.00876002849797113,0.01003600348304964,0.005459766724325546,0.005817723734140886,NORMAL,NORMAL,0.0,TRADE,False,False
2025-09-05,0.013580780140540486,0.00871300884713791,0.006788627636386703,0.00876002849797113,NORMAL,VOLATILE,0.10062276087437905,TRADE,False,False
2025-09-08,0.0039057630780737276,0.004619593693991798,0.006667106768452507,0.013580780140540486,CALM,CALM,0.0,TRADE,False,False
2025-09-09,0.005404923323897086,0.005404212539630492,0.006376697474107962,0.0039057630780737276,CALM,CALM,0.0,TRADE,False,False
2025-09-10,0.006050113811754916,0.006688155262377789,0.006249249166179757,0.005404923323897086,CALM,CALM,0.0,TRADE,False,False
2025-09-11,0.007184475795685675,0.00732413304713554,0.007282634682770787,0.006050113811754916,NORMAL,NORMAL,0.0,TRADE,False,False
2025-09-12,0.0031438429535130407,0.006509204052421367,0.006416560170741374,0.007184475795685675,CALM,CALM,0.0,TRADE,False,False
2025-09-15,0.002657685557182669,0.00662069911703969,0.005341313755604406,0.0031438429535130407,CALM,CALM,0.0,TRADE,False,False
2025-09-16,0.0040578913759241,0.007459592924537741,0.00610768417324018,0.002657685557182669,NORMAL,CALM,0.0,TRADE,False,False
2025-09-17,0.01108878751587854,0.013391069104905912,0.013027071972326403,0.0040578913759241,VOLATILE,NORMAL,0.23113069052075147,TRADE,False,False
2025-09-18,0.006776975486090654,0.008497339163747467,0.006788542604961499,0.01108878751587854,NORMAL,CALM,0.0,TRADE,False,False
2025-09-19,0.00624481917705579,0.007015023362610788,0.006615060278963283,0.006776975486090654,NORMAL,CALM,0.0,TRADE,False,False
2025-09-22,0.007635687106644205,0.0065933422375112445,0.007130476320137638,0.00624481917705579,CALM,NORMAL,0.051820217547547946,TRADE,False,False
2025-09-23,0.008059840656023888,0.008354377500194835,0.007259175396908564,0.007635687106644205,NORMAL,NORMAL,0.04918674242518869,TRADE,False,False
2025-09-24,0.007631424677538519,0.00919482074768587,0.008547418144907993,0.008059840656023888,NORMAL,NORMAL,0.049726618785462987,TRADE,False,False
2025-09-25,0.007533076379462417,0.008896611935660013,0.008995871134049926,0.007631424677538519,NORMAL,NORMAL,0.0496955537941361,TRADE,False,False
2025-09-26,0.006732795394973526,0.008727707787611557,0.007180984067410715,0.007533076379462417,NORMAL,CALM,0.049654663874548116,TRADE,False,False
2025-09-29,0.004926759117206522,0.006015411266494606,0.007443719250991989,0.006732795394973526,CALM,CALM,0.05094399251159947,TRADE,False,False
2025-09-30,0.007549363825251383,0.006853660033609888,0.0066546717866601155,0.004926759117206522,CALM,NORMAL,0.0,TRADE,False,False
2025-10-01,0.009344448245440267,0.0063420454727029715,0.0070705091244779,0.007549363825251383,CALM,NORMAL,0.0,TRADE,False,False
2025-10-02,0.005750737969280873,0.008478417523767073,0.006337151295970615,0.009344448245440267,NORMAL,CALM,0.0,TRADE,False,False
2025-10-03,0.006724049186717298,0.008509244904146554,0.006942701983829795,0.005750737969280873,NORMAL,CALM,0.048928457167976204,TRADE,False,False
2025-10-06,0.0047134927070061885,0.007440646174377413,0.005750092651771716,0.006724049186717298,NORMAL,CALM,0.0,TRADE,False,False
2025-10-07,0.008083140877598115,0.007040812732020936,0.005798962036812127,0.0047134927070061885,NORMAL,NORMAL,0.0,TRADE,False,False
2025-10-08,0.005584581498452555,0.00869194786122014,0.0076766676400352556,0.008083140877598115,NORMAL,CALM,0.05066894931137546,TRADE,False,False
2025-10-09,0.007160712965017359,0.006513430269264474,0.006507472143701508,0.005584581498452555,CALM,NORMAL,0.0,TRADE,False,False
2025-10-10,0.03139534366195928,0.007947077584578686,0.006558033146851737,0.007160712965017359,NORMAL,DANGER,0.05000872354256787,TRADE,True,False
2025-10-13,0.007243455295785788,0.01840227009828074,0.014527593060101224,0.03139534366195928,DANGER,NORMAL,0.35,REDUCE,False,True
2025-10-14,0.019027669863945287,0.017829395958729295,0.014106155147082496,0.007243455295785788,VOLATILE,DANGER,0.40101083439877083,SKIP,True,True
2025-10-15,0.016747230599243185,0.018623040832165448,0.013346506513551102,0.019027669863945287,DANGER,VOLATILE,0.35,REDUCE,True,True
2025-10-16,0.0172446785926788,0.012978496405210906,0.013781868414085215,0.016747230599243185,VOLATILE,VOLATILE,0.395945065114112,REDUCE,True,True
2025-10-17,0.011358979748293942,0.02588305690520048,0.018475094855595797,0.0172446785926788,DANGER,NORMAL,0.6517171054704944,SKIP,False,True
2025-10-20,0.008116531266582488,0.008029577903710838,0.010656512143362232,0.011358979748293942,NORMAL,NORMAL,0.0467569432381957,TRADE,False,False
2025-10-21,0.004472483022228836,0.005455519836978929,0.0075761138203215995,0.008116531266582488,CALM,CALM,0.04905267151321454,TRADE,False,False
2025-10-22,0.012766007945008024,0.0014998840747162297,0.007910204386484952,0.004472483022228836,CALM,VOLATILE,0.0508208599013543,TRADE,False,False
2025-10-23,0.007367628083208315,0.005832597606312904,0.008993520360842137,0.012766007945008024,CALM,NORMAL,0.04726347451381824,TRADE,False,False
2025-10-24,0.005174193415011948,0.007028946695461366,0.007651777099812123,0.007367628083208315,NORMAL,CALM,0.05086327090648516,TRADE,False,False
2025-10-27,0.004870381245380171,0.0062820869331002335,0.007655286082375403,0.005174193415011948,CALM,CALM,0.05291363415952479,TRADE,False,False
2025-10-28,0.005881636594014941,0.004712030947081638,0.007693740410921697,0.004870381245380171,CALM,CALM,0.050015795757800866,TRADE,False,False
2025-10-29,0.009901677772231067,0.007794355002820084,0.008994478929678189,0.005881636594014941,NORMAL,NORMAL,0.10040821470201033,TRADE,False,False
2025-10-30,0.008754463960352803,0.010546575482926025,0.009716964879728797,0.009901677772231067,NORMAL,NORMAL,0.15111912304111233,TRADE,False,False
2025-10-31,0.009435731345496601,0.008881705558563928,0.00940746458739295,0.008754463960352803,NORMAL,NORMAL,0.0,TRADE,False,False
2025-11-03,0.008965000174359783,0.010318657332845836,0.008402546747078464,0.009435731345496601,NORMAL,NORMAL,0.09741688608565369,TRADE,False,False
2025-11-04,0.007880951960073771,0.008443326072832087,0.00745949554788625,0.008965000174359783,NORMAL,NORMAL,0.047785340600766335,TRADE,False,False
2025-11-05,0.009848192774643758,0.010854610082393641,0.011556494182131229,0.007880951960073771,NORMAL,NORMAL,0.05055884775771621,TRADE,False,False
2025-11-06,0.013137210703651822,0.010637411181343431,0.00975882934196513,0.009848192774643758,NORMAL,VOLATILE,0.15465267687844633,TRADE,False,False
2025-11-07,0.014735266973110051,0.01713867793921233,0.014628342924965275,0.013137210703651822,VOLATILE,VOLATILE,0.40153297999825754,SKIP,False,True
2025-11-10,0.010428333942487843,0.00839091558249611,0.01041959477945828,0.014735266973110051,NORMAL,NORMAL,0.051135481094171056,TRADE,False,False
2025-11-11,0.007080773045524737,0.006893352795308038,0.00622105606388771,0.010428333942487843,CALM,NORMAL,0.0,TRADE,False,False
2025-11-12,0.005866533095895751,0.004806226572996435,0.007016331443872858,0.007080773045524737,CALM,CALM,0.0,TRADE,False,False
2025-11-13,0.01513666653482692,0.005444198833448897,0.007924748785832082,0.005866533095895751,CALM,VOLATILE,0.0,TRADE,True,False
2025-11-14,0.01910031863839795,0.01712634523651491,0.014608590673376673,0.01513666653482692,VOLATILE,DANGER,0.3980733720375274,REDUCE,True,True
2025-11-17,0.017218754142704205,0.019852744283450185,0.017636029083138605,0.01910031863839795,DANGER,VOLATILE,0.5409891929353409,SKIP,True,True
2025-11-18,0.01389961738784772,0.020484981890875144,0.015351774071817783,0.017218754142704205,DANGER,VOLATILE,0.40398440118965306,SKIP,False,True
2025-11-19,0.01301721743960011,0.023469993173404355,0.017438523743853823,0.01389961738784772,DANGER,VOLATILE,0.6496998467678832,SKIP,False,True
2025-11-20,0.03507011797391783,0.020857614974328243,0.015298324939466099,0.01301721743960011,DANGER,DANGER,0.5574932988525584,SKIP,True,True
2025-11-21,0.021069988727487405,0.024185477792391108,0.023842361366066246,0.03507011797391783,DANGER,DANGER,0.74930072055788,SKIP,True,True
2025-11-24,0.012815412850672215,0.01637770065920781,0.018380575510537546,0.021069988727487405,VOLATILE,VOLATILE,0.5986870375291833,SKIP,False,True
2025-11-25,0.01738382536736435,0.006883405844551736,0.010641143416824119,0.012815412850672215,CALM,VOLATILE,0.1463928825446062,TRADE,True,False
2025-11-26,0.007002230056450561,0.002573316454613282,0.008661860106706231,0.01738382536736435,CALM,NORMAL,0.10271756051358719,TRADE,False,False
2025-11-28,0.004559898688461106,0.002368321504488475,0.007768915509150021,0.007002230056450561,CALM,CALM,0.04998572623792314,TRADE,False,False
2025-12-01,0.006416335158463373,0.0028684835290704166,0.0065113793016502,0.004559898688461106,CALM,CALM,0.0,TRADE,False,False
2025-12-02,0.006564231089041679,0.00582412084077714,0.007954676007064771,0.006416335158463373,CALM,CALM,0.0,TRADE,False,False
2025-12-03,0.007628435473765575,0.008371053870401728,0.00964347576513823,0.006564231089041679,NORMAL,NORMAL,0.1061749350767491,TRADE,False,False
2025-12-04,0.005730746657307228,0.0070273030856734565,0.00695847117008055,0.007628435473765575,NORMAL,CALM,0.0,TRADE,False,False
2025-12-05,0.005459984387561282,0.005515482187618218,0.007651383739888767,0.005730746657307228,CALM,CALM,0.0,TRADE,False,False
2025-12-08,0.007429602047940545,0.007516968685376466,0.007599946176747837,0.005459984387561282,NORMAL,NORMAL,0.10305898781092367,TRADE,False,False
2025-12-09,0.00401864745980253,0.0082176381188944,0.008022688404763624,0.007429602047940545,NORMAL,CALM,0.0,TRADE,False,False
2025-12-10,0.011118769472114612,0.014507938970516677,0.014315839230871595,0.00401864745980253,VOLATILE,NORMAL,0.33530988723145144,REDUCE,False,True
2025-12-11,0.010203605730692466,0.008807068256793726,0.006965426757235171,0.011118769472114612,NORMAL,NORMAL,0.0501047796674799,TRADE,False,False
2025-12-12,0.014238730333897267,0.006764947951716513,0.009897994276831145,0.010203605730692466,CALM,VOLATILE,0.10135171137672344,TRADE,False,False
2025-12-15,0.008760690301580621,0.006921284105363054,0.006836588693811175,0.014238730333897267,CALM,NORMAL,0.05317372507106298,TRADE,False,False
2025-12-16,0.00875425727781284,0.009419892149196925,0.0099022648425436,0.008760690301580621,NORMAL,NORMAL,0.050208675273116364,TRADE,False,False
2025-12-17,0.013498694670492487,0.011594013225691795,0.007517962002679996,0.00875425727781284,NORMAL,VOLATILE,0.09820088325401581,TRADE,False,False
2025-12-18,0.00850243284951743,0.01507936809266934,0.011434023737619724,0.013498694670492487,VOLATILE,NORMAL,0.35,REDUCE,False,True
2025-12-19,0.006978161593023097,0.012043073679524466,0.01039485321843936,0.00850243284951743,VOLATILE,CALM,0.24375457650199653,TRADE,False,False
2025-12-22,0.0038294531412731677,0.0054905316087795215,0.0061471591085459475,0.006978161593023097,CALM,CALM,0.0,TRADE,False,False
2025-12-23,0.006121578892993827,0.0030614076524034858,0.006421376993592388,0.0038294531412731677,CALM,CALM,0.0,TRADE,False,False
2025-12-24,0.004693761395876247,0.00420362418735663,0.006524320266698978,0.006121578892993827,CALM,CALM,0.05278729015198924,TRADE,False,False
2025-12-26,0.003484707368202524,0.005965764987880384,0.006859029579291108,0.004693761395876247,CALM,CALM,0.05094303898320771,TRADE,False,False
2025-12-29,0.0045555941827452075,0.006702970611286834,0.005962521720567586,0.003484707368202524,CALM,CALM,0.0,TRADE,False,False
2025-12-30,0.002866483876390454,0.007870713981765403,0.006709657779650612,0.0045555941827452075,NORMAL,CALM,0.0,TRADE,False,False
2025-12-31,0.0082434387330007,0.00909376958580058,0.006807493765402763,0.002866483876390454,NORMAL,NORMAL,0.0,TRADE,False,False
2026-01-02,0.010258632095153973,0.011755860606185036,0.009486260320591817,0.0082434387330007,NORMAL,NORMAL,0.10526188793853243,TRADE,False,False
2026-01-05,0.004181544617893545,0.00801449246248727,0.006278288418440051,0.010258632095153973,NORMAL,CALM,0.0,TRADE,False,False
2026-01-06,0.006466387667685167,0.008444165290221786,0.0060698498408406,0.004181544617893545,NORMAL,CALM,0.0,TRADE,False,False
2026-01-07,0.006695396878649172,0.007007634809067141,0.006318560806777206,0.006466387667685167,NORMAL,CALM,0.0,TRADE,False,False
2026-01-08,0.004620985202723101,0.009793603826220961,0.008585846668133366,0.006695396878649172,NORMAL,CALM,0.04836840067628534,TRADE,False,False
2026-01-09,0.00876464924803284,0.009149295252306715,0.00683811726342906,0.004620985202723101,NORMAL,NORMAL,0.05140308949541145,TRADE,False,False
2026-01-12,0.007525791604983816,0.00679826190853563,0.006168509023184019,0.00876464924803284,CALM,NORMAL,0.0,TRADE,False,False
2026-01-13,0.006744623004811168,0.006833864361207008,0.006116151299313785,0.007525791604983816,CALM,CALM,0.0,TRADE,False,False
2026-01-14,0.008008752545979032,0.008204775860321284,0.0068039402428577206,0.006744623004811168,NORMAL,NORMAL,0.0,TRADE,False,False
2026-01-15,0.005941636798259815,0.011549434485153833,0.00641827302261305,0.008008752545979032,NORMAL,CALM,0.0,TRADE,False,False
2026-01-16,0.00606418467532692,0.00855509505212342,0.00686787759068507,0.005941636798259815,NORMAL,CALM,0.0,TRADE,False,False
2026-01-20,0.011961708549154857,0.007881351555811133,0.007916055554682609,0.00606418467532692,NORMAL,NORMAL,0.04911336251133708,TRADE,False,False
2026-01-21,0.01548003071632771,0.01609067372942196,0.010844213472895952,0.011961708549154857,VOLATILE,VOLATILE,0.35,REDUCE,True,True
2026-01-22,0.005948420985647444,0.010755378264136617,0.009850274883722865,0.01548003071632771,NORMAL,CALM,0.09185996359054838,TRADE,False,False
2026-01-23,0.005422816071570754,0.0076801354460971066,0.008145568949412362,0.005948420985647444,NORMAL,CALM,0.04755454905122252,TRADE,False,False
2026-01-26,0.0062196402546209634,0.0018155406156520918,0.006676779076849555,0.005422816071570754,CALM,CALM,0.0,TRADE,False,False
2026-01-27,0.004305221390877895,0.006034532567475844,0.007295833150851626,0.0062196402546209634,CALM,CALM,0.0,TRADE,False,False
2026-01-28,0.0055441302485003865,0.009308705198842708,0.0075137994647480714,0.004305221390877895,NORMAL,CALM,0.052490212428228426,TRADE,False,False
2026-01-29,0.017489903607758383,0.007616520577968418,0.0075800089650595115,0.0055441302485003865,NORMAL,VOLATILE,0.0,TRADE,True,False
2026-01-30,0.01016370459187574,0.010216830685573773,0.010575423928523153,0.017489903607758383,NORMAL,NORMAL,0.09602237164784591,TRADE,False,False
2026-02-02,0.011216428786231454,0.01081782245055434,0.010075736141078888,0.01016370459187574,NORMAL,NORMAL,0.09820689213897509,TRADE,False,False
2026-02-03,0.018757560357600404,0.008137723570161837,0.008388592636515665,0.011216428786231454,NORMAL,DANGER,0.04770074095437321,TRADE,True,False
2026-02-04,0.014050111921438365,0.012536653702204768,0.011648734965044245,0.018757560357600404,VOLATILE,VOLATILE,0.19516854426987917,TRADE,False,False
2026-02-05,0.011366910473148417,0.021059582726317246,0.020364346590134433,0.014050111921438365,DANGER,NORMAL,0.7043720646665387,SKIP,False,True
2026-02-06,0.01879930876049263,0.024679914476005326,0.016251213925997775,0.011366910473148417,DANGER,DANGER,0.49774081239642076,SKIP,True,True
2026-02-09,0.010731127643026353,0.012834304546800186,0.011427849804012447,0.01879930876049263,VOLATILE,NORMAL,0.347284374019562,REDUCE,False,True
2026-02-10,0.007068617203551827,0.005573112555205976,0.007478488710410626,0.010731127643026353,CALM,NORMAL,0.0,TRADE,False,False
2026-02-11,0.011683542416806084,0.0030834865143576926,0.007075330760433887,0.007068617203551827,CALM,NORMAL,0.046424385825627836,TRADE,False,False
2026-02-12,0.021441486502413253,0.008856191528519141,0.00916625630453903,0.011683542416806084,NORMAL,DANGER,0.09808643228729019,TRADE,True,False
2026-02-13,0.012789954157503267,0.02192560261949139,0.017330683673463906,0.021441486502413253,DANGER,VOLATILE,0.5460712508355458,SKIP,False,True
2026-02-17,0.013415231397711945,0.02074617079972539,0.016879029339059378,0.012789954157503267,DANGER,VOLATILE,0.5524027558533454,SKIP,False,True
2026-02-18,0.008673353288172387,0.020343473964147936,0.016540639870399495,0.013415231397711945,DANGER,NORMAL,0.5478142717496505,SKIP,False,True
2026-02-19,0.006712974433565381,0.0098744886110912,0.012202461751134352,0.008673353288172387,NORMAL,CALM,0.24803422729114177,TRADE,False,False
2026-02-20,0.011621654007008318,0.011753313280557329,0.01263000148904947,0.006712974433565381,NORMAL,NORMAL,0.3025186298775092,REDUCE,False,True
2026-02-23,0.01407571092193448,0.006692713019433906,0.008561866620890025,0.011621654007008318,CALM,VOLATILE,0.050206460845819506,TRADE,False,False
2026-02-24,0.012247399219290427,0.014266658807723027,0.012052064489627116,0.01407571092193448,VOLATILE,VOLATILE,0.30373431354046443,REDUCE,False,True
2026-02-25,0.005402630456317011,0.009079996696048382,0.009732038520596517,0.012247399219290427,NORMAL,CALM,0.15517991348799792,TRADE,False,False
2026-02-26,0.012602343644254563,0.005798286040759442,0.007391979776716945,0.005402630456317011,CALM,VOLATILE,0.0,TRADE,False,False
2026-02-27,0.007470240091941454,0.008275773199603646,0.012462347165161893,0.012602343644254563,NORMAL,NORMAL,0.23832743986111682,TRADE,False,False
2026-03-02,0.015262969714376125,0.014274571589457493,0.015502476326040508,0.007470240091941454,VOLATILE,VOLATILE,0.39963359547068966,REDUCE,True,True
2026-03-03,0.019062506433577556,0.022962455834663255,0.018605853627574262,0.015262969714376125,DANGER,DANGER,0.6403994640923538,SKIP,True,True
2026-03-04,0.010875786225662943,0.021823115297217283,0.015816907323415473,0.019062506433577556,DANGER,NORMAL,0.44889539630808306,SKIP,False,True
2026-03-05,0.014545152005231371,0.014712866871400165,0.013742447968243959,0.010875786225662943,VOLATILE,VOLATILE,0.35251834939868915,REDUCE,False,True
2026-03-06,0.00913868013585398,0.022011400056438216,0.020717857615573262,0.014545152005231371,DANGER,NORMAL,0.7514006354392451,SKIP,False,True
2026-03-09,0.026030627779933674,0.02555508122068219,0.018994633077117833,0.00913868013585398,DANGER,DANGER,0.7468481441926178,SKIP,True,True
2026-03-10,0.012556352036912811,0.02229188450284844,0.017373130782125372,0.026030627779933674,DANGER,VOLATILE,0.5945715356186975,SKIP,False,True
2026-03-11,0.009655247574037972,0.01962003081875361,0.019200536995365405,0.012556352036912811,DANGER,NORMAL,0.699997073447902,SKIP,False,True
2026-03-12,0.010455608169853265,0.01104615292952571,0.017736486017328353,0.009655247574037972,NORMAL,NORMAL,0.5502585372038423,SKIP,False,True
2026-03-13,0.01639022460511668,0.016180414527018436,0.013894779282975778,0.010455608169853265,VOLATILE,VOLATILE,0.4498311852546373,SKIP,True,True
2026-03-16,0.008303405415042929,0.018390794964762945,0.016848215352902617,0.01639022460511668,DANGER,NORMAL,0.5529317429120035,SKIP,False,True
2026-03-17,0.006470951378610158,0.01261792392008338,0.015577178565559199,0.008303405415042929,VOLATILE,CALM,0.3915156981421948,REDUCE,False,True
2026-03-18,0.012470957838845187,0.006424880164672843,0.013001129383689039,0.006470951378610158,CALM,VOLATILE,0.2522258704163205,REDUCE,False,True
2026-03-19,0.011988236580830985,0.01529512300145674,0.016754757030207335,0.012470957838845187,VOLATILE,NORMAL,0.6517819950359611,SKIP,False,True
2026-03-20,0.01836940797554376,0.01630235553429405,0.016819714063452052,0.011988236580830985,VOLATILE,DANGER,0.5425421484976581,SKIP,True,True
2026-03-23,0.01309057393505051,0.02261694081215072,0.019205816669194135,0.01836940797554376,DANGER,VOLATILE,0.6483806539769736,SKIP,False,True
2026-03-24,0.010781292686761068,0.017764953756268825,0.01780550951731885,0.01309057393505051,VOLATILE,NORMAL,0.6052078771482691,SKIP,False,True
2026-03-25,0.009931270696461955,0.022730702557660104,0.02130062763400212,0.010781292686761068,DANGER,NORMAL,0.8016839931035861,SKIP,False,True
