date,unfiltered_pnl,action,size,filtered_pnl,actual_range
2023-06-01,60,REDUCE,0.5,30.0,0.014532527856601547
2023-06-02,60,TRADE,1.0,60.0,0.011709474865656967
2023-06-05,120,TRADE,1.0,120.0,0.00757881760172217
2023-06-06,150,TRADE,1.0,150.0,0.005909152631258523
2023-06-07,120,TRADE,1.0,120.0,0.008220801919042616
2023-06-08,120,TRADE,1.0,120.0,0.00865370874905428
2023-06-09,120,TRADE,1.0,120.0,0.007182546319525764
2023-06-12,120,TRADE,1.0,120.0,0.008300219110929602
2023-06-13,150,TRADE,1.0,150.0,0.00598721227033883
2023-06-14,60,SKIP,0.0,0.0,0.012360608205135102
2023-06-15,-200,TRADE,1.0,-200.0,0.017547356099080588
2023-06-16,120,TRADE,1.0,120.0,0.00923901417489516
2023-06-20,120,REDUCE,0.5,60.0,0.007497537595738059
2023-06-21,150,TRADE,1.0,150.0,0.005954324305195633
2023-06-22,150,TRADE,1.0,150.0,0.006986729117876726
2023-06-23,150,TRADE,1.0,150.0,0.005789852026907547
2023-06-26,120,TRADE,1.0,120.0,0.007820771305732886
2023-06-27,60,TRADE,1.0,60.0,0.011394027703487854
2023-06-28,150,TRADE,1.0,150.0,0.0068987150484948094
2023-06-29,150,TRADE,1.0,150.0,0.006038939962605219
2023-06-30,120,TRADE,1.0,120.0,0.008149347419071817
2023-07-03,150,TRADE,1.0,150.0,0.003183926228182145
2023-07-05,150,TRADE,1.0,150.0,0.003928375251010961
2023-07-06,120,TRADE,1.0,120.0,0.008494964523291558
2023-07-07,120,TRADE,1.0,120.0,0.00976038360419038
2023-07-10,150,TRADE,1.0,150.0,0.005161313813796795
2023-07-11,120,TRADE,1.0,120.0,0.007967297392170917
2023-07-12,150,TRADE,1.0,150.0,0.005620354142745039
2023-07-13,150,TRADE,1.0,150.0,0.006238450406323152
2023-07-14,150,TRADE,1.0,150.0,0.0062463867310797215
2023-07-17,150,TRADE,1.0,150.0,0.006198906153662063
2023-07-18,60,TRADE,1.0,60.0,0.010551154633794664
2023-07-19,150,TRADE,1.0,150.0,0.004590402443540401
2023-07-20,120,TRADE,1.0,120.0,0.00816357001392053
2023-07-21,150,TRADE,1.0,150.0,0.004221829562037387
2023-07-24,150,TRADE,1.0,150.0,0.0048686113232630016
2023-07-25,150,TRADE,1.0,150.0,0.006190740671629465
2023-07-26,120,TRADE,1.0,120.0,0.007653061224489868
2023-07-27,-200,TRADE,1.0,-200.0,0.017073849673572027
2023-07-28,150,TRADE,1.0,150.0,0.0057274270382740265
2023-07-31,150,TRADE,1.0,150.0,0.004597781374186975
2023-08-01,150,TRADE,1.0,150.0,0.0037323945199974986
2023-08-02,120,TRADE,1.0,120.0,0.009927641163454567
2023-08-03,120,TRADE,1.0,120.0,0.007554063285027338
2023-08-04,60,TRADE,1.0,60.0,0.01457478577568254
2023-08-07,150,TRADE,1.0,150.0,0.00638750729142095
2023-08-08,120,TRADE,1.0,120.0,0.008652676838527105
2023-08-09,120,TRADE,1.0,120.0,0.009132369373351892
2023-08-10,-200,TRADE,1.0,-200.0,0.015477495787981669
2023-08-11,120,TRADE,1.0,120.0,0.007246067463696641
2023-08-14,120,TRADE,1.0,120.0,0.00827476991474011
2023-08-15,60,TRADE,1.0,60.0,0.010422271689064495
2023-08-16,60,TRADE,1.0,60.0,0.010465087430843508
2023-08-17,60,TRADE,1.0,60.0,0.012757227737120532
2023-08-18,60,REDUCE,0.5,30.0,0.010704553405387332
2023-08-21,60,TRADE,1.0,60.0,0.010786981654140831
2023-08-22,120,TRADE,1.0,120.0,0.008112643902041231
2023-08-23,60,TRADE,1.0,60.0,0.010631328984360231
2023-08-24,-200,TRADE,1.0,-200.0,0.018573968162759587
2023-08-25,60,TRADE,1.0,60.0,0.014163731552064317
2023-08-28,150,TRADE,1.0,150.0,0.005553509578561564
2023-08-29,-200,TRADE,1.0,-200.0,0.015444137386498231
2023-08-30,150,TRADE,1.0,150.0,0.00623508446028511
2023-08-31,150,TRADE,1.0,150.0,0.005505854536518602
2023-09-01,120,TRADE,1.0,120.0,0.008806780558866294
2023-09-05,150,TRADE,1.0,150.0,0.0040531611552839086
2023-09-06,60,TRADE,1.0,60.0,0.01068290890465114
2023-09-07,150,TRADE,1.0,150.0,0.0061674803531362515
2023-09-08,150,TRADE,1.0,150.0,0.005650034821288081
2023-09-11,150,TRADE,1.0,150.0,0.0051060259139742
2023-09-12,150,TRADE,1.0,150.0,0.006769097327011278
2023-09-13,150,TRADE,1.0,150.0,0.005797004022273737
2023-09-14,120,TRADE,1.0,120.0,0.007420149829091485
2023-09-15,60,TRADE,1.0,60.0,0.01128728896082231
2023-09-18,150,TRADE,1.0,150.0,0.005455408503238376
2023-09-19,120,TRADE,1.0,120.0,0.0074773755401640555
2023-09-20,60,TRADE,1.0,60.0,0.013396035312532901
2023-09-21,60,REDUCE,0.5,30.0,0.010636984610320081
2023-09-22,120,SKIP,0.0,0.0,0.009422489600943367
2023-09-25,120,TRADE,1.0,120.0,0.008307389656244439
2023-09-26,60,TRADE,1.0,60.0,0.010904546382000115
2023-09-27,60,TRADE,1.0,60.0,0.01247831355965834
2023-09-28,60,REDUCE,0.5,30.0,0.012387432225123916
2023-09-29,60,REDUCE,0.5,30.0,0.013467554491726305
2023-10-02,120,TRADE,1.0,120.0,0.00942229234546691
2023-10-03,-200,REDUCE,0.5,-100.0,0.015153112008899777
2023-10-04,60,SKIP,0.0,0.0,0.011341976413790927
2023-10-05,120,REDUCE,0.5,60.0,0.009677623840481264
2023-10-06,-600,REDUCE,0.5,-300.0,0.024688355266731098
2023-10-09,60,TRADE,1.0,60.0,0.013508913458085902
2023-10-10,60,TRADE,1.0,60.0,0.010558211878564367
2023-10-11,120,TRADE,1.0,120.0,0.007626088091623024
2023-10-12,60,TRADE,1.0,60.0,0.0137915607152803
2023-10-13,60,TRADE,1.0,60.0,0.014936394762973912
2023-10-16,120,TRADE,1.0,120.0,0.009432637016191627
2023-10-17,60,TRADE,1.0,60.0,0.012894599365280953
2023-10-18,60,TRADE,1.0,60.0,0.013852456194705421
2023-10-19,-200,REDUCE,0.5,-100.0,0.016163892848547766
2023-10-20,60,SKIP,0.0,0.0,0.012525006726955942
2023-10-23,-200,SKIP,0.0,0.0,0.015822724681740428
2023-10-24,120,REDUCE,0.5,60.0,0.009431534613377862
2023-10-25,60,TRADE,1.0,60.0,0.012049843824573175
2023-10-26,60,TRADE,1.0,60.0,0.013338154545389412
2023-10-27,60,TRADE,1.0,60.0,0.012742810497648664
2023-10-30,60,REDUCE,0.5,30.0,0.010757623707841169
2023-10-31,60,SKIP,0.0,0.0,0.010171815703864304
2023-11-01,60,SKIP,0.0,0.0,0.011401314364466111
2023-11-02,60,TRADE,1.0,60.0,0.012056435174989348
2023-11-03,120,TRADE,1.0,120.0,0.009088119458358308
2023-11-06,150,TRADE,1.0,150.0,0.0056550121784399885
2023-11-07,120,TRADE,1.0,120.0,0.007065624420263882
2023-11-08,120,TRADE,1.0,120.0,0.00717092763612551
2023-11-09,60,TRADE,1.0,60.0,0.011262897338212565
2023-11-10,60,TRADE,1.0,60.0,0.014823046870524525
2023-11-13,150,TRADE,1.0,150.0,0.00634040293555675
2023-11-14,60,TRADE,1.0,60.0,0.011146071850673994
2023-11-15,150,TRADE,1.0,150.0,0.0057399063325416005
2023-11-16,150,TRADE,1.0,150.0,0.005372374963309493
2023-11-17,150,TRADE,1.0,150.0,0.0045370380636648965
2023-11-20,60,TRADE,1.0,60.0,0.010361947824545073
2023-11-21,150,TRADE,1.0,150.0,0.0036639882611368517
2023-11-22,150,TRADE,1.0,150.0,0.0051350306608332254
2023-11-24,150,TRADE,1.0,150.0,0.0016484336587764756
2023-11-27,150,TRADE,1.0,150.0,0.003117549167263259
2023-11-28,150,TRADE,1.0,150.0,0.00607847235208063
2023-11-29,120,TRADE,1.0,120.0,0.008856390424861913
2023-11-30,120,TRADE,1.0,120.0,0.0071681518901748125
2023-12-01,120,TRADE,1.0,120.0,0.009799470547853633
2023-12-04,150,TRADE,1.0,150.0,0.005619614536069521
2023-12-05,150,TRADE,1.0,150.0,0.005898293927258788
2023-12-06,120,TRADE,1.0,120.0,0.009646267195496036
2023-12-07,150,TRADE,1.0,150.0,0.005625060190332736
2023-12-08,120,TRADE,1.0,120.0,0.007685415847209292
2023-12-11,150,TRADE,1.0,150.0,0.0066007893951960765
2023-12-12,120,TRADE,1.0,120.0,0.0077604313275447985
2023-12-13,60,TRADE,1.0,60.0,0.014304162541431716
2023-12-14,120,TRADE,1.0,120.0,0.009368698422381416
2023-12-15,150,TRADE,1.0,150.0,0.004420658304749693
2023-12-18,150,TRADE,1.0,150.0,0.005066044802966093
2023-12-19,150,TRADE,1.0,150.0,0.0052638014048045296
2023-12-20,-200,TRADE,1.0,-200.0,0.01682991481154242
2023-12-21,120,TRADE,1.0,120.0,0.008543082664273293
2023-12-22,120,TRADE,1.0,120.0,0.007608457862143066
2023-12-26,150,TRADE,1.0,150.0,0.005520229634828602
2023-12-27,150,TRADE,1.0,150.0,0.003454524505336956
2023-12-28,150,TRADE,1.0,150.0,0.002573938041634413
2023-12-29,120,TRADE,1.0,120.0,0.007618840531228153
2024-01-02,150,TRADE,1.0,150.0,0.0066720053949253675
2024-01-03,150,TRADE,1.0,150.0,0.006260224716247575
2024-01-04,120,TRADE,1.0,120.0,0.008355650548599018
2024-01-05,120,TRADE,1.0,120.0,0.008395568129246576
2024-01-08,60,TRADE,1.0,60.0,0.013759380912898411
2024-01-09,120,TRADE,1.0,120.0,0.007406267068472096
2024-01-10,120,TRADE,1.0,120.0,0.0072689991890654854
2024-01-11,60,TRADE,1.0,60.0,0.01229515893767491
2024-01-12,150,TRADE,1.0,150.0,0.00697531714525442
2024-01-16,120,TRADE,1.0,120.0,0.007380011943801325
2024-01-17,150,TRADE,1.0,150.0,0.0062057803858513805
2024-01-18,120,TRADE,1.0,120.0,0.009499800424360886
2024-01-19,60,TRADE,1.0,60.0,0.01171741432943861
2024-01-22,150,TRADE,1.0,150.0,0.005019141141710314
2024-01-23,150,TRADE,1.0,150.0,0.004552380168011792
2024-01-24,120,TRADE,1.0,120.0,0.007720064804359707
2024-01-25,150,TRADE,1.0,150.0,0.005895642422431577
2024-01-26,150,TRADE,1.0,150.0,0.0051586140878026685
2024-01-29,120,TRADE,1.0,120.0,0.008565384890505885
2024-01-30,150,TRADE,1.0,150.0,0.003008593370944075
2024-01-31,60,TRADE,1.0,60.0,0.012573507049124522
2024-02-01,60,TRADE,1.0,60.0,0.010995431084669926
2024-02-02,60,TRADE,1.0,60.0,0.01368982477837947
2024-02-05,120,TRADE,1.0,120.0,0.007887533058042854
2024-02-06,150,TRADE,1.0,150.0,0.004624092958611505
2024-02-07,150,TRADE,1.0,150.0,0.0062014256844391555
2024-02-08,150,TRADE,1.0,150.0,0.002664579312774664
2024-02-09,150,TRADE,1.0,150.0,0.005939046834939711
2024-02-12,150,TRADE,1.0,150.0,0.00627831058539883
2024-02-13,60,TRADE,1.0,60.0,0.010263811559720887
2024-02-14,120,TRADE,1.0,120.0,0.009257621914461065
2024-02-15,150,TRADE,1.0,150.0,0.0066518226553725565
2024-02-16,120,TRADE,1.0,120.0,0.007787514932033038
2024-02-20,120,TRADE,1.0,120.0,0.007754563748166003
2024-02-21,120,TRADE,1.0,120.0,0.00749743604209526
2024-02-22,60,TRADE,1.0,60.0,0.011026369216663471
2024-02-23,150,TRADE,1.0,150.0,0.00580287477553076
2024-02-26,150,TRADE,1.0,150.0,0.005645002945218928
2024-02-27,150,TRADE,1.0,150.0,0.004611200882828131
2024-02-28,150,TRADE,1.0,150.0,0.0037535522576569954
2024-02-29,120,TRADE,1.0,120.0,0.008475309515943701
2024-03-01,120,TRADE,1.0,120.0,0.009055586828308676
2024-03-04,150,TRADE,1.0,150.0,0.0043831697196836834
2024-03-05,60,TRADE,1.0,60.0,0.011294349694356005
2024-03-06,150,TRADE,1.0,150.0,0.006998784267124508
2024-03-07,120,TRADE,1.0,120.0,0.00728901601206455
2024-03-08,60,TRADE,1.0,60.0,0.013894966753542523
2024-03-11,150,TRADE,1.0,150.0,0.006557171808856002
2024-03-12,60,TRADE,1.0,60.0,0.012735913366963428
2024-03-13,150,TRADE,1.0,150.0,0.005269170327960471
2024-03-14,60,TRADE,1.0,60.0,0.010347546153340813
2024-03-15,150,TRADE,1.0,150.0,0.006345507103805803
2024-03-18,150,TRADE,1.0,150.0,0.005845071652081491
2024-03-19,120,TRADE,1.0,120.0,0.009480277636702268
2024-03-20,60,TRADE,1.0,60.0,0.010544822249111664
2024-03-21,150,TRADE,1.0,150.0,0.0038907913496516577
2024-03-22,150,TRADE,1.0,150.0,0.0030939555324961195
2024-03-25,150,TRADE,1.0,150.0,0.002490650481270308
2024-03-26,150,TRADE,1.0,150.0,0.006070168392667562
2024-03-27,150,TRADE,1.0,150.0,0.006761941025312341
2024-03-28,150,TRADE,1.0,150.0,0.003626122564086077
2024-04-01,150,TRADE,1.0,150.0,0.006609014505598168
2024-04-02,150,TRADE,1.0,150.0,0.0046673033209140855
2024-04-03,150,TRADE,1.0,150.0,0.006618704481967998
2024-04-04,-600,TRADE,1.0,-600.0,0.021077220850296955
2024-04-05,60,TRADE,1.0,60.0,0.012593647932234322
2024-04-08,150,TRADE,1.0,150.0,0.004263754060832247
2024-04-09,60,TRADE,1.0,60.0,0.012273266590378177
2024-04-10,120,REDUCE,0.5,60.0,0.0076878720094120745
2024-04-11,60,TRADE,1.0,60.0,0.0141138035357
2024-04-12,60,TRADE,1.0,60.0,0.01297300014889271
2024-04-15,-600,REDUCE,0.5,-300.0,0.022517947751991882
2024-04-16,120,SKIP,0.0,0.0,0.007899948465719875
2024-04-17,60,SKIP,0.0,0.0,0.013949579500371878
2024-04-18,60,TRADE,1.0,60.0,0.010885378573472732
2024-04-19,60,REDUCE,0.5,30.0,0.013077771384733419
2024-04-22,60,REDUCE,0.5,30.0,0.01392328159556326
2024-04-23,120,TRADE,1.0,120.0,0.009576742197520279
2024-04-24,120,TRADE,1.0,120.0,0.008350279063730197
2024-04-25,60,TRADE,1.0,60.0,0.013380797947361306
2024-04-26,120,TRADE,1.0,120.0,0.008157886973537917
2024-04-29,150,TRADE,1.0,150.0,0.006812497922422806
2024-04-30,60,TRADE,1.0,60.0,0.014796876040895088
2024-05-01,-200,SKIP,0.0,0.0,0.016438557733797588
2024-05-02,60,REDUCE,0.5,30.0,0.012310568551804967
2024-05-03,120,TRADE,1.0,120.0,0.007398326689805074
2024-05-06,120,TRADE,1.0,120.0,0.007502304362537468
2024-05-07,150,TRADE,1.0,150.0,0.004100478099938219
2024-05-08,150,TRADE,1.0,150.0,0.005047417478883677
2024-05-09,150,TRADE,1.0,150.0,0.0067238000165734885
2024-05-10,150,TRADE,1.0,150.0,0.005737261003274251
2024-05-13,150,TRADE,1.0,150.0,0.004987502579742783
2024-05-14,150,TRADE,1.0,150.0,0.0062036735553811125
2024-05-15,120,TRADE,1.0,120.0,0.00921482123246809
2024-05-16,150,TRADE,1.0,150.0,0.005517818032530679
2024-05-17,150,TRADE,1.0,150.0,0.004122117252173195
2024-05-20,150,TRADE,1.0,150.0,0.004320167378212572
2024-05-21,150,TRADE,1.0,150.0,0.004991799859965354
2024-05-22,150,TRADE,1.0,150.0,0.006987787820908107
2024-05-23,-200,TRADE,1.0,-200.0,0.015907465179597964
2024-05-24,150,TRADE,1.0,150.0,0.0062975129935906446
2024-05-28,150,TRADE,1.0,150.0,0.006587771425776495
2024-05-29,150,TRADE,1.0,150.0,0.0037073311194170985
2024-05-30,120,TRADE,1.0,120.0,0.007245563969527122
2024-05-31,-200,TRADE,1.0,-200.0,0.016907581424356385
2024-06-03,60,TRADE,1.0,60.0,0.012797447684132027
2024-06-04,120,TRADE,1.0,120.0,0.007799948467671056
2024-06-05,60,TRADE,1.0,60.0,0.01063509506104069
2024-06-06,150,TRADE,1.0,150.0,0.005037515398111294
2024-06-07,120,TRADE,1.0,120.0,0.008187042578235378
2024-06-10,150,TRADE,1.0,150.0,0.006416137137208264
2024-06-11,120,TRADE,1.0,120.0,0.00909770222305246
2024-06-12,120,TRADE,1.0,120.0,0.007047344027597763
2024-06-13,120,TRADE,1.0,120.0,0.007243753594772456
2024-06-14,150,TRADE,1.0,150.0,0.0052801581097624535
2024-06-17,60,TRADE,1.0,60.0,0.012538873269000328
2024-06-18,150,TRADE,1.0,150.0,0.0034805474649161183
2024-06-20,120,TRADE,1.0,120.0,0.009085471064492727
2024-06-21,150,TRADE,1.0,150.0,0.004807226204870637
2024-06-24,120,TRADE,1.0,120.0,0.007888885225603381
2024-06-25,150,TRADE,1.0,150.0,0.004819868405872422
2024-06-26,150,TRADE,1.0,150.0,0.005726361590342728
2024-06-27,150,TRADE,1.0,150.0,0.004251323171812363
2024-06-28,60,TRADE,1.0,60.0,0.013213130046934751
2024-07-01,150,TRADE,1.0,150.0,0.0060353714440294125
2024-07-02,120,TRADE,1.0,120.0,0.009385115638685737
2024-07-03,150,TRADE,1.0,150.0,0.005783086152550071
2024-07-05,150,TRADE,1.0,150.0,0.006988195907842457
2024-07-08,150,TRADE,1.0,150.0,0.0036965591494324086
2024-07-09,150,TRADE,1.0,150.0,0.002897439938111595
2024-07-10,120,TRADE,1.0,120.0,0.008754735068660861
2024-07-11,60,TRADE,1.0,60.0,0.01169787816248198
2024-07-12,60,TRADE,1.0,60.0,0.011647790282537759
2024-07-15,120,TRADE,1.0,120.0,0.00925656597187728
2024-07-16,150,TRADE,1.0,150.0,0.005430459117413017
2024-07-17,150,TRADE,1.0,150.0,0.006716493733589667
2024-07-18,-200,TRADE,1.0,-200.0,0.016267990357596206
2024-07-19,60,TRADE,1.0,60.0,0.010906722805802254
2024-07-22,120,TRADE,1.0,120.0,0.007452376572267439
2024-07-23,150,TRADE,1.0,150.0,0.006188345641744471
2024-07-24,-200,TRADE,1.0,-200.0,0.015993926449006945
2024-07-25,-200,TRADE,1.0,-200.0,0.01853850829848773
2024-07-26,60,SKIP,0.0,0.0,0.010604250902244688
2024-07-29,120,TRADE,1.0,120.0,0.007906437446932865
2024-07-30,-200,REDUCE,0.5,-100.0,0.016018310812907412
2024-07-31,60,SKIP,0.0,0.0,0.010491155353013976
2024-08-01,-600,TRADE,1.0,-600.0,0.0281228782341129
2024-08-02,-200,SKIP,0.0,0.0,0.015225150326505744
2024-08-05,-600,SKIP,0.0,0.0,0.025553566783275177
2024-08-06,-600,SKIP,0.0,0.0,0.022814141002838753
2024-08-07,-600,SKIP,0.0,0.0,0.02552365046768176
2024-08-08,-200,SKIP,0.0,0.0,0.017930270324812307
2024-08-09,60,SKIP,0.0,0.0,0.01088122288161424
2024-08-12,120,TRADE,1.0,120.0,0.008750196192739734
2024-08-13,60,REDUCE,0.5,30.0,0.011069410710101292
2024-08-14,120,REDUCE,0.5,60.0,0.008692919983242639
2024-08-15,120,TRADE,1.0,120.0,0.008198315618790948
2024-08-16,150,TRADE,1.0,150.0,0.00665581773799828
2024-08-19,60,TRADE,1.0,60.0,0.01035767819579186
2024-08-20,150,TRADE,1.0,150.0,0.006248572162887696
2024-08-21,120,TRADE,1.0,120.0,0.007337022964114548
2024-08-22,60,TRADE,1.0,60.0,0.014592649221234714
2024-08-23,60,SKIP,0.0,0.0,0.010113360309433815
2024-08-26,120,REDUCE,0.5,60.0,0.008738115418305313
2024-08-27,150,TRADE,1.0,150.0,0.006728670382606249
2024-08-28,60,TRADE,1.0,60.0,0.011748578987325104
2024-08-29,60,REDUCE,0.5,30.0,0.01127815526189071
2024-08-30,60,TRADE,1.0,60.0,0.012396797286173942
2024-09-03,-600,TRADE,1.0,-600.0,0.021259306280883943
2024-09-04,120,REDUCE,0.5,60.0,0.008958210754937626
2024-09-05,60,SKIP,0.0,0.0,0.011912870827959054
2024-09-06,-600,SKIP,0.0,0.0,0.021761906404737026
2024-09-09,120,REDUCE,0.5,60.0,0.009134391876620485
2024-09-10,60,TRADE,1.0,60.0,0.010234021976100507
2024-09-11,-600,SKIP,0.0,0.0,0.02791817219208136
2024-09-12,60,SKIP,0.0,0.0,0.011733735434045654
2024-09-13,150,TRADE,1.0,150.0,0.006178457848354874
2024-09-16,150,TRADE,1.0,150.0,0.005613325236277973
2024-09-17,60,TRADE,1.0,60.0,0.010036230154309728
2024-09-18,60,SKIP,0.0,0.0,0.013235419236823085
2024-09-19,120,TRADE,1.0,120.0,0.008268114887341391
2024-09-20,120,TRADE,1.0,120.0,0.00711953818454413
2024-09-23,150,TRADE,1.0,150.0,0.003701045186365206
2024-09-24,150,TRADE,1.0,150.0,0.0063429044321764785
2024-09-25,150,TRADE,1.0,150.0,0.005052627907179431
2024-09-26,120,TRADE,1.0,120.0,0.008045510237373732
2024-09-27,150,TRADE,1.0,150.0,0.006331489255233314
2024-09-30,60,TRADE,1.0,60.0,0.010758715589922078
2024-10-01,60,TRADE,1.0,60.0,0.013277802189404475
2024-10-02,120,TRADE,1.0,120.0,0.008007876254356703
2024-10-03,120,TRADE,1.0,120.0,0.007267219941770958
2024-10-04,120,TRADE,1.0,120.0,0.008780858495367324
2024-10-07,120,TRADE,1.0,120.0,0.00914810554567949
2024-10-08,120,REDUCE,0.5,60.0,0.007525606996856164
2024-10-09,120,TRADE,1.0,120.0,0.009002399248930724
2024-10-10,150,SKIP,0.0,0.0,0.005238510580856771
2024-10-11,120,TRADE,1.0,120.0,0.008145327605284067
2024-10-14,120,TRADE,1.0,120.0,0.007176906279964552
2024-10-15,60,TRADE,1.0,60.0,0.011229405086981887
2024-10-16,150,TRADE,1.0,150.0,0.006563994649777066
2024-10-17,150,TRADE,1.0,150.0,0.006503143498047872
2024-10-18,150,TRADE,1.0,150.0,0.004447531585836916
2024-10-21,120,TRADE,1.0,120.0,0.007192095352878735
2024-10-22,120,TRADE,1.0,120.0,0.00717849366502647
2024-10-23,60,TRADE,1.0,60.0,0.012415802553775047
2024-10-24,150,TRADE,1.0,150.0,0.005651620887620769
2024-10-25,60,TRADE,1.0,60.0,0.010784742781138739
2024-10-28,150,TRADE,1.0,150.0,0.003400795004396718
2024-10-29,120,TRADE,1.0,120.0,0.007735820526214418
2024-10-30,150,TRADE,1.0,150.0,0.00679965367371604
2024-10-31,60,TRADE,1.0,60.0,0.012549910481460914
2024-11-01,120,SKIP,0.0,0.0,0.008614031961028962
2024-11-04,120,REDUCE,0.5,60.0,0.00784608263538948
2024-11-05,60,TRADE,1.0,60.0,0.010719222428234025
2024-11-06,60,REDUCE,0.5,30.0,0.012148565446240253
2024-11-07,150,REDUCE,0.5,75.0,0.006159190612068535
2024-11-08,150,TRADE,1.0,150.0,0.0059714627992423315
2024-11-11,150,TRADE,1.0,150.0,0.005095808522748209
2024-11-12,120,TRADE,1.0,120.0,0.008301685655273526
2024-11-13,120,TRADE,1.0,120.0,0.007063442342229419
2024-11-14,120,TRADE,1.0,120.0,0.008614817486076112
2024-11-15,60,TRADE,1.0,60.0,0.010538172334887505
2024-11-18,120,TRADE,1.0,120.0,0.007178886549078435
2024-11-19,60,TRADE,1.0,60.0,0.011621706799771765
2024-11-20,60,TRADE,1.0,60.0,0.010163433282496385
2024-11-21,60,TRADE,1.0,60.0,0.01280346363486385
2024-11-22,150,TRADE,1.0,150.0,0.004801189699143384
2024-11-25,120,TRADE,1.0,120.0,0.009485538058969232
2024-11-26,150,TRADE,1.0,150.0,0.005524972375138064
2024-11-27,150,TRADE,1.0,150.0,0.005867867398501186
2024-11-29,150,TRADE,1.0,150.0,0.00669389305094296
2024-12-02,150,TRADE,1.0,150.0,0.0030214681520700786
2024-12-03,150,TRADE,1.0,150.0,0.0030911952235406397
2024-12-04,150,TRADE,1.0,150.0,0.0047418274324107935
2024-12-05,150,TRADE,1.0,150.0,0.003555574533218024
2024-12-06,150,TRADE,1.0,150.0,0.0032870828660601197
2024-12-09,150,TRADE,1.0,150.0,0.006555964892380599
2024-12-10,150,TRADE,1.0,150.0,0.005862067257770716
2024-12-11,150,TRADE,1.0,150.0,0.005353002813461797
2024-12-12,150,TRADE,1.0,150.0,0.004677089832721167
2024-12-13,120,TRADE,1.0,120.0,0.007054845200447498
2024-12-16,150,TRADE,1.0,150.0,0.0042959931000247815
2024-12-17,150,TRADE,1.0,150.0,0.003715789212811243
2024-12-18,-1500,TRADE,1.0,-1500.0,0.03354691491736462
2024-12-19,60,SKIP,0.0,0.0,0.011745883021491115
2024-12-20,-600,REDUCE,0.5,-300.0,0.025635056487504318
2024-12-23,60,TRADE,1.0,60.0,0.012740204536846142
2024-12-24,120,TRADE,1.0,120.0,0.009801775548363183
2024-12-26,120,TRADE,1.0,120.0,0.007034059920630328
2024-12-27,60,TRADE,1.0,60.0,0.0121907971302844
2024-12-30,60,REDUCE,0.5,30.0,0.012098292929685341
2024-12-31,60,TRADE,1.0,60.0,0.01028423545628695
2025-01-02,-200,TRADE,1.0,-200.0,0.017881645057137987
2025-01-03,60,REDUCE,0.5,30.0,0.01030033593218215
2025-01-06,60,TRADE,1.0,60.0,0.010200892222885189
2025-01-07,-200,TRADE,1.0,-200.0,0.0183539509382206
2025-01-08,120,TRADE,1.0,120.0,0.008985460168576874
2025-01-10,60,SKIP,0.0,0.0,0.014017842742791279
2025-01-13,60,SKIP,0.0,0.0,0.011293630945586363
2025-01-14,60,REDUCE,0.5,30.0,0.011349536717031301
2025-01-15,120,SKIP,0.0,0.0,0.009381546126217296
2025-01-16,150,TRADE,1.0,150.0,0.005696214205824886
2025-01-17,150,TRADE,1.0,150.0,0.006091336691463528
2025-01-21,120,TRADE,1.0,120.0,0.007420869553650428
2025-01-22,150,TRADE,1.0,150.0,0.004058282728126348
2025-01-23,120,TRADE,1.0,120.0,0.007249453616662747
2025-01-24,150,TRADE,1.0,150.0,0.0064429389864787325
2025-01-27,120,TRADE,1.0,120.0,0.009088563655127122
2025-01-28,60,TRADE,1.0,60.0,0.013258735318078545
2025-01-29,120,TRADE,1.0,120.0,0.008232497482542862
2025-01-30,120,TRADE,1.0,120.0,0.009780605710035995
2025-01-31,60,REDUCE,0.5,30.0,0.014758586075623331
2025-02-03,-200,TRADE,1.0,-200.0,0.016449875620848764
2025-02-04,120,TRADE,1.0,120.0,0.008604334010209777
2025-02-05,120,TRADE,1.0,120.0,0.009268410168674978
2025-02-06,150,TRADE,1.0,150.0,0.006126260247487709
2025-02-07,60,TRADE,1.0,60.0,0.013368118057644618
2025-02-10,150,TRADE,1.0,150.0,0.00472016406456734
2025-02-11,150,TRADE,1.0,150.0,0.005610547962415544
2025-02-12,120,TRADE,1.0,120.0,0.00995837399669382
2025-02-13,60,TRADE,1.0,60.0,0.010883428841086435
2025-02-14,150,TRADE,1.0,150.0,0.0032458400920936177
2025-02-18,150,TRADE,1.0,150.0,0.00492028227914269
2025-02-19,150,TRADE,1.0,150.0,0.00593027513338226
2025-02-20,120,TRADE,1.0,120.0,0.008135952400358604
2025-02-21,-200,TRADE,1.0,-200.0,0.017379499844621334
2025-02-24,60,TRADE,1.0,60.0,0.010921417892740412
2025-02-25,60,TRADE,1.0,60.0,0.01406715663250721
2025-02-26,60,TRADE,1.0,60.0,0.01291771550879522
2025-02-27,-600,SKIP,0.0,0.0,0.022553110393388007
2025-02-28,-600,TRADE,1.0,-600.0,0.020786307741166552
2025-03-03,-600,REDUCE,0.5,-300.0,0.029351594164531838
2025-03-04,-600,SKIP,0.0,0.0,0.022796017880309258
2025-03-05,-600,SKIP,0.0,0.0,0.020451935184800773
2025-03-06,-200,SKIP,0.0,0.0,0.017359532792821063
2025-03-07,-600,SKIP,0.0,0.0,0.020384176765321796
2025-03-10,-600,SKIP,0.0,0.0,0.024774905045597297
2025-03-11,-200,SKIP,0.0,0.0,0.019253522257814164
2025-03-12,-200,SKIP,0.0,0.0,0.017084930415798397
2025-03-13,-200,SKIP,0.0,0.0,0.016646855365585557
2025-03-14,60,SKIP,0.0,0.0,0.014633751808549847
2025-03-17,60,SKIP,0.0,0.0,0.012846901838313675
2025-03-18,60,SKIP,0.0,0.0,0.010039738050730924
2025-03-19,-200,SKIP,0.0,0.0,0.016534780207976413
2025-03-20,60,SKIP,0.0,0.0,0.013958051468765222
2025-03-21,60,SKIP,0.0,0.0,0.012030411687294506
2025-03-24,120,TRADE,1.0,120.0,0.009978874027645714
2025-03-25,150,TRADE,1.0,150.0,0.004593175853018328
2025-03-26,-200,TRADE,1.0,-200.0,0.015456558425132464
2025-03-27,60,TRADE,1.0,60.0,0.010769641339691438
2025-03-28,-200,SKIP,0.0,0.0,0.019979926750246558
2025-03-31,-600,SKIP,0.0,0.0,0.025114374148638607
2025-04-01,-200,SKIP,0.0,0.0,0.016444753310835187
2025-04-02,-600,SKIP,0.0,0.0,0.022188734150904325
2025-04-03,-200,SKIP,0.0,0.0,0.019789758845312144
2025-04-04,-1500,SKIP,0.0,0.0,0.04199435389086469
2025-04-07,-1500,SKIP,0.0,0.0,0.08307376776165315
2025-04-08,-1500,SKIP,0.0,0.0,0.06874847166785086
2025-04-09,-1500,SKIP,0.0,0.0,0.1073272806367415
2025-04-10,-1500,SKIP,0.0,0.0,0.04443738733269182
2025-04-11,-1500,SKIP,0.0,0.0,0.030575238414174623
2025-04-14,-200,SKIP,0.0,0.0,0.01864034281766121
2025-04-15,60,SKIP,0.0,0.0,0.0118200514043818
2025-04-16,-600,SKIP,0.0,0.0,0.027446938106170608
2025-04-17,60,SKIP,0.0,0.0,0.013708544986758988
2025-04-21,-600,SKIP,0.0,0.0,0.025092968770901156
2025-04-22,-200,SKIP,0.0,0.0,0.019574973068569937
2025-04-23,-600,SKIP,0.0,0.0,0.02103811768892043
2025-04-24,-600,SKIP,0.0,0.0,0.021823398459131227
2025-04-25,60,SKIP,0.0,0.0,0.013160938698260207
2025-04-28,-200,SKIP,0.0,0.0,0.01537649071659285
2025-04-29,60,SKIP,0.0,0.0,0.0120260597908464
2025-04-30,-600,SKIP,0.0,0.0,0.027020933040455095
2025-05-01,60,SKIP,0.0,0.0,0.010943727622779075
2025-05-02,60,SKIP,0.0,0.0,0.010347368346475672
2025-05-05,120,SKIP,0.0,0.0,0.008646725561064723
2025-05-06,60,SKIP,0.0,0.0,0.011334547536778407
2025-05-07,60,SKIP,0.0,0.0,0.013553181408504757
2025-05-08,60,SKIP,0.0,0.0,0.014958683522847703
2025-05-09,120,SKIP,0.0,0.0,0.008370234081325428
2025-05-12,60,SKIP,0.0,0.0,0.010209739633558335
2025-05-13,60,TRADE,1.0,60.0,0.010525866265811415
2025-05-14,150,TRADE,1.0,150.0,0.005840515267758204
2025-05-15,60,REDUCE,0.5,30.0,0.010059933694730024
2025-05-16,120,TRADE,1.0,120.0,0.008645508838624513
2025-05-19,60,TRADE,1.0,60.0,0.012353291952402907
2025-05-20,120,TRADE,1.0,120.0,0.007367957124545421
2025-05-21,-200,TRADE,1.0,-200.0,0.018182187344547886
2025-05-22,120,REDUCE,0.5,60.0,0.008946699855853056
2025-05-23,60,SKIP,0.0,0.0,0.010740432626701713
2025-05-27,60,REDUCE,0.5,30.0,0.012001906365998394
2025-05-28,120,REDUCE,0.5,60.0,0.009794887892073965
2025-05-29,60,REDUCE,0.5,30.0,0.01167179576966847
2025-05-30,60,SKIP,0.0,0.0,0.013293425953686516
2025-06-02,60,TRADE,1.0,60.0,0.012883520896504363
2025-06-03,120,TRADE,1.0,120.0,0.008815268347882375
2025-06-04,150,TRADE,1.0,150.0,0.00407597333306571
2025-06-05,60,REDUCE,0.5,30.0,0.01311465550222448
2025-06-06,150,TRADE,1.0,150.0,0.006387108196677464
2025-06-09,150,TRADE,1.0,150.0,0.004518180137660457
2025-06-10,120,TRADE,1.0,120.0,0.007109923443113204
2025-06-11,120,TRADE,1.0,120.0,0.009435677705814468
2025-06-12,150,TRADE,1.0,150.0,0.006913592572255808
2025-06-13,60,TRADE,1.0,60.0,0.010490687535829959
2025-06-16,120,TRADE,1.0,120.0,0.007799800133244492
2025-06-17,120,TRADE,1.0,120.0,0.008058681170629446
2025-06-18,120,SKIP,0.0,0.0,0.0077422414757687
2025-06-20,60,SKIP,0.0,0.0,0.010940601733095223
2025-06-23,60,TRADE,1.0,60.0,0.014329100268524202
2025-06-24,120,TRADE,1.0,120.0,0.007013451109596965
2025-06-25,150,TRADE,1.0,150.0,0.004655787871688989
2025-06-26,150,TRADE,1.0,150.0,0.006421698633364364
2025-06-27,120,TRADE,1.0,120.0,0.008995724063927672
2025-06-30,150,TRADE,1.0,150.0,0.006476290737176537
2025-07-01,150,TRADE,1.0,150.0,0.005302840518808759
2025-07-02,150,TRADE,1.0,150.0,0.00634658727647297
2025-07-03,150,TRADE,1.0,150.0,0.006113862891941932
2025-07-07,120,TRADE,1.0,120.0,0.009757087348858565
2025-07-08,150,TRADE,1.0,150.0,0.004002226489124983
2025-07-09,150,TRADE,1.0,150.0,0.006043249355712346
2025-07-10,150,TRADE,1.0,150.0,0.006188166209229695
2025-07-11,150,TRADE,1.0,150.0,0.005089774413013331
2025-07-14,150,TRADE,1.0,150.0,0.005449909274757623
2025-07-15,120,TRADE,1.0,120.0,0.009588120642575589
2025-07-16,60,TRADE,1.0,60.0,0.010637141258293988
2025-07-17,150,TRADE,1.0,150.0,0.006772679375418969
2025-07-18,150,TRADE,1.0,150.0,0.004805994028148367
2025-07-21,150,TRADE,1.0,150.0,0.005121543473640462
2025-07-22,150,TRADE,1.0,150.0,0.005456188754637975
2025-07-23,150,TRADE,1.0,150.0,0.006820085665966042
2025-07-24,150,TRADE,1.0,150.0,0.003256602707031481
2025-07-25,150,TRADE,1.0,150.0,0.004284137701510667
2025-07-28,150,TRADE,1.0,150.0,0.003951426217900484
2025-07-29,120,TRADE,1.0,120.0,0.0070781594911968155
2025-07-30,120,TRADE,1.0,120.0,0.009427649528382437
2025-07-31,-200,TRADE,1.0,-200.0,0.015462842810509397
2025-08-01,60,TRADE,1.0,60.0,0.011863635785268056
2025-08-04,120,TRADE,1.0,120.0,0.009404133800829368
2025-08-05,120,TRADE,1.0,120.0,0.008936927041660964
2025-08-06,120,TRADE,1.0,120.0,0.00819742285198045
2025-08-07,60,TRADE,1.0,60.0,0.012454661830595315
2025-08-08,150,TRADE,1.0,150.0,0.006284597543436671
2025-08-11,150,TRADE,1.0,150.0,0.00675934750933923
2025-08-12,120,TRADE,1.0,120.0,0.009505611266002306
2025-08-13,150,TRADE,1.0,150.0,0.005455949321255659
2025-08-14,150,TRADE,1.0,150.0,0.005090292649214586
2025-08-15,150,TRADE,1.0,150.0,0.006096600786120281
2025-08-18,150,TRADE,1.0,150.0,0.0027385485227354677
2025-08-19,120,TRADE,1.0,120.0,0.00872756831889587
2025-08-20,60,TRADE,1.0,60.0,0.010073954753052306
2025-08-21,150,TRADE,1.0,150.0,0.00641609320417557
2025-08-22,60,SKIP,0.0,0.0,0.014769938241923158
2025-08-25,150,TRADE,1.0,150.0,0.004464458543096802
2025-08-26,150,TRADE,1.0,150.0,0.006085006736083788
2025-08-27,150,TRADE,1.0,150.0,0.004521637940906162
2025-08-28,150,TRADE,1.0,150.0,0.006365055275885822
2025-08-29,120,TRADE,1.0,120.0,0.0072719931949307955
2025-09-02,120,TRADE,1.0,120.0,0.008741687508103562
2025-09-03,150,TRADE,1.0,150.0,0.005817723734140886
2025-09-04,120,TRADE,1.0,120.0,0.00876002849797113
2025-09-05,60,TRADE,1.0,60.0,0.013580780140540486
2025-09-08,150,TRADE,1.0,150.0,0.0039057630780737276
2025-09-09,150,TRADE,1.0,150.0,0.005404923323897086
2025-09-10,150,TRADE,1.0,150.0,0.006050113811754916
2025-09-11,120,TRADE,1.0,120.0,0.007184475795685675
2025-09-12,150,TRADE,1.0,150.0,0.0031438429535130407
2025-09-15,150,TRADE,1.0,150.0,0.002657685557182669
2025-09-16,150,TRADE,1.0,150.0,0.0040578913759241
2025-09-17,60,TRADE,1.0,60.0,0.01108878751587854
2025-09-18,150,TRADE,1.0,150.0,0.006776975486090654
2025-09-19,150,TRADE,1.0,150.0,0.00624481917705579
2025-09-22,120,TRADE,1.0,120.0,0.007635687106644205
2025-09-23,120,TRADE,1.0,120.0,0.008059840656023888
2025-09-24,120,TRADE,1.0,120.0,0.007631424677538519
2025-09-25,120,TRADE,1.0,120.0,0.007533076379462417
2025-09-26,150,TRADE,1.0,150.0,0.006732795394973526
2025-09-29,150,TRADE,1.0,150.0,0.004926759117206522
2025-09-30,120,TRADE,1.0,120.0,0.007549363825251383
2025-10-01,120,TRADE,1.0,120.0,0.009344448245440267
2025-10-02,150,TRADE,1.0,150.0,0.005750737969280873
2025-10-03,150,TRADE,1.0,150.0,0.006724049186717298
2025-10-06,150,TRADE,1.0,150.0,0.0047134927070061885
2025-10-07,120,TRADE,1.0,120.0,0.008083140877598115
2025-10-08,150,TRADE,1.0,150.0,0.005584581498452555
2025-10-09,120,TRADE,1.0,120.0,0.007160712965017359
2025-10-10,-1500,TRADE,1.0,-1500.0,0.03139534366195928
2025-10-13,120,TRADE,1.0,120.0,0.007243455295785788
2025-10-14,-200,SKIP,0.0,0.0,0.019027669863945287
2025-10-15,-200,SKIP,0.0,0.0,0.016747230599243185
2025-10-16,-200,REDUCE,0.5,-100.0,0.0172446785926788
2025-10-17,60,SKIP,0.0,0.0,0.011358979748293942
2025-10-20,120,TRADE,1.0,120.0,0.008116531266582488
2025-10-21,150,TRADE,1.0,150.0,0.004472483022228836
2025-10-22,60,TRADE,1.0,60.0,0.012766007945008024
2025-10-23,120,TRADE,1.0,120.0,0.007367628083208315
2025-10-24,150,TRADE,1.0,150.0,0.005174193415011948
2025-10-27,150,TRADE,1.0,150.0,0.004870381245380171
2025-10-28,150,TRADE,1.0,150.0,0.005881636594014941
2025-10-29,120,TRADE,1.0,120.0,0.009901677772231067
2025-10-30,120,TRADE,1.0,120.0,0.008754463960352803
2025-10-31,120,TRADE,1.0,120.0,0.009435731345496601
2025-11-03,120,TRADE,1.0,120.0,0.008965000174359783
2025-11-04,120,TRADE,1.0,120.0,0.007880951960073771
2025-11-05,120,TRADE,1.0,120.0,0.009848192774643758
2025-11-06,60,TRADE,1.0,60.0,0.013137210703651822
2025-11-07,60,REDUCE,0.5,30.0,0.014735266973110051
2025-11-10,60,TRADE,1.0,60.0,0.010428333942487843
2025-11-11,120,TRADE,1.0,120.0,0.007080773045524737
2025-11-12,150,TRADE,1.0,150.0,0.005866533095895751
2025-11-13,-200,TRADE,1.0,-200.0,0.01513666653482692
2025-11-14,-200,REDUCE,0.5,-100.0,0.01910031863839795
2025-11-17,-200,REDUCE,0.5,-100.0,0.017218754142704205
2025-11-18,60,SKIP,0.0,0.0,0.01389961738784772
2025-11-19,60,SKIP,0.0,0.0,0.01301721743960011
2025-11-20,-1500,SKIP,0.0,0.0,0.03507011797391783
2025-11-21,-600,SKIP,0.0,0.0,0.021069988727487405
2025-11-24,60,SKIP,0.0,0.0,0.012815412850672215
2025-11-25,-200,TRADE,1.0,-200.0,0.01738382536736435
2025-11-26,120,TRADE,1.0,120.0,0.007002230056450561
2025-11-28,150,TRADE,1.0,150.0,0.004559898688461106
2025-12-01,150,TRADE,1.0,150.0,0.006416335158463373
2025-12-02,150,TRADE,1.0,150.0,0.006564231089041679
2025-12-03,120,TRADE,1.0,120.0,0.007628435473765575
2025-12-04,150,TRADE,1.0,150.0,0.005730746657307228
2025-12-05,150,TRADE,1.0,150.0,0.005459984387561282
2025-12-08,120,TRADE,1.0,120.0,0.007429602047940545
2025-12-09,150,TRADE,1.0,150.0,0.00401864745980253
2025-12-10,60,REDUCE,0.5,30.0,0.011118769472114612
2025-12-11,60,TRADE,1.0,60.0,0.010203605730692466
2025-12-12,60,TRADE,1.0,60.0,0.014238730333897267
2025-12-15,120,TRADE,1.0,120.0,0.008760690301580621
2025-12-16,120,TRADE,1.0,120.0,0.00875425727781284
2025-12-17,60,TRADE,1.0,60.0,0.013498694670492487
2025-12-18,120,REDUCE,0.5,60.0,0.00850243284951743
2025-12-19,150,TRADE,1.0,150.0,0.006978161593023097
2025-12-22,150,TRADE,1.0,150.0,0.0038294531412731677
2025-12-23,150,TRADE,1.0,150.0,0.006121578892993827
2025-12-24,150,TRADE,1.0,150.0,0.004693761395876247
2025-12-26,150,TRADE,1.0,150.0,0.003484707368202524
2025-12-29,150,TRADE,1.0,150.0,0.0045555941827452075
2025-12-30,150,TRADE,1.0,150.0,0.002866483876390454
2025-12-31,120,TRADE,1.0,120.0,0.0082434387330007
2026-01-02,60,TRADE,1.0,60.0,0.010258632095153973
2026-01-05,150,TRADE,1.0,150.0,0.004181544617893545
2026-01-06,150,TRADE,1.0,150.0,0.006466387667685167
2026-01-07,150,TRADE,1.0,150.0,0.006695396878649172
2026-01-08,150,TRADE,1.0,150.0,0.004620985202723101
2026-01-09,120,TRADE,1.0,120.0,0.00876464924803284
2026-01-12,120,TRADE,1.0,120.0,0.007525791604983816
2026-01-13,150,TRADE,1.0,150.0,0.006744623004811168
2026-01-14,120,TRADE,1.0,120.0,0.008008752545979032
2026-01-15,150,TRADE,1.0,150.0,0.005941636798259815
2026-01-16,150,TRADE,1.0,150.0,0.00606418467532692
2026-01-20,60,TRADE,1.0,60.0,0.011961708549154857
2026-01-21,-200,TRADE,1.0,-200.0,0.01548003071632771
2026-01-22,150,TRADE,1.0,150.0,0.005948420985647444
2026-01-23,150,TRADE,1.0,150.0,0.005422816071570754
2026-01-26,150,TRADE,1.0,150.0,0.0062196402546209634
2026-01-27,150,TRADE,1.0,150.0,0.004305221390877895
2026-01-28,150,TRADE,1.0,150.0,0.0055441302485003865
2026-01-29,-200,TRADE,1.0,-200.0,0.017489903607758383
2026-01-30,60,TRADE,1.0,60.0,0.01016370459187574
2026-02-02,60,TRADE,1.0,60.0,0.011216428786231454
2026-02-03,-200,TRADE,1.0,-200.0,0.018757560357600404
2026-02-04,60,TRADE,1.0,60.0,0.014050111921438365
2026-02-05,60,SKIP,0.0,0.0,0.011366910473148417
2026-02-06,-200,REDUCE,0.5,-100.0,0.01879930876049263
2026-02-09,60,REDUCE,0.5,30.0,0.010731127643026353
2026-02-10,120,TRADE,1.0,120.0,0.007068617203551827
2026-02-11,60,TRADE,1.0,60.0,0.011683542416806084
2026-02-12,-600,TRADE,1.0,-600.0,0.021441486502413253
2026-02-13,60,SKIP,0.0,0.0,0.012789954157503267
2026-02-17,60,SKIP,0.0,0.0,0.013415231397711945
2026-02-18,120,SKIP,0.0,0.0,0.008673353288172387
2026-02-19,150,TRADE,1.0,150.0,0.006712974433565381
2026-02-20,60,REDUCE,0.5,30.0,0.011621654007008318
2026-02-23,60,TRADE,1.0,60.0,0.01407571092193448
2026-02-24,60,SKIP,0.0,0.0,0.012247399219290427
2026-02-25,150,REDUCE,0.5,75.0,0.005402630456317011
2026-02-26,60,TRADE,1.0,60.0,0.012602343644254563
2026-02-27,120,TRADE,1.0,120.0,0.007470240091941454
2026-03-02,-200,SKIP,0.0,0.0,0.015262969714376125
2026-03-03,-200,SKIP,0.0,0.0,0.019062506433577556
2026-03-04,60,SKIP,0.0,0.0,0.010875786225662943
2026-03-05,60,SKIP,0.0,0.0,0.014545152005231371
2026-03-06,120,SKIP,0.0,0.0,0.00913868013585398
2026-03-09,-600,SKIP,0.0,0.0,0.026030627779933674
2026-03-10,60,SKIP,0.0,0.0,0.012556352036912811
2026-03-11,120,SKIP,0.0,0.0,0.009655247574037972
2026-03-12,60,SKIP,0.0,0.0,0.010455608169853265
2026-03-13,-200,SKIP,0.0,0.0,0.01639022460511668
2026-03-16,120,SKIP,0.0,0.0,0.008303405415042929
2026-03-17,150,TRADE,1.0,150.0,0.006470951378610158
2026-03-18,60,REDUCE,0.5,30.0,0.012470957838845187
2026-03-19,60,SKIP,0.0,0.0,0.011988236580830985
2026-03-20,-200,REDUCE,0.5,-100.0,0.01836940797554376
2026-03-23,60,SKIP,0.0,0.0,0.01309057393505051
2026-03-24,60,SKIP,0.0,0.0,0.010781292686761068
2026-03-25,120,SKIP,0.0,0.0,0.009931270696461955
