date,action,reason,pred_range,regime,outcome,spot,spot_close,otm_distance,put_short,call_short,credit,put_credit,call_credit,exit_val,pnl,exit_time,actual_range
20220601,SKIP,regime=DANGER,0.019771064437519338,DANGER,,,,,,,,,,,,,
20220602,SKIP,regime=DANGER,0.02450756593408426,DANGER,,,,,,,,,,,,,
20220603,SKIP,regime=DANGER,0.022658243715261688,DANGER,,,,,,,,,,,,,
20220606,SKIP,regime=DANGER,0.020472862940366616,DANGER,,,,,,,,,,,,,
20220607,SKIP,regime=DANGER,0.01734519440622239,DANGER,,,,,,,,,,,,,
20220608,SKIP,regime=DANGER,0.018134384912762976,DANGER,,,,,,,,,,,,,
20220609,SKIP,regime=DANGER,0.018985685303729894,DANGER,,,,,,,,,,,,,
20220610,SKIP,regime=DANGER,0.024045942497715096,DANGER,,,,,,,,,,,,,
20220613,SKIP,regime=DANGER,0.026443815187618014,DANGER,,,,,,,,,,,,,
20220614,SKIP,regime=DANGER,0.02404589702483819,DANGER,,,,,,,,,,,,,
20220615,SKIP,regime=DANGER,0.025217907731257764,DANGER,,,,,,,,,,,,,
20220616,SKIP,regime=DANGER,0.030790761374376915,DANGER,,,,,,,,,,,,,
20220617,SKIP,regime=DANGER,0.03440487392338669,DANGER,,,,,,,,,,,,,
20220621,SKIP,regime=DANGER,0.029851768614592093,DANGER,,,,,,,,,,,,,
20220622,SKIP,regime=DANGER,0.020873791085198663,DANGER,,,,,,,,,,,,,
20220623,SKIP,regime=DANGER,0.027089534421910155,DANGER,,,,,,,,,,,,,
20220624,SKIP,regime=DANGER,0.021701796024283272,DANGER,,,,,,,,,,,,,
20220627,SKIP,regime=DANGER,0.018897408935705136,DANGER,,,,,,,,,,,,,
20220628,SKIP,regime=DANGER,0.024417714518636086,DANGER,,,,,,,,,,,,,
20220629,SKIP,regime=DANGER,0.02730082071210278,DANGER,,,,,,,,,,,,,
20220630,SKIP,regime=DANGER,0.022918392757005097,DANGER,,,,,,,,,,,,,
20220701,SKIP,regime=DANGER,0.029800828475844556,DANGER,,,,,,,,,,,,,
20220705,SKIP,regime=DANGER,0.02396484557413851,DANGER,,,,,,,,,,,,,
20220706,SKIP,regime=DANGER,0.023651619136506815,DANGER,,,,,,,,,,,,,
20220707,SKIP,regime=DANGER,0.02333690911595645,DANGER,,,,,,,,,,,,,
20220708,SKIP,regime=DANGER,0.019953125645285265,DANGER,,,,,,,,,,,,,
20220711,SKIP,regime=DANGER,0.019412933033045705,DANGER,,,,,,,,,,,,,
20220712,SKIP,regime=DANGER,0.017541054902990325,DANGER,,,,,,,,,,,,,
20220713,SKIP,regime=DANGER,0.023446969826245438,DANGER,,,,,,,,,,,,,
20220714,SKIP,regime=DANGER,0.027038996834028634,DANGER,,,,,,,,,,,,,
20220715,SKIP,regime=DANGER,0.023440016834326893,DANGER,,,,,,,,,,,,,
20220718,SKIP,regime=VOLATILE,0.015859965570370678,VOLATILE,,,,,,,,,,,,,
20220719,SKIP,regime=DANGER,0.017254084192391387,DANGER,,,,,,,,,,,,,
20220720,SKIP,regime=NORMAL,0.013304060726423619,NORMAL,,,,,,,,,,,,,
20220721,SKIP,regime=VOLATILE,0.014176913390458354,VOLATILE,,,,,,,,,,,,,
20220722,SKIP,regime=VOLATILE,0.011889358880943824,VOLATILE,,,,,,,,,,,,,
20220725,SKIP,regime=NORMAL,0.015410118488713263,NORMAL,,,,,,,,,,,,,
20220726,SKIP,regime=NORMAL,0.014292054589086008,NORMAL,,,,,,,,,,,,,
20220727,SKIP,regime=DANGER,0.02386838969731283,DANGER,,,,,,,,,,,,,
20220728,SKIP,regime=NORMAL,0.012250395246741493,NORMAL,,,,,,,,,,,,,
20220729,SKIP,regime=NORMAL,0.012738992452678368,NORMAL,,,,,,,,,,,,,
20220801,SKIP,regime=VOLATILE,0.013340159085576456,VOLATILE,,,,,,,,,,,,,
20220802,SKIP,regime=DANGER,0.015135510869217194,DANGER,,,,,,,,,,,,,
20220803,SKIP,regime=NORMAL,0.014575244761615761,NORMAL,,,,,,,,,,,,,
20220804,SKIP,regime=NORMAL,0.012470752613466647,NORMAL,,,,,,,,,,,,,
20220805,SKIP,regime=NORMAL,0.01289658301069182,NORMAL,,,,,,,,,,,,,
20220808,SKIP,regime=NORMAL,0.011221039491765013,NORMAL,,,,,,,,,,,,,
20220809,SKIP,regime=NORMAL,0.013254299388847472,NORMAL,,,,,,,,,,,,,
20220810,SKIP,regime=NORMAL,0.012238565879334386,NORMAL,,,,,,,,,,,,,
20220811,SKIP,regime=NORMAL,0.009589681850656935,NORMAL,,,,,,,,,,,,,
20220812,SKIP,regime=NORMAL,0.011889102840142189,NORMAL,,,,,,,,,,,,,
20220815,SKIP,regime=NORMAL,0.009803473360460044,NORMAL,,,,,,,,,,,,,
20220816,SKIP,regime=NORMAL,0.012434780966977045,NORMAL,,,,,,,,,,,,,
20220817,SKIP,regime=NORMAL,0.011035667965807981,NORMAL,,,,,,,,,,,,,
20220818,SKIP,regime=NORMAL,0.011778680041076925,NORMAL,,,,,,,,,,,,,
20220819,SKIP,regime=NORMAL,0.012203458125148727,NORMAL,,,,,,,,,,,,,
20220822,SKIP,regime=VOLATILE,0.01340292744430601,VOLATILE,,,,,,,,,,,,,
20220823,SKIP,regime=DANGER,0.016952228224244224,DANGER,,,,,,,,,,,,,
20220824,SKIP,regime=NORMAL,0.012873412622162444,NORMAL,,,,,,,,,,,,,
20220825,SKIP,regime=NORMAL,0.0123208717594892,NORMAL,,,,,,,,,,,,,
20220826,SKIP,regime=DANGER,0.017230575105452152,DANGER,,,,,,,,,,,,,
20220829,SKIP,regime=DANGER,0.025775899046192315,DANGER,,,,,,,,,,,,,
20220830,SKIP,regime=DANGER,0.02571028753884575,DANGER,,,,,,,,,,,,,
20220831,SKIP,regime=DANGER,0.018220561606780306,DANGER,,,,,,,,,,,,,
20220901,SKIP,regime=DANGER,0.021987834462584656,DANGER,,,,,,,,,,,,,
20220902,SKIP,regime=DANGER,0.02224546400268388,DANGER,,,,,,,,,,,,,
20220906,SKIP,regime=DANGER,0.02461807959268235,DANGER,,,,,,,,,,,,,
20220907,SKIP,regime=DANGER,0.027706130479976103,DANGER,,,,,,,,,,,,,
20220908,SKIP,regime=VOLATILE,0.017091458890090398,VOLATILE,,,,,,,,,,,,,
20220909,SKIP,regime=VOLATILE,0.015948627109526842,VOLATILE,,,,,,,,,,,,,
20220912,SKIP,regime=DANGER,0.016209811590388198,DANGER,,,,,,,,,,,,,
20220913,SKIP,regime=DANGER,0.018966920122776107,DANGER,,,,,,,,,,,,,
20220914,SKIP,regime=DANGER,0.02244973625004868,DANGER,,,,,,,,,,,,,
20220915,SKIP,regime=DANGER,0.023444912312071953,DANGER,,,,,,,,,,,,,
20220916,SKIP,regime=DANGER,0.024216780684486777,DANGER,,,,,,,,,,,,,
20220919,SKIP,regime=DANGER,0.02281651344289586,DANGER,,,,,,,,,,,,,
20220920,SKIP,regime=DANGER,0.022959012561866433,DANGER,,,,,,,,,,,,,
20220921,SKIP,regime=DANGER,0.02567197386245235,DANGER,,,,,,,,,,,,,
20220922,SKIP,regime=DANGER,0.025817635772433303,DANGER,,,,,,,,,,,,,
20220923,SKIP,regime=DANGER,0.03427235901562302,DANGER,,,,,,,,,,,,,
20220926,SKIP,regime=DANGER,0.027192129940560368,DANGER,,,,,,,,,,,,,
20220927,SKIP,regime=DANGER,0.034395441231105314,DANGER,,,,,,,,,,,,,
20220928,SKIP,regime=DANGER,0.03335986259330108,DANGER,,,,,,,,,,,,,
20220929,SKIP,regime=DANGER,0.019121267906205986,DANGER,,,,,,,,,,,,,
20220930,SKIP,regime=DANGER,0.03369049448577428,DANGER,,,,,,,,,,,,,
20221003,SKIP,regime=DANGER,0.030453850155125195,DANGER,,,,,,,,,,,,,
20221004,SKIP,regime=VOLATILE,0.016755787685408908,VOLATILE,,,,,,,,,,,,,
20221005,SKIP,regime=VOLATILE,0.017856432241849792,VOLATILE,,,,,,,,,,,,,
20221006,SKIP,regime=DANGER,0.02141736000018675,DANGER,,,,,,,,,,,,,
20221007,SKIP,regime=DANGER,0.025000777108048537,DANGER,,,,,,,,,,,,,
20221010,SKIP,regime=DANGER,0.027874291460086593,DANGER,,,,,,,,,,,,,
20221011,SKIP,regime=DANGER,0.03272241035973187,DANGER,,,,,,,,,,,,,
20221012,SKIP,regime=DANGER,0.0355009540933121,DANGER,,,,,,,,,,,,,
20221013,SKIP,regime=DANGER,0.028117538959384607,DANGER,,,,,,,,,,,,,
20221014,SKIP,regime=DANGER,0.025287737337189697,DANGER,,,,,,,,,,,,,
20221017,SKIP,regime=DANGER,0.026501863480322043,DANGER,,,,,,,,,,,,,
20221018,SKIP,regime=DANGER,0.021128385982881307,DANGER,,,,,,,,,,,,,
20221019,SKIP,regime=DANGER,0.02738932071784058,DANGER,,,,,,,,,,,,,
20221020,SKIP,regime=DANGER,0.022601261302918615,DANGER,,,,,,,,,,,,,
20221021,SKIP,regime=DANGER,0.0283994749319765,DANGER,,,,,,,,,,,,,
20221024,SKIP,regime=DANGER,0.020252994361730888,DANGER,,,,,,,,,,,,,
20221025,SKIP,regime=DANGER,0.02106876314099637,DANGER,,,,,,,,,,,,,
20221026,SKIP,regime=DANGER,0.020282908977792075,DANGER,,,,,,,,,,,,,
20221027,SKIP,regime=DANGER,0.019698029142439212,DANGER,,,,,,,,,,,,,
20221028,SKIP,regime=DANGER,0.0201920029800599,DANGER,,,,,,,,,,,,,
20221031,SKIP,regime=NORMAL,0.01340467502885996,NORMAL,,,,,,,,,,,,,
20221101,SKIP,regime=DANGER,0.01558291346897692,DANGER,,,,,,,,,,,,,
20221102,SKIP,regime=DANGER,0.026079026429370284,DANGER,,,,,,,,,,,,,
20221103,SKIP,regime=DANGER,0.0308740531762677,DANGER,,,,,,,,,,,,,
20221104,SKIP,regime=DANGER,0.024159113439300023,DANGER,,,,,,,,,,,,,
20221107,SKIP,regime=DANGER,0.019933649979619293,DANGER,,,,,,,,,,,,,
20221108,SKIP,regime=VOLATILE,0.02014945717184727,VOLATILE,,,,,,,,,,,,,
20221109,SKIP,regime=DANGER,0.02189347839731494,DANGER,,,,,,,,,,,,,
20221110,SKIP,regime=DANGER,0.025166807277966382,DANGER,,,,,,,,,,,,,
20221111,SKIP,regime=NORMAL,0.013908424494516031,NORMAL,,,,,,,,,,,,,
20221114,SKIP,regime=DANGER,0.0156024542718356,DANGER,,,,,,,,,,,,,
20221115,SKIP,regime=DANGER,0.016522632441424635,DANGER,,,,,,,,,,,,,
20221116,SKIP,regime=DANGER,0.017886929810856118,DANGER,,,,,,,,,,,,,
20221117,SKIP,regime=NORMAL,0.014230303518439298,NORMAL,,,,,,,,,,,,,
20221118,SKIP,regime=VOLATILE,0.01719189534135414,VOLATILE,,,,,,,,,,,,,
20221121,SKIP,regime=NORMAL,0.01413897056610909,NORMAL,,,,,,,,,,,,,
20221122,SKIP,regime=NORMAL,0.012644199246824176,NORMAL,,,,,,,,,,,,,
20221123,SKIP,regime=NORMAL,0.01150567288119417,NORMAL,,,,,,,,,,,,,
20221125,SKIP,regime=NORMAL,0.01216803981186766,NORMAL,,,,,,,,,,,,,
20221128,SKIP,regime=NORMAL,0.0111187879019028,NORMAL,,,,,,,,,,,,,
20221129,SKIP,regime=NORMAL,0.01264655087133288,NORMAL,,,,,,,,,,,,,
20221130,SKIP,regime=NORMAL,0.014064404247617754,NORMAL,,,,,,,,,,,,,
20221201,SKIP,regime=NORMAL,0.013651133686298392,NORMAL,,,,,,,,,,,,,
20221202,SKIP,regime=DANGER,0.021365546999653054,DANGER,,,,,,,,,,,,,
20221205,SKIP,regime=NORMAL,0.013231319692377544,NORMAL,,,,,,,,,,,,,
20221206,SKIP,regime=DANGER,0.013944105995424175,DANGER,,,,,,,,,,,,,
20221207,SKIP,regime=DANGER,0.021937066535852985,DANGER,,,,,,,,,,,,,
20221208,SKIP,regime=NORMAL,0.014772249262976793,NORMAL,,,,,,,,,,,,,
20221209,SKIP,regime=DANGER,0.016193998098791428,DANGER,,,,,,,,,,,,,
20221212,SKIP,regime=VOLATILE,0.012917588231864556,VOLATILE,,,,,,,,,,,,,
20221213,SKIP,regime=DANGER,0.026805699513687282,DANGER,,,,,,,,,,,,,
20221214,SKIP,regime=DANGER,0.02783752046700961,DANGER,,,,,,,,,,,,,
20221215,SKIP,regime=DANGER,0.023171017565704638,DANGER,,,,,,,,,,,,,
20221216,SKIP,regime=DANGER,0.027287749828932475,DANGER,,,,,,,,,,,,,
20221219,SKIP,regime=DANGER,0.022083591915885617,DANGER,,,,,,,,,,,,,
20221220,SKIP,regime=DANGER,0.019440735839918667,DANGER,,,,,,,,,,,,,
20221221,SKIP,regime=DANGER,0.016116017363106302,DANGER,,,,,,,,,,,,,
20221222,SKIP,regime=NORMAL,0.012063993479213338,NORMAL,,,,,,,,,,,,,
20221223,SKIP,regime=DANGER,0.021218077327884548,DANGER,,,,,,,,,,,,,
20221227,SKIP,regime=VOLATILE,0.014818135195700473,VOLATILE,,,,,,,,,,,,,
20221228,SKIP,regime=DANGER,0.016639220523073983,DANGER,,,,,,,,,,,,,
20221229,SKIP,regime=DANGER,0.018892882985805392,DANGER,,,,,,,,,,,,,
20221230,SKIP,regime=VOLATILE,0.015005300984416646,VOLATILE,,,,,,,,,,,,,
20230103,SKIP,regime=DANGER,0.017560669732359445,DANGER,,,,,,,,,,,,,
20230104,SKIP,regime=DANGER,0.021137812160761722,DANGER,,,,,,,,,,,,,
20230105,SKIP,regime=VOLATILE,0.016080209537680988,VOLATILE,,,,,,,,,,,,,
20230106,SKIP,regime=DANGER,0.023332459829138376,DANGER,,,,,,,,,,,,,
20230109,SKIP,regime=VOLATILE,0.014874664139305906,VOLATILE,,,,,,,,,,,,,
20230110,SKIP,regime=DANGER,0.016388896573471052,DANGER,,,,,,,,,,,,,
20230111,SKIP,regime=NORMAL,0.011962938280403398,NORMAL,,,,,,,,,,,,,
20230112,SKIP,regime=DANGER,0.018338786150177883,DANGER,,,,,,,,,,,,,
20230113,TRADE,,0.012492295120278779,CALM,WIN,3953.66,3998.63,50.0,3905.0,4005.0,1.6500000000000001,1.1,0.55,0.0,326.0,15:59,0.014209968186638324
20230117,SKIP,regime=NORMAL,0.011531666114126095,NORMAL,,,,,,,,,,,,,
20230118,SKIP,regime=NORMAL,0.012500880805993497,NORMAL,,,,,,,,,,,,,
20230119,SKIP,regime=NORMAL,0.014097514221081657,NORMAL,,,,,,,,,,,,,
20230120,SKIP,regime=NORMAL,0.01170139603168661,NORMAL,,,,,,,,,,,,,
20230123,SKIP,regime=NORMAL,0.011088836387632252,NORMAL,,,,,,,,,,,,,
20230124,SKIP,regime=NORMAL,0.012265688356410046,NORMAL,,,,,,,,,,,,,
20230125,SKIP,regime=NORMAL,0.013029485869381217,NORMAL,,,,,,,,,,,,,
20230126,SKIP,no_quotes,0.009107613771965629,CALM,,,,,,,,,,,,,
20230127,SKIP,regime=NORMAL,0.012154222711611406,NORMAL,,,,,,,,,,,,,
20230130,SKIP,regime=NORMAL,0.00991720080463253,NORMAL,,,,,,,,,,,,,
20230131,SKIP,regime=VOLATILE,0.014249182962882712,VOLATILE,,,,,,,,,,,,,
20230201,SKIP,regime=DANGER,0.0270965254057824,DANGER,,,,,,,,,,,,,
20230202,SKIP,regime=NORMAL,0.011993920621944444,NORMAL,,,,,,,,,,,,,
20230203,SKIP,regime=VOLATILE,0.012538745307831395,VOLATILE,,,,,,,,,,,,,
20230206,SKIP,regime=NORMAL,0.010600743313633842,NORMAL,,,,,,,,,,,,,
20230207,SKIP,regime=NORMAL,0.013255916529864051,NORMAL,,,,,,,,,,,,,
20230208,SKIP,regime=NORMAL,0.009345962425247024,NORMAL,,,,,,,,,,,,,
20230209,SKIP,regime=NORMAL,0.013048861737602514,NORMAL,,,,,,,,,,,,,
20230210,SKIP,regime=NORMAL,0.013389594958228416,NORMAL,,,,,,,,,,,,,
20230213,SKIP,regime=NORMAL,0.013374980053438533,NORMAL,,,,,,,,,,,,,
20230214,SKIP,regime=NORMAL,0.014004802220227049,NORMAL,,,,,,,,,,,,,
20230215,SKIP,regime=NORMAL,0.010267762871117591,NORMAL,,,,,,,,,,,,,
20230216,SKIP,regime=NORMAL,0.010631995157800904,NORMAL,,,,,,,,,,,,,
20230217,SKIP,regime=NORMAL,0.013919785949142414,NORMAL,,,,,,,,,,,,,
20230221,SKIP,regime=NORMAL,0.012116114143290436,NORMAL,,,,,,,,,,,,,
20230222,SKIP,regime=VOLATILE,0.014097912623031107,VOLATILE,,,,,,,,,,,,,
20230223,SKIP,regime=VOLATILE,0.01330646671092244,VOLATILE,,,,,,,,,,,,,
20230224,SKIP,regime=VOLATILE,0.015705390950314813,VOLATILE,,,,,,,,,,,,,
20230227,SKIP,regime=DANGER,0.015996249649588037,DANGER,,,,,,,,,,,,,
20230228,SKIP,regime=NORMAL,0.014650042015148794,NORMAL,,,,,,,,,,,,,
20230301,SKIP,regime=VOLATILE,0.016871678226692877,VOLATILE,,,,,,,,,,,,,
20230302,SKIP,regime=DANGER,0.015606147833673518,DANGER,,,,,,,,,,,,,
20230303,SKIP,regime=VOLATILE,0.01304569624292613,VOLATILE,,,,,,,,,,,,,
20230306,SKIP,regime=NORMAL,0.011466775359328562,NORMAL,,,,,,,,,,,,,
20230307,SKIP,regime=NORMAL,0.010852940129961932,NORMAL,,,,,,,,,,,,,
20230308,SKIP,regime=DANGER,0.016296383121752887,DANGER,,,,,,,,,,,,,
20230309,SKIP,regime=VOLATILE,0.013419094442082433,VOLATILE,,,,,,,,,,,,,
20230310,SKIP,regime=DANGER,0.021296256268809762,DANGER,,,,,,,,,,,,,
20230313,SKIP,regime=DANGER,0.02232668320966128,DANGER,,,,,,,,,,,,,
20230314,SKIP,regime=DANGER,0.022969796897662258,DANGER,,,,,,,,,,,,,
20230315,SKIP,regime=DANGER,0.023233635087168743,DANGER,,,,,,,,,,,,,
20230316,SKIP,regime=DANGER,0.02324014354957204,DANGER,,,,,,,,,,,,,
20230317,SKIP,regime=DANGER,0.02113128253881612,DANGER,,,,,,,,,,,,,
20230320,SKIP,regime=DANGER,0.02142743000684536,DANGER,,,,,,,,,,,,,
20230321,SKIP,regime=NORMAL,0.012833335359547693,NORMAL,,,,,,,,,,,,,
20230322,SKIP,regime=DANGER,0.026209029764772233,DANGER,,,,,,,,,,,,,
20230323,SKIP,regime=DANGER,0.020087476502534184,DANGER,,,,,,,,,,,,,
20230324,SKIP,regime=DANGER,0.02025413048271774,DANGER,,,,,,,,,,,,,
20230327,SKIP,regime=NORMAL,0.01180142913255544,NORMAL,,,,,,,,,,,,,
20230328,SKIP,regime=DANGER,0.014394634968091053,DANGER,,,,,,,,,,,,,
20230329,SKIP,regime=NORMAL,0.013605579739461488,NORMAL,,,,,,,,,,,,,
20230330,SKIP,regime=NORMAL,0.008847003731348098,NORMAL,,,,,,,,,,,,,
20230331,SKIP,regime=NORMAL,0.0087862724783243,NORMAL,,,,,,,,,,,,,
20230403,SKIP,regime=VOLATILE,0.011184288991287011,VOLATILE,,,,,,,,,,,,,
20230404,SKIP,regime=NORMAL,0.01102016287001942,NORMAL,,,,,,,,,,,,,
20230405,SKIP,regime=NORMAL,0.012298963361873616,NORMAL,,,,,,,,,,,,,
20230406,SKIP,regime=NORMAL,0.012796682083372691,NORMAL,,,,,,,,,,,,,
20230410,SKIP,regime=NORMAL,0.009390937049989218,NORMAL,,,,,,,,,,,,,
20230411,SKIP,regime=NORMAL,0.011319437052808932,NORMAL,,,,,,,,,,,,,
20230412,SKIP,regime=NORMAL,0.009808791892153623,NORMAL,,,,,,,,,,,,,
20230413,SKIP,regime=NORMAL,0.012107913226895067,NORMAL,,,,,,,,,,,,,
20230414,SKIP,regime=NORMAL,0.008750499961920065,NORMAL,,,,,,,,,,,,,
20230417,SKIP,regime=NORMAL,0.011838230845156306,NORMAL,,,,,,,,,,,,,
20230418,SKIP,regime=NORMAL,0.009415991789456358,NORMAL,,,,,,,,,,,,,
20230419,SKIP,regime=NORMAL,0.009819689928006756,NORMAL,,,,,,,,,,,,,
20230420,SKIP,regime=NORMAL,0.009885026216721726,NORMAL,,,,,,,,,,,,,
20230421,SKIP,regime=NORMAL,0.009338364572151682,NORMAL,,,,,,,,,,,,,
20230424,SKIP,regime=NORMAL,0.009688800927519827,NORMAL,,,,,,,,,,,,,
20230425,SKIP,put_credit_too_low,0.008555800182044986,CALM,,,,,,,,,,,,,
20230426,SKIP,regime=NORMAL,0.013149929921693986,NORMAL,,,,,,,,,,,,,
20230427,SKIP,regime=VOLATILE,0.013245496389307726,VOLATILE,,,,,,,,,,,,,
20230428,SKIP,regime=NORMAL,0.009498212357904311,NORMAL,,,,,,,,,,,,,
20230501,SKIP,regime=NORMAL,0.008606813021205723,NORMAL,,,,,,,,,,,,,
20230502,SKIP,regime=NORMAL,0.009249313185124175,NORMAL,,,,,,,,,,,,,
20230503,SKIP,regime=DANGER,0.024465276852955933,DANGER,,,,,,,,,,,,,
20230504,SKIP,regime=NORMAL,0.012552697471970154,NORMAL,,,,,,,,,,,,,
20230505,SKIP,regime=VOLATILE,0.013505379812733484,VOLATILE,,,,,,,,,,,,,
20230508,SKIP,regime=NORMAL,0.009863793336750767,NORMAL,,,,,,,,,,,,,
20230509,SKIP,call_credit_too_low,0.009528494105883425,CALM,,,,,,,,,,,,,
20230510,SKIP,regime=NORMAL,0.01010945228662336,NORMAL,,,,,,,,,,,,,
20230511,TRADE,,0.010713300113247573,CALM,WIN,4122.12,4130.01,45.0,4075.0,4165.0,1.0499999999999998,0.6,0.44999999999999996,0.0,205.99999999999997,15:59,0.005689408166031068
20230512,SKIP,regime=NORMAL,0.009971558748169535,NORMAL,,,,,,,,,,,,,
20230515,SKIP,regime=NORMAL,0.010037595312466431,NORMAL,,,,,,,,,,,,,
20230516,SKIP,regime=NORMAL,0.010211540284875944,NORMAL,,,,,,,,,,,,,
20230517,SKIP,put_credit_too_low,0.009543443617129131,CALM,,,,,,,,,,,,,
20230518,SKIP,call_credit_too_low,0.0090801372618253,CALM,,,,,,,,,,,,,
20230519,SKIP,regime=NORMAL,0.008332060106011651,NORMAL,,,,,,,,,,,,,
20230522,TRADE,,0.009122564996180577,CALM,WIN,4201.4,4192.7,40.0,4160.0,4240.0,1.0,0.6,0.4,0.0,196.0,15:59,0.007048807143300285
20230523,SKIP,call_credit_too_low,0.009011077021412474,CALM,,,,,,,,,,,,,
20230524,SKIP,regime=NORMAL,0.010305065353630835,NORMAL,,,,,,,,,,,,,
20230525,SKIP,regime=NORMAL,0.011426041934618797,NORMAL,,,,,,,,,,,,,
20230526,TRADE,,0.008755895154196768,CALM,WIN,4177.81,4205.01,35.0,4145.0,4215.0,2.55,1.8499999999999999,0.7,0.0,505.99999999999994,15:59,0.013644806744687413
20230530,TRADE,,0.007956702815246729,CALM,WIN,4221.58,4205.47,35.0,4185.0,4255.0,1.9500000000000002,1.0,0.9500000000000001,0.0,386.00000000000006,15:59,0.009208107487857003
20230531,SKIP,put_credit_too_low,0.011331577733518738,CALM,,,,,,,,,,,,,
20230601,SKIP,regime=NORMAL,0.010059650057283666,NORMAL,,,,,,,,,,,,,
20230602,SKIP,regime=NORMAL,0.00818721919527048,NORMAL,,,,,,,,,,,,,
20230605,SKIP,regime=NORMAL,0.0087544804104521,NORMAL,,,,,,,,,,,,,
20230606,SKIP,regime=NORMAL,0.009609619099670542,NORMAL,,,,,,,,,,,,,
20230607,TRADE,,0.007032779752596723,CALM,WIN,4296.17,4267.54,30.0,4265.0,4325.0,1.3,0.65,0.65,0.0,256.0,15:59,0.008220801919042616
20230608,SKIP,put_credit_too_low,0.009173483901462533,CALM,,,,,,,,,,,,,
20230609,SKIP,regime=NORMAL,0.007963441386041603,NORMAL,,,,,,,,,,,,,
20230612,SKIP,call_credit_too_low,0.008086792069896936,CALM,,,,,,,,,,,,,
20230613,SKIP,regime=NORMAL,0.008340134771654264,NORMAL,,,,,,,,,,,,,
20230614,SKIP,regime=VOLATILE,0.014083080278585437,VOLATILE,,,,,,,,,,,,,
20230615,SKIP,call_credit_too_low,0.009005359442894068,CALM,,,,,,,,,,,,,
20230616,SKIP,regime=NORMAL,0.009479132499259297,NORMAL,,,,,,,,,,,,,
20230620,SKIP,regime=NORMAL,0.010331550136220034,NORMAL,,,,,,,,,,,,,
20230621,SKIP,put_credit_too_low,0.008740003480047186,CALM,,,,,,,,,,,,,
20230622,SKIP,put_credit_too_low,0.00890404769323448,CALM,,,,,,,,,,,,,
20230623,TRADE,,0.006778216377923623,CALM,WIN,4344.72,4348.23,30.0,4315.0,4375.0,2.0,0.7999999999999999,1.2000000000000002,0.0,396.0,15:59,0.005789852026907547
20230626,SKIP,regime=NORMAL,0.009852873501560642,NORMAL,,,,,,,,,,,,,
20230627,SKIP,regime=NORMAL,0.009477925469717466,NORMAL,,,,,,,,,,,,,
20230628,SKIP,regime=NORMAL,0.008162530586532938,NORMAL,,,,,,,,,,,,,
20230629,TRADE,,0.007693876830504561,CALM,WIN,4378.75,4396.86,35.0,4345.0,4415.0,1.2,0.55,0.6499999999999999,0.0,236.0,15:59,0.006038939962605219
20230630,TRADE,,0.006330701839516737,CALM,WIN,4437.93,4449.81,30.0,4410.0,4470.0,2.05,1.2499999999999998,0.8,0.0,405.99999999999994,15:59,0.008149347419071817
20230703,SKIP,put_credit_too_low,0.006161106852892959,CALM,,,,,,,,,,,,,
20230705,TRADE,,0.006595503902917177,CALM,WIN,4447.28,4446.65,30.0,4415.0,4475.0,0.85,0.44999999999999996,0.4,0.0,166.0,15:59,0.003928375251010961
20230706,TRADE,,0.007621008261833101,CALM,WIN,4402.1,4411.41,35.0,4365.0,4435.0,1.5,0.7,0.8,0.0,296.0,15:59,0.008494964523291558
20230707,TRADE,,0.007590288131547927,CALM,WIN,4406.79,4398.76,35.0,4370.0,4440.0,1.0999999999999999,0.49999999999999994,0.6,0.0,215.99999999999997,15:59,0.00976038360419038
20230710,SKIP,put_credit_too_low,0.009627303659608585,CALM,,,,,,,,,,,,,
20230711,SKIP,regime=NORMAL,0.008962885307982,NORMAL,,,,,,,,,,,,,
20230712,TRADE,,0.006802549181058363,CALM,WIN,4478.62,4472.66,30.0,4450.0,4510.0,1.95,1.15,0.8,0.0,386.0,15:59,0.005620354142745039
20230713,SKIP,put_credit_too_low,0.007320519585538567,CALM,,,,,,,,,,,,,
20230714,SKIP,call_credit_too_low,0.006730849238351941,CALM,,,,,,,,,,,,,
20230717,SKIP,regime=NORMAL,0.008313035488243194,NORMAL,,,,,,,,,,,,,
20230718,SKIP,put_credit_too_low,0.006537502243452709,CALM,,,,,,,,,,,,,
20230719,SKIP,regime=NORMAL,0.007766515101473314,NORMAL,,,,,,,,,,,,,
20230720,TRADE,,0.006932581471476189,CALM,WIN,4562.06,4535.28,30.0,4530.0,4590.0,1.1,0.5,0.6000000000000001,0.0,216.00000000000003,15:59,0.00816357001392053
20230721,SKIP,put_credit_too_low,0.008512687706001653,CALM,,,,,,,,,,,,,
20230724,SKIP,put_credit_too_low,0.007886631469829196,CALM,,,,,,,,,,,,,
20230725,SKIP,put_credit_too_low,0.006865979647854896,CALM,,,,,,,,,,,,,
20230726,SKIP,regime=VOLATILE,0.010245151838903071,VOLATILE,,,,,,,,,,,,,
20230727,SKIP,put_credit_too_low,0.007624587427897787,CALM,,,,,,,,,,,,,
20230728,SKIP,regime=NORMAL,0.010365414442192746,NORMAL,,,,,,,,,,,,,
20230731,SKIP,regime=NORMAL,0.009022720242625907,NORMAL,,,,,,,,,,,,,
20230801,SKIP,call_credit_too_low,0.007736394887320169,CALM,,,,,,,,,,,,,
20230802,TRADE,,0.006482449449426405,CALM,WIN,4543.18,4513.76,30.0,4515.0,4575.0,1.6999999999999997,1.0499999999999998,0.6499999999999999,1.2399999999997817,84.0000000000436,15:59,0.009927641163454567
20230803,SKIP,regime=NORMAL,0.009683937652331899,NORMAL,,,,,,,,,,,,,
20230804,SKIP,call_credit_too_low,0.00820679999028817,CALM,,,,,,,,,,,,,
20230807,SKIP,regime=NORMAL,0.011355751296253649,NORMAL,,,,,,,,,,,,,
20230808,SKIP,call_credit_too_low,0.008405376330077487,CALM,,,,,,,,,,,,,
20230809,TRADE,,0.008021306278649781,CALM,WIN,4495.47,4467.91,35.0,4460.0,4530.0,1.15,0.7,0.44999999999999996,0.0,225.99999999999997,15:59,0.009132369373351892
20230810,SKIP,regime=NORMAL,0.010101516687020385,NORMAL,,,,,,,,,,,,,
20230811,SKIP,regime=NORMAL,0.009507024046125807,NORMAL,,,,,,,,,,,,,
20230814,SKIP,call_credit_too_low,0.009227289054475458,CALM,,,,,,,,,,,,,
20230815,TRADE,,0.006726987844227815,CALM,WIN,4462.91,4438.12,30.0,4435.0,4495.0,2.65,1.45,1.2,0.0,526.0,15:59,0.010422271689064495
20230816,SKIP,regime=NORMAL,0.010462672215503054,NORMAL,,,,,,,,,,,,,
20230817,SKIP,regime=NORMAL,0.00953838555193595,NORMAL,,,,,,,,,,,,,
20230818,SKIP,regime=NORMAL,0.012191776867980068,NORMAL,,,,,,,,,,,,,
20230821,SKIP,regime=NORMAL,0.011634114531808997,NORMAL,,,,,,,,,,,,,
20230822,TRADE,,0.008122698464473136,CALM,WIN,4411.22,4387.87,35.0,4375.0,4445.0,1.6,1.0,0.6000000000000001,0.0,316.0,15:59,0.008112643902041231
20230823,SKIP,call_credit_too_low,0.009556497768389186,CALM,,,,,,,,,,,,,
20230824,TRADE,,0.007354857719706202,CALM,LOSS,4441.59,4375.99,35.0,4405.0,4475.0,2.0,1.0,1.0,20.0,-3608.0,15:59,0.018573968162759587
20230825,SKIP,regime=NORMAL,0.012782586043701236,NORMAL,,,,,,,,,,,,,
20230828,TRADE,,0.006931685783686833,CALM,WIN,4432.9,4433.2,30.0,4405.0,4465.0,2.25,1.5999999999999999,0.6499999999999999,0.0,446.0,15:59,0.005553509578561564
20230829,SKIP,call_credit_too_low,0.007428891912261574,CALM,,,,,,,,,,,,,
20230830,TRADE,,0.007082478956028392,CALM,WIN,4506.01,4515.14,30.0,4475.0,4535.0,2.65,1.4,1.25,0.0,526.0,15:59,0.00623508446028511
20230831,TRADE,,0.005700979880759495,CALM,WIN,4526.3,4508.28,30.0,4495.0,4555.0,2.5999999999999996,1.65,0.95,0.0,515.9999999999999,15:59,0.005505854536518602
20230901,TRADE,,0.0065882025572767105,CALM,WIN,4522.25,4514.95,30.0,4490.0,4550.0,2.55,0.8,1.75,0.0,505.99999999999994,15:59,0.008806780558866294
20230905,TRADE,,0.006771752819594681,CALM,WIN,4503.05,4496.68,30.0,4475.0,4535.0,1.8,1.35,0.44999999999999996,0.0,356.0,15:59,0.0040531611552839086
20230906,SKIP,regime=NORMAL,0.008848150770964349,NORMAL,,,,,,,,,,,,,
20230907,TRADE,,0.008730253760820737,CALM,WIN,4442.3,4451.54,40.0,4400.0,4480.0,0.8999999999999999,0.44999999999999996,0.44999999999999996,0.0,175.99999999999997,15:59,0.0061674803531362515
20230908,SKIP,regime=NORMAL,0.007696468385009192,NORMAL,,,,,,,,,,,,,
20230911,SKIP,put_credit_too_low,0.008556374641244445,CALM,,,,,,,,,,,,,
20230912,TRADE,,0.007145741255578555,CALM,WIN,4477.11,4461.94,30.0,4445.0,4505.0,0.95,0.45,0.5,0.0,186.0,15:59,0.006769097327011278
20230913,SKIP,call_credit_too_low,0.008581072677591964,CALM,,,,,,,,,,,,,
20230914,SKIP,put_credit_too_low,0.008555122082377312,CALM,,,,,,,,,,,,,
20230915,SKIP,put_credit_too_low,0.008775857986066447,CALM,,,,,,,,,,,,,
20230918,SKIP,call_credit_too_low,0.008188489676129455,CALM,,,,,,,,,,,,,
20230919,SKIP,call_credit_too_low,0.0077582043744790895,CALM,,,,,,,,,,,,,
20230920,SKIP,regime=NORMAL,0.008402555718297209,NORMAL,,,,,,,,,,,,,
20230921,SKIP,regime=VOLATILE,0.01101453279703509,VOLATILE,,,,,,,,,,,,,
20230922,SKIP,regime=VOLATILE,0.013926801973810332,VOLATILE,,,,,,,,,,,,,
20230925,SKIP,regime=NORMAL,0.011061784765133174,NORMAL,,,,,,,,,,,,,
20230926,TRADE,,0.009267031859320676,CALM,WIN,4310.47,4273.67,40.0,4270.0,4350.0,1.55,0.75,0.8,0.0,306.0,15:59,0.010904546382000115
20230927,SKIP,regime=NORMAL,0.011675472720178338,NORMAL,,,,,,,,,,,,,
20230928,SKIP,regime=NORMAL,0.012581378831884513,NORMAL,,,,,,,,,,,,,
20230929,TRADE,,0.01043447857013296,CALM,WIN,4325.47,4289.13,45.0,4280.0,4370.0,1.7,1.05,0.6499999999999999,0.0,336.0,15:59,0.013467554491726305
20231002,SKIP,regime=VOLATILE,0.013026022761724682,VOLATILE,,,,,,,,,,,,,
20231003,TRADE,,0.011379733869272428,CALM,WIN,4270.65,4230.29,50.0,4220.0,4320.0,1.0999999999999999,0.6499999999999999,0.45,0.0,215.99999999999997,15:59,0.015153112008899777
20231004,SKIP,regime=VOLATILE,0.01438832826081563,VOLATILE,,,,,,,,,,,,,
20231005,SKIP,regime=DANGER,0.013198073311774548,DANGER,,,,,,,,,,,,,
20231006,SKIP,regime=NORMAL,0.012770971381689939,NORMAL,,,,,,,,,,,,,
20231009,SKIP,regime=NORMAL,0.010518515455152836,NORMAL,,,,,,,,,,,,,
20231010,TRADE,,0.008466756110245027,CALM,WIN,4343.28,4358.63,35.0,4310.0,4380.0,2.0999999999999996,1.4,0.7,0.0,415.99999999999994,15:59,0.010558211878564367
20231011,TRADE,,0.008417130331753783,CALM,WIN,4373.04,4376.8,35.0,4340.0,4410.0,2.75,1.7,1.05,0.0,546.0,15:59,0.007626088091623024
20231012,TRADE,,0.00990408651380537,CALM,WIN,4371.81,4349.45,45.0,4325.0,4415.0,1.0999999999999999,0.5999999999999999,0.49999999999999994,0.0,215.99999999999997,15:59,0.0137915607152803
20231013,SKIP,regime=NORMAL,0.008648232848100155,NORMAL,,,,,,,,,,,,,
20231016,SKIP,regime=NORMAL,0.012942685464228562,NORMAL,,,,,,,,,,,,,
20231017,TRADE,,0.008908262648993708,CALM,WIN,4341.35,4372.98,40.0,4300.0,4380.0,2.0500000000000003,0.8500000000000001,1.2000000000000002,0.0,406.00000000000006,15:59,0.012894599365280953
20231018,SKIP,regime=NORMAL,0.008551361310363523,NORMAL,,,,,,,,,,,,,
20231019,SKIP,regime=NORMAL,0.011398730280071774,NORMAL,,,,,,,,,,,,,
20231020,SKIP,regime=NORMAL,0.014831168591019074,NORMAL,,,,,,,,,,,,,
20231023,SKIP,regime=VOLATILE,0.014812575961946638,VOLATILE,,,,,,,,,,,,,
20231024,SKIP,regime=VOLATILE,0.013716911622598887,VOLATILE,,,,,,,,,,,,,
20231025,SKIP,regime=NORMAL,0.011641505782065761,NORMAL,,,,,,,,,,,,,
20231026,SKIP,regime=VOLATILE,0.012135210776212685,VOLATILE,,,,,,,,,,,,,
20231027,SKIP,regime=VOLATILE,0.014615106138567573,VOLATILE,,,,,,,,,,,,,
20231030,SKIP,regime=NORMAL,0.014938382663253121,NORMAL,,,,,,,,,,,,,
20231031,SKIP,regime=VOLATILE,0.0126003907678386,VOLATILE,,,,,,,,,,,,,
20231101,SKIP,regime=DANGER,0.018240753673181592,DANGER,,,,,,,,,,,,,
20231102,SKIP,regime=NORMAL,0.009057772022205627,NORMAL,,,,,,,,,,,,,
20231103,SKIP,call_credit_too_low,0.009134577678352783,CALM,,,,,,,,,,,,,
20231106,TRADE,,0.006325724573225823,CALM,WIN,4363.57,4366.73,30.0,4335.0,4395.0,2.0,1.15,0.8500000000000001,0.0,396.0,15:59,0.0056550121784399885
20231107,TRADE,,0.006243105295141986,CALM,WIN,4359.34,4378.81,30.0,4330.0,4390.0,1.3,0.7000000000000001,0.6,0.0,256.0,15:59,0.007065624420263882
20231108,TRADE,,0.0072186498773334894,CALM,WIN,4386.69,4382.98,30.0,4355.0,4415.0,1.2999999999999998,0.6,0.7,0.0,255.99999999999994,15:59,0.00717092763612551
20231109,SKIP,call_credit_too_low,0.008498290104803352,CALM,,,,,,,,,,,,,
20231110,SKIP,call_credit_too_low,0.007829920507970814,CALM,,,,,,,,,,,,,
20231113,TRADE,,0.008133490829809097,CALM,WIN,4395.85,4411.12,35.0,4360.0,4430.0,1.1,0.65,0.44999999999999996,0.0,216.00000000000003,15:59,0.00634040293555675
20231114,TRADE,,0.00712451496091679,CALM,WIN,4482.42,4495.83,30.0,4450.0,4510.0,2.65,1.4,1.25,0.0,526.0,15:59,0.011146071850673994
20231115,SKIP,call_credit_too_low,0.00945131162389242,CALM,,,,,,,,,,,,,
20231116,SKIP,call_credit_too_low,0.007691138581827016,CALM,,,,,,,,,,,,,
20231117,SKIP,regime=NORMAL,0.008618907570896553,NORMAL,,,,,,,,,,,,,
20231120,SKIP,put_credit_too_low,0.007823375828844657,CALM,,,,,,,,,,,,,
20231121,SKIP,regime=NORMAL,0.0077209269326410585,NORMAL,,,,,,,,,,,,,
20231122,SKIP,put_credit_too_low,0.007305888148323175,CALM,,,,,,,,,,,,,
20231124,SKIP,put_credit_too_low,0.006525162995113263,CALM,,,,,,,,,,,,,
20231127,SKIP,put_credit_too_low,0.006471773910963371,CALM,,,,,,,,,,,,,
20231128,SKIP,regime=NORMAL,0.009019472159743774,NORMAL,,,,,,,,,,,,,
20231129,SKIP,put_credit_too_low,0.006655253671333721,CALM,,,,,,,,,,,,,
20231130,SKIP,put_credit_too_low,0.006864771264218628,CALM,,,,,,,,,,,,,
20231201,SKIP,regime=NORMAL,0.008434093082950804,NORMAL,,,,,,,,,,,,,
20231204,SKIP,call_credit_too_low,0.008198269182410487,CALM,,,,,,,,,,,,,
20231205,SKIP,put_credit_too_low,0.00730607682220463,CALM,,,,,,,,,,,,,
20231206,SKIP,put_credit_too_low,0.00678913398975397,CALM,,,,,,,,,,,,,
20231207,SKIP,put_credit_too_low,0.007404027834961444,CALM,,,,,,,,,,,,,
20231208,TRADE,,0.006926518525079386,CALM,WIN,4586.15,4603.49,30.0,4555.0,4615.0,1.5499999999999998,0.6499999999999999,0.8999999999999999,0.0,305.99999999999994,15:59,0.007685415847209292
20231211,SKIP,put_credit_too_low,0.007806416481728878,CALM,,,,,,,,,,,,,
20231212,TRADE,,0.00731014322956526,CALM,WIN,4611.76,4643.59,35.0,4575.0,4645.0,1.0499999999999998,0.6,0.44999999999999996,0.0,205.99999999999997,15:59,0.0077604313275447985
20231213,SKIP,regime=NORMAL,0.008978849593605901,NORMAL,,,,,,,,,,,,,
20231214,TRADE,,0.006760751964298252,CALM,WIN,4735.74,4719.41,30.0,4705.0,4765.0,2.45,1.3,1.15,0.0,486.00000000000006,15:59,0.009368698422381416
20231215,SKIP,put_credit_too_low,0.0091980952769909,CALM,,,,,,,,,,,,,
20231218,SKIP,call_credit_too_low,0.0067247094955642005,CALM,,,,,,,,,,,,,
20231219,SKIP,put_credit_too_low,0.006361038222156036,CALM,,,,,,,,,,,,,
20231220,SKIP,put_credit_too_low,0.007116460348321626,CALM,,,,,,,,,,,,,
20231221,SKIP,regime=NORMAL,0.009766258830081583,NORMAL,,,,,,,,,,,,,
20231222,TRADE,,0.006492122871244172,CALM,WIN,4769.52,4755.16,30.0,4740.0,4800.0,2.1,1.2,0.9,0.0,416.0,15:59,0.007608457862143066
20231226,SKIP,call_credit_too_low,0.006314298591449948,CALM,,,,,,,,,,,,,
20231227,SKIP,regime=NORMAL,0.0072493712573922005,NORMAL,,,,,,,,,,,,,
20231228,SKIP,call_credit_too_low,0.006921619322980812,CALM,,,,,,,,,,,,,
20231229,TRADE,,0.006548925304735721,CALM,WIN,4786.42,4772.17,30.0,4755.0,4815.0,1.3,0.7000000000000001,0.6,0.0,256.0,15:59,0.007618840531228153
20240102,SKIP,regime=NORMAL,0.008717477534108606,NORMAL,,,,,,,,,,,,,
20240103,SKIP,put_credit_too_low,0.008377258155727518,CALM,,,,,,,,,,,,,
20240104,TRADE,,0.006899206491193114,CALM,WIN,4707.78,4689.7,30.0,4680.0,4740.0,1.4999999999999998,1.0499999999999998,0.44999999999999996,0.0,295.99999999999994,15:59,0.008355650548599018
20240105,SKIP,regime=NORMAL,0.00848516588111551,NORMAL,,,,,,,,,,,,,
20240108,SKIP,call_credit_too_low,0.00697427144181895,CALM,,,,,,,,,,,,,
20240109,SKIP,put_credit_too_low,0.007164045284753396,CALM,,,,,,,,,,,,,
20240110,SKIP,call_credit_too_low,0.007047261472442656,CALM,,,,,,,,,,,,,
20240111,TRADE,,0.0065189186517711105,CALM,WIN,4783.15,4780.29,30.0,4755.0,4815.0,2.9499999999999997,1.2999999999999998,1.65,0.0,586.0,15:59,0.01229515893767491
20240112,TRADE,,0.007496022979774971,CALM,WIN,4801.02,4783.14,35.0,4765.0,4835.0,1.5499999999999998,0.8999999999999999,0.6499999999999999,0.0,305.99999999999994,15:59,0.00697531714525442
20240116,TRADE,,0.007017279318204529,CALM,WIN,4757.52,4765.18,35.0,4725.0,4795.0,1.4999999999999998,1.0499999999999998,0.45,0.0,295.99999999999994,15:59,0.007380011943801325
20240117,TRADE,,0.0063961253856738886,CALM,WIN,4729.15,4739.0,30.0,4700.0,4760.0,2.75,1.5999999999999999,1.1500000000000001,0.0,546.0,15:59,0.0062057803858513805
20240118,TRADE,,0.007232661658177428,CALM,WIN,4753.67,4780.53,35.0,4720.0,4790.0,1.2999999999999998,0.85,0.44999999999999996,0.0,255.99999999999994,15:59,0.009499800424360886
20240119,TRADE,,0.007104965004426023,CALM,LOSS,4787.01,4838.96,35.0,4750.0,4820.0,2.05,1.0,1.05,18.960000000000036,-3390.0000000000073,15:59,0.01171741432943861
20240122,TRADE,,0.006750636327540003,CALM,WIN,4861.27,4850.62,35.0,4825.0,4895.0,0.9,0.5,0.4,0.0,176.0,15:59,0.005019141141710314
20240123,SKIP,call_credit_too_low,0.007960765276574602,CALM,,,,,,,,,,,,,
20240124,SKIP,put_credit_too_low,0.007263702766498928,CALM,,,,,,,,,,,,,
20240125,TRADE,,0.006542486093613927,CALM,WIN,4883.59,4895.05,30.0,4855.0,4915.0,1.7000000000000002,0.9500000000000001,0.75,0.0,336.00000000000006,15:59,0.005895642422431577
20240126,TRADE,,0.007290431985422168,CALM,WIN,4891.94,4890.07,35.0,4855.0,4925.0,1.4,0.55,0.8499999999999999,0.0,276.0,15:59,0.0051586140878026685
20240129,SKIP,call_credit_too_low,0.006486611204926568,CALM,,,,,,,,,,,,,
20240130,TRADE,,0.0074083162568074745,CALM,WIN,4926.23,4924.62,35.0,4890.0,4960.0,0.9500000000000001,0.55,0.4,0.0,186.0,15:59,0.003008593370944075
20240131,SKIP,regime=NORMAL,0.009098558099108414,NORMAL,,,,,,,,,,,,,
20240201,SKIP,regime=NORMAL,0.009198974806734294,NORMAL,,,,,,,,,,,,,
20240202,TRADE,,0.006113517072244016,CALM,LOSS,4921.33,4958.04,30.0,4890.0,4950.0,3.6500000000000004,2.4000000000000004,1.25,8.039999999999964,-885.9999999999926,15:59,0.01368982477837947
20240205,SKIP,call_credit_too_low,0.007829272880984872,CALM,,,,,,,,,,,,,
20240206,TRADE,,0.00635060612353256,CALM,WIN,4957.22,4954.24,30.0,4925.0,4985.0,1.55,0.8,0.75,0.0,306.0,15:59,0.004624092958611505
20240207,SKIP,call_credit_too_low,0.007141819338872535,CALM,,,,,,,,,,,,,
20240208,SKIP,regime=NORMAL,0.007159100089652037,NORMAL,,,,,,,,,,,,,
20240209,TRADE,,0.0074314245110164295,CALM,WIN,5005.85,5025.89,35.0,4970.0,5040.0,1.15,0.7,0.45,0.0,225.99999999999997,15:59,0.005939046834939711
20240212,SKIP,put_credit_too_low,0.0074742911000827495,CALM,,,,,,,,,,,,,
20240213,SKIP,regime=NORMAL,0.00782264223204323,NORMAL,,,,,,,,,,,,,
20240214,SKIP,call_credit_too_low,0.007595215819779503,CALM,,,,,,,,,,,,,
20240215,SKIP,call_credit_too_low,0.009089487970062163,CALM,,,,,,,,,,,,,
20240216,TRADE,,0.007035912575763411,CALM,WIN,5019.97,5005.15,35.0,4985.0,5055.0,2.3500000000000005,1.5500000000000003,0.8,0.0,466.0000000000001,15:59,0.007787514932033038
20240220,TRADE,,0.008225306481090546,CALM,WIN,4976.78,4975.99,40.0,4935.0,5015.0,1.1500000000000001,0.6000000000000001,0.55,0.0,226.00000000000003,15:59,0.007754563748166003
20240221,TRADE,,0.007896020540010882,CALM,WIN,4961.82,4981.91,40.0,4920.0,5000.0,0.95,0.44999999999999996,0.5,0.0,186.0,15:59,0.00749743604209526
20240222,SKIP,call_credit_too_low,0.006483905462596026,CALM,,,,,,,,,,,,,
20240223,TRADE,,0.00810963380473125,CALM,WIN,5109.92,5089.31,40.0,5070.0,5150.0,1.1,0.6500000000000001,0.45,0.0,216.00000000000003,15:59,0.00580287477553076
20240226,SKIP,call_credit_too_low,0.006522867474388977,CALM,,,,,,,,,,,,,
20240227,TRADE,,0.006459694158222277,CALM,WIN,5066.68,5079.48,35.0,5030.0,5100.0,0.85,0.44999999999999996,0.4,0.0,166.0,15:59,0.004611200882828131
20240228,TRADE,,0.006007507102350346,CALM,WIN,5064.72,5070.27,30.0,5035.0,5095.0,1.2999999999999998,0.7,0.6,0.0,255.99999999999994,15:59,0.0037535522576569954
20240229,TRADE,,0.006482333090513349,CALM,WIN,5092.04,5097.54,35.0,5055.0,5125.0,1.65,0.75,0.8999999999999999,0.0,326.0,15:59,0.008475309515943701
20240301,SKIP,regime=NORMAL,0.007888207595228675,NORMAL,,,,,,,,,,,,,
20240304,SKIP,put_credit_too_low,0.0069656885928600755,CALM,,,,,,,,,,,,,
20240305,SKIP,call_credit_too_low,0.007026448189432429,CALM,,,,,,,,,,,,,
20240306,TRADE,,0.007225229966378355,CALM,WIN,5110.17,5105.73,35.0,5075.0,5145.0,2.65,1.5,1.15,0.0,526.0,15:59,0.006998784267124508
20240307,TRADE,,0.006411113156106012,CALM,WIN,5131.0,5158.28,35.0,5095.0,5165.0,1.9,0.8,1.0999999999999999,0.0,376.0,15:59,0.00728901601206455
20240308,TRADE,,0.006716325112046912,CALM,LOSS,5176.22,5124.37,35.0,5140.0,5210.0,2.3499999999999996,1.4999999999999998,0.85,15.63000000000011,-2664.000000000022,15:59,0.013894966753542523
20240311,SKIP,call_credit_too_low,0.007438043656630308,CALM,,,,,,,,,,,,,
20240312,SKIP,regime=NORMAL,0.0072581818829318655,NORMAL,,,,,,,,,,,,,
20240313,SKIP,call_credit_too_low,0.006919793235142689,CALM,,,,,,,,,,,,,
20240314,TRADE,,0.006607475869953141,CALM,WIN,5170.13,5151.43,35.0,5135.0,5205.0,1.7,1.0,0.7,0.0,336.0,15:59,0.010347546153340813
20240315,SKIP,regime=NORMAL,0.008634136220020459,NORMAL,,,,,,,,,,,,,
20240318,SKIP,call_credit_too_low,0.006401156959218937,CALM,,,,,,,,,,,,,
20240319,SKIP,regime=NORMAL,0.008327203060472792,NORMAL,,,,,,,,,,,,,
20240320,SKIP,regime=NORMAL,0.011247979380016577,NORMAL,,,,,,,,,,,,,
20240321,SKIP,call_credit_too_low,0.006930439749035618,CALM,,,,,,,,,,,,,
20240322,SKIP,regime=NORMAL,0.007363484916716871,NORMAL,,,,,,,,,,,,,
20240325,SKIP,put_credit_too_low,0.006578797332571364,CALM,,,,,,,,,,,,,
20240326,SKIP,put_credit_too_low,0.006340513394483417,CALM,,,,,,,,,,,,,
20240327,SKIP,regime=NORMAL,0.00764222982350245,NORMAL,,,,,,,,,,,,,
20240328,SKIP,regime=NORMAL,0.006909253842943774,NORMAL,,,,,,,,,,,,,
20240401,SKIP,call_credit_too_low,0.006886156628742047,CALM,,,,,,,,,,,,,
20240402,SKIP,regime=NORMAL,0.007828176383694695,NORMAL,,,,,,,,,,,,,
20240403,SKIP,call_credit_too_low,0.0065919593502219535,CALM,,,,,,,,,,,,,
20240404,SKIP,call_credit_too_low,0.006580521752092557,CALM,,,,,,,,,,,,,
20240405,SKIP,regime=NORMAL,0.011409494456627324,NORMAL,,,,,,,,,,,,,
20240408,SKIP,call_credit_too_low,0.008800684657884196,CALM,,,,,,,,,,,,,
20240409,TRADE,,0.00610990489464157,CALM,WIN,5216.63,5210.06,30.0,5185.0,5245.0,1.6,1.0,0.6000000000000001,0.0,316.0,15:59,0.012273266590378177
20240410,TRADE,,0.012555808230925369,CALM,WIN,5149.66,5159.83,65.0,5085.0,5215.0,1.4,0.5499999999999999,0.8500000000000001,0.0,276.0,15:59,0.0076878720094120745
20240411,TRADE,,0.008448857365520682,CALM,WIN,5164.21,5198.17,45.0,5120.0,5210.0,2.9,2.0,0.9,0.0,576.0,15:59,0.0141138035357
20240412,TRADE,,0.008573021197440609,CALM,WIN,5170.86,5123.6,45.0,5125.0,5215.0,2.8,1.7,1.0999999999999999,1.3999999999996362,272.0000000000727,15:59,0.01297300014889271
20240415,SKIP,regime=NORMAL,0.011810644725610822,NORMAL,,,,,,,,,,,,,
20240416,SKIP,regime=NORMAL,0.014987356349005639,NORMAL,,,,,,,,,,,,,
20240417,SKIP,regime=NORMAL,0.012464726540067705,NORMAL,,,,,,,,,,,,,
20240418,SKIP,regime=VOLATILE,0.012650790438534305,VOLATILE,,,,,,,,,,,,,
20240419,SKIP,regime=VOLATILE,0.012418164254427606,VOLATILE,,,,,,,,,,,,,
20240422,SKIP,regime=NORMAL,0.013324280188059177,NORMAL,,,,,,,,,,,,,
20240423,TRADE,,0.007254316935475787,CALM,WIN,5047.22,5069.41,35.0,5010.0,5080.0,2.75,2.3,0.45,0.0,546.0,15:59,0.009576742197520279
20240424,SKIP,regime=NORMAL,0.008396472713948853,NORMAL,,,,,,,,,,,,,
20240425,SKIP,regime=NORMAL,0.007637136031997729,NORMAL,,,,,,,,,,,,,
20240426,SKIP,regime=NORMAL,0.008708888169207438,NORMAL,,,,,,,,,,,,,
20240429,SKIP,call_credit_too_low,0.008942306430398547,CALM,,,,,,,,,,,,,
20240430,SKIP,call_credit_too_low,0.006657497118132079,CALM,,,,,,,,,,,,,
20240501,SKIP,regime=VOLATILE,0.01656556276532498,VOLATILE,,,,,,,,,,,,,
20240502,SKIP,regime=VOLATILE,0.01314099760385429,VOLATILE,,,,,,,,,,,,,
20240503,SKIP,regime=NORMAL,0.009812040847220548,NORMAL,,,,,,,,,,,,,
20240506,SKIP,call_credit_too_low,0.006725614521317385,CALM,,,,,,,,,,,,,
20240507,SKIP,call_credit_too_low,0.006434564014629489,CALM,,,,,,,,,,,,,
20240508,SKIP,call_credit_too_low,0.007156957505211657,CALM,,,,,,,,,,,,,
20240509,SKIP,call_credit_too_low,0.006989119498307787,CALM,,,,,,,,,,,,,
20240510,SKIP,call_credit_too_low,0.007229101499268586,CALM,,,,,,,,,,,,,
20240513,SKIP,put_credit_too_low,0.00713354871233436,CALM,,,,,,,,,,,,,
20240514,SKIP,call_credit_too_low,0.00777898183140253,CALM,,,,,,,,,,,,,
20240515,TRADE,,0.006657508158428134,CALM,WIN,5273.82,5308.67,35.0,5240.0,5310.0,1.7,1.25,0.45,0.0,336.0,15:59,0.00921482123246809
20240516,SKIP,call_credit_too_low,0.006904689070173006,CALM,,,,,,,,,,,,,
20240517,SKIP,call_credit_too_low,0.006702928251459155,CALM,,,,,,,,,,,,,
20240520,SKIP,put_credit_too_low,0.00650375027322572,CALM,,,,,,,,,,,,,
20240521,SKIP,put_credit_too_low,0.00633884280533783,CALM,,,,,,,,,,,,,
20240522,SKIP,put_credit_too_low,0.007015694115523532,CALM,,,,,,,,,,,,,
20240523,SKIP,regime=NORMAL,0.007721831982855746,NORMAL,,,,,,,,,,,,,
20240524,SKIP,call_credit_too_low,0.007143038718190778,CALM,,,,,,,,,,,,,
20240528,SKIP,put_credit_too_low,0.007675658990905014,CALM,,,,,,,,,,,,,
20240529,TRADE,,0.005903002036958462,CALM,WIN,5266.06,5265.78,30.0,5235.0,5295.0,2.1500000000000004,1.35,0.8,0.0,426.00000000000006,15:59,0.0037073311194170985
20240530,SKIP,call_credit_too_low,0.0072354667188962414,CALM,,,,,,,,,,,,,
20240531,SKIP,call_credit_too_low,0.008274790906685805,CALM,,,,,,,,,,,,,
20240603,SKIP,call_credit_too_low,0.006021886593425664,CALM,,,,,,,,,,,,,
20240604,TRADE,,0.007092175966514437,CALM,WIN,5274.08,5290.74,35.0,5240.0,5310.0,2.55,1.75,0.8,0.0,505.99999999999994,15:59,0.007799948467671056
20240605,TRADE,,0.007509394201173301,CALM,LOSS,5310.83,5353.64,40.0,5270.0,5350.0,1.5499999999999998,1.15,0.4,3.6400000000003274,-426.00000000006554,15:59,0.01063509506104069
20240606,TRADE,,0.005383816149448853,CALM,WIN,5359.65,5352.91,30.0,5330.0,5390.0,1.95,1.15,0.8,0.0,386.0,15:59,0.005037515398111294
20240607,TRADE,,0.006889975238692015,CALM,WIN,5343.37,5346.3,35.0,5310.0,5380.0,2.55,1.65,0.8999999999999999,0.0,505.99999999999994,15:59,0.008187042578235378
20240610,SKIP,call_credit_too_low,0.006475206347702413,CALM,,,,,,,,,,,,,
20240611,SKIP,call_credit_too_low,0.006183658355330876,CALM,,,,,,,,,,,,,
20240612,SKIP,regime=VOLATILE,0.012568736870217135,VOLATILE,,,,,,,,,,,,,
20240613,SKIP,call_credit_too_low,0.007456564093966963,CALM,,,,,,,,,,,,,
20240614,SKIP,call_credit_too_low,0.007791293236606488,CALM,,,,,,,,,,,,,
20240617,SKIP,call_credit_too_low,0.005960807889978134,CALM,,,,,,,,,,,,,
20240618,SKIP,call_credit_too_low,0.007803779886648659,CALM,,,,,,,,,,,,,
20240620,TRADE,,0.006204572619506562,CALM,WIN,5504.18,5472.46,35.0,5470.0,5540.0,1.4,0.95,0.45,0.0,276.0,15:59,0.009085471064492727
20240621,TRADE,,0.006609852637849794,CALM,WIN,5455.01,5467.65,35.0,5420.0,5490.0,2.75,1.1,1.6500000000000001,0.0,546.0,15:59,0.004807226204870637
20240624,SKIP,call_credit_too_low,0.007276070477775368,CALM,,,,,,,,,,,,,
20240625,SKIP,call_credit_too_low,0.007832221900918803,CALM,,,,,,,,,,,,,
20240626,TRADE,,0.005861115937016975,CALM,WIN,5458.61,5478.61,30.0,5430.0,5490.0,1.75,1.2,0.55,0.0,346.0,15:59,0.005726361590342728
20240627,SKIP,call_credit_too_low,0.008020028357127437,CALM,,,,,,,,,,,,,
20240628,TRADE,,0.006983119584195882,CALM,WIN,5501.34,5459.16,40.0,5460.0,5540.0,1.65,1.1,0.5499999999999999,0.8400000000001455,153.99999999997087,15:59,0.013213130046934751
20240701,TRADE,,0.006635275779482737,CALM,WIN,5469.53,5474.5,35.0,5435.0,5505.0,1.7,1.0,0.7,0.0,336.0,15:59,0.0060353714440294125
20240702,TRADE,,0.006477717949648919,CALM,WIN,5474.37,5509.28,35.0,5440.0,5510.0,1.75,1.25,0.5,0.0,346.0,15:59,0.009385115638685737
20240703,SKIP,put_credit_too_low,0.008045276090603837,CALM,,,,,,,,,,,,,
20240705,SKIP,put_credit_too_low,0.007735299934359478,CALM,,,,,,,,,,,,,
20240708,SKIP,call_credit_too_low,0.006675901273984873,CALM,,,,,,,,,,,,,
20240709,SKIP,call_credit_too_low,0.006290251046112909,CALM,,,,,,,,,,,,,
20240710,SKIP,call_credit_too_low,0.006387407730297502,CALM,,,,,,,,,,,,,
20240711,TRADE,,0.006606091585452508,CALM,LOSS,5637.01,5585.51,35.0,5600.0,5670.0,2.25,0.9500000000000001,1.3,14.489999999999782,-2455.9999999999563,15:59,0.01169787816248198
20240712,SKIP,call_credit_too_low,0.008063536247868004,CALM,,,,,,,,,,,,,
20240715,TRADE,,0.006999948899135575,CALM,WIN,5635.11,5632.56,40.0,5595.0,5675.0,1.7000000000000002,0.9,0.8,0.0,336.00000000000006,15:59,0.00925656597187728
20240716,SKIP,call_credit_too_low,0.008066820041661262,CALM,,,,,,,,,,,,,
20240717,TRADE,,0.007575429945661981,CALM,WIN,5613.83,5588.19,45.0,5570.0,5660.0,1.5,1.0,0.5,0.0,296.0,15:59,0.006716493733589667
20240718,TRADE,,0.0076164131511923085,CALM,LOSS,5596.24,5545.25,45.0,5550.0,5640.0,1.65,0.7000000000000001,0.95,4.75,-628.0,15:59,0.016267990357596206
20240719,SKIP,regime=NORMAL,0.00980200477637521,NORMAL,,,,,,,,,,,,,
20240722,SKIP,regime=NORMAL,0.010698448211172041,NORMAL,,,,,,,,,,,,,
20240723,TRADE,,0.007012760624187367,CALM,WIN,5570.91,5556.27,40.0,5530.0,5610.0,1.65,0.85,0.8,0.0,326.0,15:59,0.006188345641744471
20240724,SKIP,regime=NORMAL,0.007996185909699275,NORMAL,,,,,,,,,,,,,
20240725,SKIP,regime=NORMAL,0.011229241190623723,NORMAL,,,,,,,,,,,,,
20240726,SKIP,regime=DANGER,0.01887550004824748,DANGER,,,,,,,,,,,,,
20240729,SKIP,call_credit_too_low,0.011276878346622547,CALM,,,,,,,,,,,,,
20240730,SKIP,regime=NORMAL,0.011084668466123333,NORMAL,,,,,,,,,,,,,
20240731,SKIP,regime=DANGER,0.019242706297806222,DANGER,,,,,,,,,,,,,
20240801,SKIP,regime=NORMAL,0.009269594886956422,NORMAL,,,,,,,,,,,,,
20240802,SKIP,regime=DANGER,0.017237000511171927,DANGER,,,,,,,,,,,,,
20240805,SKIP,regime=DANGER,0.025553884364249033,DANGER,,,,,,,,,,,,,
20240806,SKIP,regime=DANGER,0.022346851935501136,DANGER,,,,,,,,,,,,,
20240807,SKIP,regime=VOLATILE,0.021174450165997928,VOLATILE,,,,,,,,,,,,,
20240808,SKIP,regime=DANGER,0.021118181160068347,DANGER,,,,,,,,,,,,,
20240809,SKIP,regime=DANGER,0.018652805746010838,DANGER,,,,,,,,,,,,,
20240812,SKIP,regime=NORMAL,0.014208850268103744,NORMAL,,,,,,,,,,,,,
20240813,SKIP,regime=NORMAL,0.015119900548885915,NORMAL,,,,,,,,,,,,,
20240814,SKIP,regime=NORMAL,0.011798690169363454,NORMAL,,,,,,,,,,,,,
20240815,SKIP,regime=NORMAL,0.011250912355514552,NORMAL,,,,,,,,,,,,,
20240816,TRADE,,0.008203100442884035,CALM,WIN,5531.25,5554.22,45.0,5485.0,5575.0,2.8,1.45,1.35,0.0,556.0,15:59,0.00665581773799828
20240819,SKIP,call_credit_too_low,0.0069108855433654085,CALM,,,,,,,,,,,,,
20240820,TRADE,,0.00678398307747902,CALM,WIN,5612.01,5596.41,40.0,5570.0,5650.0,1.25,0.8500000000000001,0.4,0.0,246.0,15:59,0.006248572162887696
20240821,SKIP,call_credit_too_low,0.008878355230683423,CALM,,,,,,,,,,,,,
20240822,SKIP,regime=NORMAL,0.008966841456915769,NORMAL,,,,,,,,,,,,,
20240823,SKIP,regime=NORMAL,0.01616465603232088,NORMAL,,,,,,,,,,,,,
20240826,SKIP,regime=NORMAL,0.010249208560878863,NORMAL,,,,,,,,,,,,,
20240827,TRADE,,0.008167046714396813,CALM,WIN,5596.15,5626.39,45.0,5550.0,5640.0,1.5,0.7,0.8,0.0,296.0,15:59,0.006728670382606249
20240828,TRADE,,0.006519765791056106,CALM,WIN,5618.16,5592.18,35.0,5585.0,5655.0,1.4,0.8500000000000001,0.5499999999999999,0.0,276.0,15:59,0.011748578987325104
20240829,SKIP,regime=NORMAL,0.011784885482475575,NORMAL,,,,,,,,,,,,,
20240830,SKIP,regime=NORMAL,0.008950072459893774,NORMAL,,,,,,,,,,,,,
20240903,TRADE,,0.009367052260059495,CALM,LOSS,5605.71,5529.11,55.0,5550.0,5660.0,1.4,0.75,0.65,20.0,-3728.0000000000005,15:59,0.021259306280883943
20240904,SKIP,regime=NORMAL,0.01551830745846612,NORMAL,,,,,,,,,,,,,
20240905,SKIP,regime=DANGER,0.015608051858812687,DANGER,,,,,,,,,,,,,
20240906,SKIP,regime=NORMAL,0.014734378802749621,NORMAL,,,,,,,,,,,,,
20240909,SKIP,regime=NORMAL,0.015143777530692213,NORMAL,,,,,,,,,,,,,
20240910,SKIP,regime=NORMAL,0.014187529038949626,NORMAL,,,,,,,,,,,,,
20240911,SKIP,regime=NORMAL,0.014606834223709541,NORMAL,,,,,,,,,,,,,
20240912,SKIP,regime=NORMAL,0.014611226103246111,NORMAL,,,,,,,,,,,,,
20240913,SKIP,regime=NORMAL,0.010603815672226319,NORMAL,,,,,,,,,,,,,
20240916,SKIP,call_credit_too_low,0.009026154444288798,CALM,,,,,,,,,,,,,
20240917,SKIP,call_credit_too_low,0.010869541061571814,CALM,,,,,,,,,,,,,
20240918,SKIP,regime=DANGER,0.0220881786812476,DANGER,,,,,,,,,,,,,
20240919,SKIP,regime=VOLATILE,0.011752115176461065,VOLATILE,,,,,,,,,,,,,
20240920,SKIP,regime=NORMAL,0.008291846754844226,NORMAL,,,,,,,,,,,,,
20240923,SKIP,regime=NORMAL,0.00872816617922442,NORMAL,,,,,,,,,,,,,
20240924,SKIP,call_credit_too_low,0.008446083104493293,CALM,,,,,,,,,,,,,
20240925,SKIP,call_credit_too_low,0.007885200126624357,CALM,,,,,,,,,,,,,
20240926,SKIP,call_credit_too_low,0.007745275597029591,CALM,,,,,,,,,,,,,
20240927,SKIP,regime=NORMAL,0.00919434028195688,NORMAL,,,,,,,,,,,,,
20240930,SKIP,regime=NORMAL,0.009489147160764691,NORMAL,,,,,,,,,,,,,
20241001,SKIP,regime=NORMAL,0.009640920017978926,NORMAL,,,,,,,,,,,,,
20241002,SKIP,regime=NORMAL,0.010476221238588214,NORMAL,,,,,,,,,,,,,
20241003,TRADE,,0.010010852742483003,CALM,WIN,5693.01,5698.93,55.0,5640.0,5750.0,1.9500000000000002,1.35,0.6000000000000001,0.0,386.00000000000006,15:59,0.007267219941770958
20241004,SKIP,regime=NORMAL,0.009882450629403046,NORMAL,,,,,,,,,,,,,
20241007,SKIP,regime=NORMAL,0.011258576260142702,NORMAL,,,,,,,,,,,,,
20241008,SKIP,regime=NORMAL,0.011792208535958085,NORMAL,,,,,,,,,,,,,
20241009,SKIP,regime=NORMAL,0.010473863542333399,NORMAL,,,,,,,,,,,,,
20241010,SKIP,regime=NORMAL,0.011990005492779796,NORMAL,,,,,,,,,,,,,
20241011,SKIP,regime=NORMAL,0.00982405175742181,NORMAL,,,,,,,,,,,,,
20241014,SKIP,put_credit_too_low,0.009672370763483045,CALM,,,,,,,,,,,,,
20241015,SKIP,call_credit_too_low,0.00852611556177852,CALM,,,,,,,,,,,,,
20241016,SKIP,regime=NORMAL,0.009629168783453872,NORMAL,,,,,,,,,,,,,
20241017,SKIP,regime=NORMAL,0.010182341939279102,NORMAL,,,,,,,,,,,,,
20241018,SKIP,call_credit_too_low,0.007415934847953249,CALM,,,,,,,,,,,,,
20241021,SKIP,call_credit_too_low,0.006648467687083979,CALM,,,,,,,,,,,,,
20241022,SKIP,regime=NORMAL,0.008499139151483613,NORMAL,,,,,,,,,,,,,
20241023,SKIP,regime=NORMAL,0.009223373713547442,NORMAL,,,,,,,,,,,,,
20241024,SKIP,call_credit_too_low,0.009629601065892645,CALM,,,,,,,,,,,,,
20241025,SKIP,call_credit_too_low,0.008648641999229894,CALM,,,,,,,,,,,,,
20241028,SKIP,regime=NORMAL,0.008053663835704368,NORMAL,,,,,,,,,,,,,
20241029,SKIP,call_credit_too_low,0.007923832930373069,CALM,,,,,,,,,,,,,
20241030,TRADE,,0.00869657277454403,CALM,WIN,5815.86,5816.91,50.0,5765.0,5865.0,1.25,0.8,0.44999999999999996,0.0,246.0,15:59,0.00679965367371604
20241031,SKIP,regime=NORMAL,0.009648307400975992,NORMAL,,,,,,,,,,,,,
20241101,SKIP,regime=VOLATILE,0.014047215065788227,VOLATILE,,,,,,,,,,,,,
20241104,SKIP,regime=NORMAL,0.011289851973852082,NORMAL,,,,,,,,,,,,,
20241105,SKIP,regime=NORMAL,0.011267899978548313,NORMAL,,,,,,,,,,,,,
20241106,SKIP,regime=VOLATILE,0.013040636175313718,VOLATILE,,,,,,,,,,,,,
20241107,SKIP,regime=NORMAL,0.012347800150356964,NORMAL,,,,,,,,,,,,,
20241108,SKIP,call_credit_too_low,0.0071841644927199,CALM,,,,,,,,,,,,,
20241111,TRADE,,0.005901464608260785,CALM,WIN,6006.99,6003.58,35.0,5970.0,6040.0,1.5499999999999998,0.7499999999999999,0.8,0.0,305.99999999999994,15:59,0.005095808522748209
20241112,SKIP,regime=NORMAL,0.008997677848047647,NORMAL,,,,,,,,,,,,,
20241113,SKIP,regime=NORMAL,0.008668971845429058,NORMAL,,,,,,,,,,,,,
20241114,SKIP,regime=NORMAL,0.008600007403141756,NORMAL,,,,,,,,,,,,,
20241115,SKIP,regime=NORMAL,0.00792042321484228,NORMAL,,,,,,,,,,,,,
20241118,SKIP,regime=NORMAL,0.00816338227626453,NORMAL,,,,,,,,,,,,,
20241119,SKIP,regime=NORMAL,0.008346036776928576,NORMAL,,,,,,,,,,,,,
20241120,TRADE,,0.008125427204770498,CALM,WIN,5893.8,5916.83,50.0,5845.0,5945.0,1.65,1.05,0.6,0.0,326.0,15:59,0.010163433282496385
20241121,SKIP,regime=NORMAL,0.009837133395636051,NORMAL,,,,,,,,,,,,,
20241122,SKIP,regime=NORMAL,0.009289208898222101,NORMAL,,,,,,,,,,,,,
20241125,SKIP,regime=NORMAL,0.007297087538014531,NORMAL,,,,,,,,,,,,,
20241126,SKIP,call_credit_too_low,0.008055725219461293,CALM,,,,,,,,,,,,,
20241127,TRADE,,0.005912173381757927,CALM,WIN,6016.66,5998.72,35.0,5980.0,6050.0,1.35,0.85,0.5,0.0,266.0,15:59,0.005867867398501186
20241129,SKIP,put_credit_too_low,0.006778958414626231,CALM,,,,,,,,,,,,,
20241202,SKIP,regime=NORMAL,0.0070813156556270105,NORMAL,,,,,,,,,,,,,
20241203,SKIP,call_credit_too_low,0.007023825124372647,CALM,,,,,,,,,,,,,
20241204,SKIP,put_credit_too_low,0.006428807108221661,CALM,,,,,,,,,,,,,
20241205,SKIP,put_credit_too_low,0.006506848891501194,CALM,,,,,,,,,,,,,
20241206,SKIP,call_credit_too_low,0.006242711856132044,CALM,,,,,,,,,,,,,
20241209,SKIP,put_credit_too_low,0.006890745376423888,CALM,,,,,,,,,,,,,
20241210,SKIP,put_credit_too_low,0.006662358085479376,CALM,,,,,,,,,,,,,
20241211,SKIP,put_credit_too_low,0.007570102108366861,CALM,,,,,,,,,,,,,
20241212,SKIP,put_credit_too_low,0.006745314965973944,CALM,,,,,,,,,,,,,
20241213,SKIP,put_credit_too_low,0.006553552380414625,CALM,,,,,,,,,,,,,
20241216,SKIP,put_credit_too_low,0.007162490014949684,CALM,,,,,,,,,,,,,
20241217,SKIP,regime=NORMAL,0.007691898422973238,NORMAL,,,,,,,,,,,,,
20241218,SKIP,regime=NORMAL,0.010148871927512454,NORMAL,,,,,,,,,,,,,
20241219,SKIP,regime=DANGER,0.020433192597245787,DANGER,,,,,,,,,,,,,
20241220,SKIP,regime=DANGER,0.018323101475098632,DANGER,,,,,,,,,,,,,
20241223,SKIP,regime=NORMAL,0.015156130375534088,NORMAL,,,,,,,,,,,,,
20241224,SKIP,call_credit_too_low,0.007241239321617619,CALM,,,,,,,,,,,,,
20241226,TRADE,,0.00754317116442533,CALM,WIN,6024.61,6037.09,45.0,5980.0,6070.0,1.5,0.8999999999999999,0.6000000000000001,0.0,296.0,15:59,0.007034059920630328
20241227,TRADE,,0.006872094348925867,CALM,WIN,5993.15,5972.25,40.0,5955.0,6035.0,2.8499999999999996,1.9,0.95,0.0,565.9999999999999,15:59,0.0121907971302844
20241230,SKIP,regime=NORMAL,0.013710180439236008,NORMAL,,,,,,,,,,,,,
20241231,SKIP,regime=NORMAL,0.012845584706868276,NORMAL,,,,,,,,,,,,,
20250102,SKIP,regime=NORMAL,0.012787220868125948,NORMAL,,,,,,,,,,,,,
20250103,SKIP,regime=NORMAL,0.013578131151848461,NORMAL,,,,,,,,,,,,,
20250106,SKIP,regime=NORMAL,0.00861822065631143,NORMAL,,,,,,,,,,,,,
20250107,SKIP,call_credit_too_low,0.007937327507786382,CALM,,,,,,,,,,,,,
20250108,SKIP,regime=NORMAL,0.01264812297736037,NORMAL,,,,,,,,,,,,,
20250110,SKIP,regime=DANGER,0.01467966240329783,DANGER,,,,,,,,,,,,,
20250113,SKIP,regime=NORMAL,0.0151704029933047,NORMAL,,,,,,,,,,,,,
20250114,SKIP,regime=DANGER,0.01577881250801744,DANGER,,,,,,,,,,,,,
20250115,SKIP,regime=NORMAL,0.013353020850429729,NORMAL,,,,,,,,,,,,,
20250116,TRADE,,0.0076122511473154545,CALM,WIN,5951.4,5937.38,45.0,5905.0,5995.0,3.0,1.5500000000000003,1.45,0.0,596.0,15:59,0.005696214205824886
20250117,SKIP,regime=NORMAL,0.009825930904739648,NORMAL,,,,,,,,,,,,,
20250121,TRADE,,0.0063543748699337235,CALM,WIN,6025.92,6049.23,40.0,5985.0,6065.0,2.65,1.7999999999999998,0.85,0.0,526.0,15:59,0.007420869553650428
20250122,SKIP,call_credit_too_low,0.006298241203570613,CALM,,,,,,,,,,,,,
20250123,SKIP,call_credit_too_low,0.006980825012023527,CALM,,,,,,,,,,,,,
20250124,SKIP,call_credit_too_low,0.00685338835150578,CALM,,,,,,,,,,,,,
20250127,TRADE,,0.007425270430869201,CALM,WIN,6000.15,6013.39,45.0,5955.0,6045.0,3.7,2.2,1.5,0.0,736.0,15:59,0.009088563655127122
20250128,SKIP,regime=NORMAL,0.0096280179654091,NORMAL,,,,,,,,,,,,,
20250129,SKIP,regime=NORMAL,0.011381691030033546,NORMAL,,,,,,,,,,,,,
20250130,TRADE,,0.006765225801307856,CALM,WIN,6065.51,6069.66,40.0,6025.0,6105.0,2.65,1.6,1.0499999999999998,0.0,526.0,15:59,0.009780605710035995
20250131,SKIP,call_credit_too_low,0.008979482692406717,CALM,,,,,,,,,,,,,
20250203,SKIP,regime=NORMAL,0.012544247833393397,NORMAL,,,,,,,,,,,,,
20250204,SKIP,regime=NORMAL,0.010448030232054985,NORMAL,,,,,,,,,,,,,
20250205,SKIP,regime=NORMAL,0.010926032888099872,NORMAL,,,,,,,,,,,,,
20250206,SKIP,call_credit_too_low,0.00830354327063589,CALM,,,,,,,,,,,,,
20250207,SKIP,call_credit_too_low,0.0074706386268158,CALM,,,,,,,,,,,,,
20250210,SKIP,regime=NORMAL,0.008131056678090576,NORMAL,,,,,,,,,,,,,
20250211,SKIP,call_credit_too_low,0.007855499615790844,CALM,,,,,,,,,,,,,
20250212,TRADE,,0.0068642570392110575,CALM,WIN,6024.77,6051.01,40.0,5985.0,6065.0,3.5999999999999996,2.25,1.3499999999999999,0.0,715.9999999999999,15:59,0.00995837399669382
20250213,SKIP,call_credit_too_low,0.008836437454218188,CALM,,,,,,,,,,,,,
20250214,TRADE,,0.006258181119425983,CALM,WIN,6121.33,6113.74,40.0,6080.0,6160.0,1.6999999999999997,1.2999999999999998,0.4,0.0,335.99999999999994,15:59,0.0032458400920936177
20250218,SKIP,call_credit_too_low,0.007828607055650385,CALM,,,,,,,,,,,,,
20250219,SKIP,call_credit_too_low,0.0061969104777645076,CALM,,,,,,,,,,,,,
20250220,SKIP,call_credit_too_low,0.006140519665742013,CALM,,,,,,,,,,,,,
20250221,SKIP,call_credit_too_low,0.008925109269377117,CALM,,,,,,,,,,,,,
20250224,SKIP,regime=NORMAL,0.011877257679265714,NORMAL,,,,,,,,,,,,,
20250225,SKIP,regime=NORMAL,0.01305370598147864,NORMAL,,,,,,,,,,,,,
20250226,SKIP,call_credit_too_low,0.011539777084674544,CALM,,,,,,,,,,,,,
20250227,SKIP,regime=NORMAL,0.015233559904144066,NORMAL,,,,,,,,,,,,,
20250228,SKIP,regime=VOLATILE,0.014962276185175365,VOLATILE,,,,,,,,,,,,,
20250303,SKIP,regime=VOLATILE,0.014402576902170186,VOLATILE,,,,,,,,,,,,,
20250304,SKIP,regime=DANGER,0.021094849634670752,DANGER,,,,,,,,,,,,,
20250305,SKIP,regime=DANGER,0.025383394720234754,DANGER,,,,,,,,,,,,,
20250306,SKIP,regime=DANGER,0.021959169467612897,DANGER,,,,,,,,,,,,,
20250307,SKIP,regime=DANGER,0.02092484048959158,DANGER,,,,,,,,,,,,,
20250310,SKIP,regime=DANGER,0.022143909202766685,DANGER,,,,,,,,,,,,,
20250311,SKIP,regime=DANGER,0.021844446090224998,DANGER,,,,,,,,,,,,,
20250312,SKIP,regime=DANGER,0.02337459532614467,DANGER,,,,,,,,,,,,,
20250313,SKIP,regime=DANGER,0.023137554332777654,DANGER,,,,,,,,,,,,,
20250314,SKIP,regime=DANGER,0.019956813133619297,DANGER,,,,,,,,,,,,,
20250317,SKIP,regime=VOLATILE,0.014601768464121055,VOLATILE,,,,,,,,,,,,,
20250318,SKIP,regime=DANGER,0.01582794693566953,DANGER,,,,,,,,,,,,,
20250319,SKIP,regime=DANGER,0.0236397823556425,DANGER,,,,,,,,,,,,,
20250320,SKIP,regime=DANGER,0.021486503983462406,DANGER,,,,,,,,,,,,,
20250321,SKIP,regime=DANGER,0.01856816786435186,DANGER,,,,,,,,,,,,,
20250324,SKIP,regime=NORMAL,0.01418179719761902,NORMAL,,,,,,,,,,,,,
20250325,SKIP,regime=NORMAL,0.010484894574149556,NORMAL,,,,,,,,,,,,,
20250326,SKIP,regime=NORMAL,0.010831609632267133,NORMAL,,,,,,,,,,,,,
20250327,SKIP,regime=DANGER,0.015717864100374124,DANGER,,,,,,,,,,,,,
20250328,SKIP,regime=VOLATILE,0.014780573148782472,VOLATILE,,,,,,,,,,,,,
20250331,SKIP,regime=VOLATILE,0.016825924762745924,VOLATILE,,,,,,,,,,,,,
20250401,SKIP,regime=DANGER,0.020879257036571855,DANGER,,,,,,,,,,,,,
20250402,SKIP,regime=DANGER,0.021190728811528493,DANGER,,,,,,,,,,,,,
20250403,SKIP,regime=DANGER,0.024147450510191255,DANGER,,,,,,,,,,,,,
20250404,SKIP,regime=DANGER,0.024134904920751595,DANGER,,,,,,,,,,,,,
20250407,SKIP,regime=DANGER,0.024791447786149428,DANGER,,,,,,,,,,,,,
20250408,SKIP,regime=DANGER,0.03101539700141001,DANGER,,,,,,,,,,,,,
20250409,SKIP,regime=DANGER,0.02710363486405277,DANGER,,,,,,,,,,,,,
20250410,SKIP,regime=DANGER,0.03082533403900717,DANGER,,,,,,,,,,,,,
20250411,SKIP,regime=DANGER,0.02779890712988594,DANGER,,,,,,,,,,,,,
20250414,SKIP,regime=DANGER,0.026045612920182502,DANGER,,,,,,,,,,,,,
20250415,SKIP,regime=DANGER,0.02719805045862575,DANGER,,,,,,,,,,,,,
20250416,SKIP,regime=DANGER,0.02734246554983719,DANGER,,,,,,,,,,,,,
20250417,SKIP,regime=DANGER,0.022527585655796663,DANGER,,,,,,,,,,,,,
20250421,SKIP,regime=DANGER,0.02526136958562637,DANGER,,,,,,,,,,,,,
20250422,SKIP,regime=DANGER,0.02286990731022897,DANGER,,,,,,,,,,,,,
20250423,SKIP,regime=DANGER,0.0246341096210562,DANGER,,,,,,,,,,,,,
20250424,SKIP,regime=DANGER,0.024602738177933094,DANGER,,,,,,,,,,,,,
20250425,SKIP,regime=DANGER,0.024510998507184696,DANGER,,,,,,,,,,,,,
20250428,SKIP,regime=DANGER,0.024102185866702677,DANGER,,,,,,,,,,,,,
20250429,SKIP,regime=DANGER,0.02158963788665338,DANGER,,,,,,,,,,,,,
20250430,SKIP,regime=DANGER,0.021805016574932567,DANGER,,,,,,,,,,,,,
20250501,SKIP,regime=DANGER,0.023357814339259802,DANGER,,,,,,,,,,,,,
20250502,SKIP,regime=DANGER,0.02138679612951923,DANGER,,,,,,,,,,,,,
20250505,SKIP,regime=DANGER,0.01804057361822821,DANGER,,,,,,,,,,,,,
20250506,SKIP,regime=DANGER,0.018360562932578477,DANGER,,,,,,,,,,,,,
20250507,SKIP,regime=DANGER,0.019322975470943884,DANGER,,,,,,,,,,,,,
20250508,SKIP,regime=DANGER,0.018381517072462255,DANGER,,,,,,,,,,,,,
20250509,SKIP,regime=VOLATILE,0.01457993162854447,VOLATILE,,,,,,,,,,,,,
20250512,SKIP,regime=DANGER,0.01759527926936254,DANGER,,,,,,,,,,,,,
20250513,SKIP,call_credit_too_low,0.011265563111061578,CALM,,,,,,,,,,,,,
20250514,SKIP,regime=NORMAL,0.01258115550868686,NORMAL,,,,,,,,,,,,,
20250515,SKIP,regime=NORMAL,0.010452984636630863,NORMAL,,,,,,,,,,,,,
20250516,SKIP,regime=NORMAL,0.011448492648211735,NORMAL,,,,,,,,,,,,,
20250519,SKIP,regime=NORMAL,0.011091635247269152,NORMAL,,,,,,,,,,,,,
20250520,SKIP,regime=NORMAL,0.009721422202771553,NORMAL,,,,,,,,,,,,,
20250521,SKIP,regime=NORMAL,0.010843041547063741,NORMAL,,,,,,,,,,,,,
20250522,SKIP,regime=NORMAL,0.01566064817620717,NORMAL,,,,,,,,,,,,,
20250523,SKIP,regime=DANGER,0.022109314528186184,DANGER,,,,,,,,,,,,,
20250527,SKIP,regime=NORMAL,0.015391190103022728,NORMAL,,,,,,,,,,,,,
20250528,SKIP,regime=NORMAL,0.010917668494779589,NORMAL,,,,,,,,,,,,,
20250529,SKIP,regime=NORMAL,0.011961502568300078,NORMAL,,,,,,,,,,,,,
20250530,SKIP,regime=VOLATILE,0.014648887051727153,VOLATILE,,,,,,,,,,,,,
20250602,SKIP,regime=NORMAL,0.012972502817311302,NORMAL,,,,,,,,,,,,,
20250603,SKIP,regime=NORMAL,0.009440394954561823,NORMAL,,,,,,,,,,,,,
20250604,SKIP,call_credit_too_low,0.009463352186675615,CALM,,,,,,,,,,,,,
20250605,SKIP,regime=NORMAL,0.011013332295345145,NORMAL,,,,,,,,,,,,,
20250606,SKIP,regime=NORMAL,0.010116847375342044,NORMAL,,,,,,,,,,,,,
20250609,TRADE,,0.007683203362630224,CALM,WIN,6000.99,6004.2,45.0,5955.0,6045.0,1.65,1.0499999999999998,0.6,0.0,326.0,15:59,0.004518180137660457
20250610,SKIP,call_credit_too_low,0.009008624534497335,CALM,,,,,,,,,,,,,
20250611,TRADE,,0.006362570699323984,CALM,WIN,6040.23,6023.72,40.0,6000.0,6080.0,2.5999999999999996,1.45,1.15,0.0,515.9999999999999,15:59,0.009435677705814468
20250612,SKIP,regime=NORMAL,0.006999855534668859,NORMAL,,,,,,,,,,,,,
20250613,SKIP,regime=NORMAL,0.008809893834213893,NORMAL,,,,,,,,,,,,,
20250616,SKIP,regime=NORMAL,0.0102626416507481,NORMAL,,,,,,,,,,,,,
20250617,SKIP,regime=NORMAL,0.00916768888965616,NORMAL,,,,,,,,,,,,,
20250618,SKIP,regime=NORMAL,0.015449764726970582,NORMAL,,,,,,,,,,,,,
20250620,SKIP,regime=NORMAL,0.013925700602118726,NORMAL,,,,,,,,,,,,,
20250623,SKIP,regime=VOLATILE,0.01117860522484552,VOLATILE,,,,,,,,,,,,,
20250624,SKIP,call_credit_too_low,0.009327271889249162,CALM,,,,,,,,,,,,,
20250625,TRADE,,0.006301194372710316,CALM,WIN,6107.02,6093.86,40.0,6065.0,6145.0,1.0499999999999998,0.6499999999999999,0.4,0.0,205.99999999999997,15:59,0.004655787871688989
20250626,TRADE,,0.005417245705000215,CALM,WIN,6111.5,6142.62,35.0,6075.0,6145.0,1.25,0.6,0.6499999999999999,0.0,246.0,15:59,0.006421698633364364
20250627,SKIP,call_credit_too_low,0.006208039139475922,CALM,,,,,,,,,,,,,
20250630,SKIP,regime=NORMAL,0.008664012743371278,NORMAL,,,,,,,,,,,,,
20250701,SKIP,regime=NORMAL,0.009864302540730611,NORMAL,,,,,,,,,,,,,
20250702,SKIP,put_credit_too_low,0.008893711291997352,CALM,,,,,,,,,,,,,
20250703,SKIP,regime=NORMAL,0.007905780471737537,NORMAL,,,,,,,,,,,,,
20250707,SKIP,regime=NORMAL,0.007763215256163202,NORMAL,,,,,,,,,,,,,
20250708,SKIP,put_credit_too_low,0.009573477546532984,CALM,,,,,,,,,,,,,
20250709,SKIP,call_credit_too_low,0.006534140205219847,CALM,,,,,,,,,,,,,
20250710,SKIP,put_credit_too_low,0.0076902701954640355,CALM,,,,,,,,,,,,,
20250711,TRADE,,0.00824963577479068,CALM,WIN,6240.15,6258.35,50.0,6190.0,6290.0,1.3000000000000003,0.9000000000000001,0.4,0.0,256.00000000000006,15:59,0.005089774413013331
20250714,SKIP,call_credit_too_low,0.008586366815300946,CALM,,,,,,,,,,,,,
20250715,SKIP,call_credit_too_low,0.008661974942973565,CALM,,,,,,,,,,,,,
20250716,SKIP,call_credit_too_low,0.006923781246906285,CALM,,,,,,,,,,,,,
20250717,SKIP,put_credit_too_low,0.007922970871087858,CALM,,,,,,,,,,,,,
20250718,SKIP,regime=NORMAL,0.008838157621548704,NORMAL,,,,,,,,,,,,,
20250721,SKIP,call_credit_too_low,0.006256266823390444,CALM,,,,,,,,,,,,,
20250722,SKIP,call_credit_too_low,0.0064415317726342755,CALM,,,,,,,,,,,,,
20250723,SKIP,put_credit_too_low,0.00684781116674881,CALM,,,,,,,,,,,,,
20250724,SKIP,regime=NORMAL,0.007641051906771484,NORMAL,,,,,,,,,,,,,
20250725,SKIP,call_credit_too_low,0.006302372618446591,CALM,,,,,,,,,,,,,
20250728,SKIP,put_credit_too_low,0.007352614249432468,CALM,,,,,,,,,,,,,
20250729,SKIP,put_credit_too_low,0.007041071800764506,CALM,,,,,,,,,,,,,
20250730,SKIP,call_credit_too_low,0.009136781834764442,CALM,,,,,,,,,,,,,
20250731,TRADE,,0.006624103971324835,CALM,LOSS,6397.64,6341.54,40.0,6360.0,6440.0,2.4,1.4,1.0,18.460000000000036,-3220.0000000000077,15:59,0.015462842810509397
20250801,SKIP,regime=NORMAL,0.010277528069565346,NORMAL,,,,,,,,,,,,,
20250804,SKIP,regime=NORMAL,0.011390635128148493,NORMAL,,,,,,,,,,,,,
20250805,SKIP,call_credit_too_low,0.006614351264168945,CALM,,,,,,,,,,,,,
20250806,SKIP,call_credit_too_low,0.007862302827191546,CALM,,,,,,,,,,,,,
20250807,TRADE,,0.00711104754469534,CALM,WIN,6375.34,6341.08,45.0,6330.0,6420.0,1.65,0.8500000000000001,0.7999999999999999,0.0,326.0,15:59,0.012454661830595315
20250808,SKIP,call_credit_too_low,0.00631838175096617,CALM,,,,,,,,,,,,,
20250811,TRADE,,0.005873019866737797,CALM,WIN,6392.27,6374.49,40.0,6350.0,6430.0,1.1,0.65,0.44999999999999996,0.0,216.00000000000003,15:59,0.00675934750933923
20250812,SKIP,regime=NORMAL,0.007810949540841766,NORMAL,,,,,,,,,,,,,
20250813,SKIP,call_credit_too_low,0.006058059207565804,CALM,,,,,,,,,,,,,
20250814,TRADE,,0.0065074876556439004,CALM,WIN,6452.22,6467.8,40.0,6410.0,6490.0,1.7000000000000002,1.2000000000000002,0.5,0.0,336.00000000000006,15:59,0.005090292649214586
20250815,TRADE,,0.005778876688727556,CALM,WIN,6463.46,6450.12,35.0,6430.0,6500.0,2.3,1.15,1.15,0.0,455.99999999999994,15:59,0.006096600786120281
20250818,SKIP,call_credit_too_low,0.006815435259178265,CALM,,,,,,,,,,,,,
20250819,SKIP,put_credit_too_low,0.005941560172846402,CALM,,,,,,,,,,,,,
20250820,TRADE,,0.007383202028910381,CALM,WIN,6393.56,6394.88,45.0,6350.0,6440.0,1.35,0.9000000000000001,0.45,0.0,266.0,15:59,0.010073954753052306
20250821,TRADE,,0.007556071296661118,CALM,WIN,6363.27,6370.18,50.0,6315.0,6415.0,1.9,0.75,1.15,0.0,376.0,15:59,0.00641609320417557
20250822,SKIP,regime=NORMAL,0.01115085503661306,NORMAL,,,,,,,,,,,,,
20250825,SKIP,call_credit_too_low,0.006294117402923127,CALM,,,,,,,,,,,,,
20250826,SKIP,call_credit_too_low,0.006589384410777342,CALM,,,,,,,,,,,,,
20250827,SKIP,call_credit_too_low,0.005980700009374787,CALM,,,,,,,,,,,,,
20250828,SKIP,put_credit_too_low,0.006979673681165542,CALM,,,,,,,,,,,,,
20250829,SKIP,no_quotes,0.006608944434061251,CALM,,,,,,,,,,,,,
20250902,TRADE,,0.00595457325617949,CALM,WIN,6382.28,6414.95,40.0,6340.0,6420.0,4.05,1.9,2.15,0.0,806.0,15:59,0.008741687508103562
20250903,SKIP,put_credit_too_low,0.00897641949588708,CALM,,,,,,,,,,,,,
20250904,SKIP,call_credit_too_low,0.005459766724325546,CALM,,,,,,,,,,,,,
20250905,SKIP,call_credit_too_low,0.006788627636386703,CALM,,,,,,,,,,,,,
20250908,SKIP,call_credit_too_low,0.006667106768452507,CALM,,,,,,,,,,,,,
20250909,SKIP,call_credit_too_low,0.006376697474107962,CALM,,,,,,,,,,,,,
20250910,SKIP,call_credit_too_low,0.006249249166179757,CALM,,,,,,,,,,,,,
20250911,SKIP,regime=NORMAL,0.007282634682770787,NORMAL,,,,,,,,,,,,,
20250912,SKIP,call_credit_too_low,0.006416560170741374,CALM,,,,,,,,,,,,,
20250915,SKIP,call_credit_too_low,0.005341313755604406,CALM,,,,,,,,,,,,,
20250916,SKIP,call_credit_too_low,0.00610768417324018,CALM,,,,,,,,,,,,,
20250917,SKIP,regime=NORMAL,0.013027071972326403,NORMAL,,,,,,,,,,,,,
20250918,TRADE,,0.006788542604961499,CALM,WIN,6614.23,6631.17,45.0,6570.0,6660.0,2.0999999999999996,1.2499999999999998,0.85,0.0,415.99999999999994,15:59,0.006776975486090654
20250919,SKIP,call_credit_too_low,0.006615060278963283,CALM,,,,,,,,,,,,,
20250922,SKIP,put_credit_too_low,0.007130476320137638,CALM,,,,,,,,,,,,,
20250923,SKIP,put_credit_too_low,0.007259175396908564,CALM,,,,,,,,,,,,,
20250924,SKIP,put_credit_too_low,0.008547418144907993,CALM,,,,,,,,,,,,,
20250925,TRADE,,0.008995871134049926,CALM,WIN,6581.9,6604.2,60.0,6520.0,6640.0,1.5,0.95,0.55,0.0,296.0,15:59,0.007533076379462417
20250926,SKIP,call_credit_too_low,0.007180984067410715,CALM,,,,,,,,,,,,,
20250929,SKIP,call_credit_too_low,0.007443719250991989,CALM,,,,,,,,,,,,,
20250930,SKIP,call_credit_too_low,0.0066546717866601155,CALM,,,,,,,,,,,,,
20251001,SKIP,call_credit_too_low,0.0070705091244779,CALM,,,,,,,,,,,,,
20251002,SKIP,call_credit_too_low,0.006337151295970615,CALM,,,,,,,,,,,,,
20251003,SKIP,call_credit_too_low,0.006942701983829795,CALM,,,,,,,,,,,,,
20251006,SKIP,call_credit_too_low,0.005750092651771716,CALM,,,,,,,,,,,,,
20251007,SKIP,call_credit_too_low,0.005798962036812127,CALM,,,,,,,,,,,,,
20251008,SKIP,call_credit_too_low,0.0076766676400352556,CALM,,,,,,,,,,,,,
20251009,SKIP,call_credit_too_low,0.006507472143701508,CALM,,,,,,,,,,,,,
20251010,SKIP,call_credit_too_low,0.006558033146851737,CALM,,,,,,,,,,,,,
20251013,SKIP,regime=NORMAL,0.014527593060101224,NORMAL,,,,,,,,,,,,,
20251014,SKIP,regime=VOLATILE,0.014106155147082496,VOLATILE,,,,,,,,,,,,,
20251015,SKIP,regime=NORMAL,0.013346506513551102,NORMAL,,,,,,,,,,,,,
20251016,SKIP,regime=NORMAL,0.013781868414085215,NORMAL,,,,,,,,,,,,,
20251017,SKIP,regime=DANGER,0.018475094855595797,DANGER,,,,,,,,,,,,,
20251020,SKIP,regime=NORMAL,0.010656512143362232,NORMAL,,,,,,,,,,,,,
20251021,SKIP,regime=NORMAL,0.0075761138203215995,NORMAL,,,,,,,,,,,,,
20251022,SKIP,regime=NORMAL,0.007910204386484952,NORMAL,,,,,,,,,,,,,
20251023,SKIP,regime=NORMAL,0.008993520360842137,NORMAL,,,,,,,,,,,,,
20251024,SKIP,call_credit_too_low,0.007651777099812123,CALM,,,,,,,,,,,,,
20251027,SKIP,call_credit_too_low,0.007655286082375403,CALM,,,,,,,,,,,,,
20251028,SKIP,call_credit_too_low,0.007693740410921697,CALM,,,,,,,,,,,,,
20251029,SKIP,regime=NORMAL,0.008994478929678189,NORMAL,,,,,,,,,,,,,
20251030,SKIP,regime=NORMAL,0.009716964879728797,NORMAL,,,,,,,,,,,,,
20251031,SKIP,regime=NORMAL,0.00940746458739295,NORMAL,,,,,,,,,,,,,
20251103,SKIP,regime=NORMAL,0.008402546747078464,NORMAL,,,,,,,,,,,,,
20251104,TRADE,,0.00745949554788625,CALM,WIN,6788.21,6772.4,50.0,6740.0,6840.0,3.6500000000000004,1.9000000000000004,1.7499999999999998,0.0,726.0000000000001,15:59,0.007880951960073771
20251105,SKIP,regime=NORMAL,0.011556494182131229,NORMAL,,,,,,,,,,,,,
20251106,SKIP,regime=NORMAL,0.00975882934196513,NORMAL,,,,,,,,,,,,,
20251107,SKIP,regime=NORMAL,0.014628342924965275,NORMAL,,,,,,,,,,,,,
20251110,SKIP,regime=NORMAL,0.01041959477945828,NORMAL,,,,,,,,,,,,,
20251111,TRADE,,0.00622105606388771,CALM,WIN,6822.01,6848.09,40.0,6780.0,6860.0,1.75,1.2,0.55,0.0,346.0,15:59,0.007080773045524737
20251112,SKIP,call_credit_too_low,0.007016331443872858,CALM,,,,,,,,,,,,,
20251113,SKIP,regime=NORMAL,0.007924748785832082,NORMAL,,,,,,,,,,,,,
20251114,SKIP,regime=NORMAL,0.014608590673376673,NORMAL,,,,,,,,,,,,,
20251117,SKIP,regime=DANGER,0.017636029083138605,DANGER,,,,,,,,,,,,,
20251118,SKIP,regime=NORMAL,0.015351774071817783,NORMAL,,,,,,,,,,,,,
20251119,SKIP,regime=DANGER,0.017438523743853823,DANGER,,,,,,,,,,,,,
20251120,SKIP,regime=VOLATILE,0.015298324939466099,VOLATILE,,,,,,,,,,,,,
20251121,SKIP,regime=DANGER,0.023842361366066246,DANGER,,,,,,,,,,,,,
20251124,SKIP,regime=DANGER,0.018380575510537546,DANGER,,,,,,,,,,,,,
20251125,SKIP,regime=NORMAL,0.010641143416824119,NORMAL,,,,,,,,,,,,,
20251126,SKIP,call_credit_too_low,0.008661860106706231,CALM,,,,,,,,,,,,,
20251128,SKIP,no_quotes,0.007768915509150021,CALM,,,,,,,,,,,,,
20251201,TRADE,,0.0065113793016502,CALM,WIN,6811.12,6814.65,45.0,6765.0,6855.0,3.3,2.1999999999999997,1.0999999999999999,0.0,656.0,15:59,0.006416335158463373
20251202,SKIP,call_credit_too_low,0.007954676007064771,CALM,,,,,,,,,,,,,
20251203,SKIP,regime=NORMAL,0.00964347576513823,NORMAL,,,,,,,,,,,,,
20251204,TRADE,,0.00695847117008055,CALM,WIN,6852.36,6857.96,50.0,6800.0,6900.0,1.8,1.25,0.55,0.0,356.0,15:59,0.005730746657307228
20251205,SKIP,regime=NORMAL,0.007651383739888767,NORMAL,,,,,,,,,,,,,
20251208,SKIP,call_credit_too_low,0.007599946176747837,CALM,,,,,,,,,,,,,
20251209,SKIP,regime=NORMAL,0.008022688404763624,NORMAL,,,,,,,,,,,,,
20251210,SKIP,regime=NORMAL,0.014315839230871595,NORMAL,,,,,,,,,,,,,
20251211,TRADE,,0.006965426757235171,CALM,WIN,6861.43,6902.1,50.0,6810.0,6910.0,1.85,0.9000000000000001,0.9500000000000001,0.0,366.0,15:59,0.010203605730692466
20251212,SKIP,call_credit_too_low,0.009897994276831145,CALM,,,,,,,,,,,,,
20251215,TRADE,,0.006836588693811175,CALM,WIN,6842.34,6816.34,45.0,6795.0,6885.0,2.45,1.3,1.1500000000000001,0.0,486.00000000000006,15:59,0.008760690301580621
20251216,SKIP,regime=NORMAL,0.0099022648425436,NORMAL,,,,,,,,,,,,,
20251217,TRADE,,0.007517962002679996,CALM,LOSS,6791.23,6722.22,50.0,6740.0,6840.0,3.75,1.7999999999999998,1.9500000000000002,17.779999999999745,-2813.999999999949,15:59,0.013498694670492487
20251218,SKIP,regime=NORMAL,0.011434023737619724,NORMAL,,,,,,,,,,,,,
20251219,SKIP,regime=NORMAL,0.01039485321843936,NORMAL,,,,,,,,,,,,,
20251222,SKIP,call_credit_too_low,0.0061471591085459475,CALM,,,,,,,,,,,,,
20251223,SKIP,call_credit_too_low,0.006421376993592388,CALM,,,,,,,,,,,,,
20251224,SKIP,put_credit_too_low,0.006524320266698978,CALM,,,,,,,,,,,,,
20251226,SKIP,put_credit_too_low,0.006859029579291108,CALM,,,,,,,,,,,,,
20251229,TRADE,,0.005962521720567586,CALM,WIN,6905.33,6906.96,40.0,6865.0,6945.0,1.0,0.55,0.45,0.0,196.0,15:59,0.0045555941827452075
20251230,SKIP,call_credit_too_low,0.006709657779650612,CALM,,,,,,,,,,,,,
20251231,TRADE,,0.006807493765402763,CALM,WIN,6882.13,6845.77,45.0,6835.0,6925.0,1.4500000000000002,0.7,0.7500000000000001,0.0,286.00000000000006,15:59,0.0082434387330007
20260102,SKIP,regime=NORMAL,0.009486260320591817,NORMAL,,,,,,,,,,,,,
20260105,SKIP,call_credit_too_low,0.006278288418440051,CALM,,,,,,,,,,,,,
20260106,SKIP,call_credit_too_low,0.0060698498408406,CALM,,,,,,,,,,,,,
20260107,SKIP,call_credit_too_low,0.006318560806777206,CALM,,,,,,,,,,,,,
20260108,SKIP,call_credit_too_low,0.008585846668133366,CALM,,,,,,,,,,,,,
20260109,TRADE,,0.00683811726342906,CALM,WIN,6938.89,6965.99,45.0,6895.0,6985.0,3.95,2.3000000000000003,1.65,0.0,786.0,15:59,0.00876464924803284
20260112,SKIP,call_credit_too_low,0.006168509023184019,CALM,,,,,,,,,,,,,
20260113,SKIP,call_credit_too_low,0.006116151299313785,CALM,,,,,,,,,,,,,
20260114,TRADE,,0.0068039402428577206,CALM,WIN,6917.18,6928.41,45.0,6870.0,6960.0,4.65,2.0,2.65,0.0,926.0000000000001,15:59,0.008008752545979032
20260115,SKIP,call_credit_too_low,0.00641827302261305,CALM,,,,,,,,,,,,,
20260116,SKIP,call_credit_too_low,0.00686787759068507,CALM,,,,,,,,,,,,,
20260120,TRADE,,0.007916055554682609,CALM,WIN,6850.25,6796.76,55.0,6795.0,6905.0,4.05,1.8000000000000003,2.2499999999999996,0.0,806.0,15:59,0.011961708549154857
20260121,SKIP,regime=NORMAL,0.010844213472895952,NORMAL,,,,,,,,,,,,,
20260122,SKIP,regime=NORMAL,0.009850274883722865,NORMAL,,,,,,,,,,,,,
20260123,SKIP,call_credit_too_low,0.008145568949412362,CALM,,,,,,,,,,,,,
20260126,SKIP,call_credit_too_low,0.006676779076849555,CALM,,,,,,,,,,,,,
20260127,SKIP,regime=NORMAL,0.007295833150851626,NORMAL,,,,,,,,,,,,,
20260128,SKIP,call_credit_too_low,0.0075137994647480714,CALM,,,,,,,,,,,,,
20260129,SKIP,regime=NORMAL,0.0075800089650595115,NORMAL,,,,,,,,,,,,,
20260130,SKIP,regime=NORMAL,0.010575423928523153,NORMAL,,,,,,,,,,,,,
20260202,SKIP,regime=NORMAL,0.010075736141078888,NORMAL,,,,,,,,,,,,,
20260203,SKIP,call_credit_too_low,0.008388592636515665,CALM,,,,,,,,,,,,,
20260204,SKIP,regime=NORMAL,0.011648734965044245,NORMAL,,,,,,,,,,,,,
20260205,SKIP,regime=DANGER,0.020364346590134433,DANGER,,,,,,,,,,,,,
20260206,SKIP,regime=VOLATILE,0.016251213925997775,VOLATILE,,,,,,,,,,,,,
20260209,SKIP,call_credit_too_low,0.011427849804012447,CALM,,,,,,,,,,,,,
20260210,TRADE,,0.007478488710410626,CALM,WIN,6959.69,6940.01,50.0,6910.0,7010.0,1.7999999999999998,1.4,0.4,0.0,355.99999999999994,15:59,0.007068617203551827
20260211,SKIP,call_credit_too_low,0.007075330760433887,CALM,,,,,,,,,,,,,
20260212,SKIP,call_credit_too_low,0.00916625630453903,CALM,,,,,,,,,,,,,
20260213,SKIP,regime=DANGER,0.017330683673463906,DANGER,,,,,,,,,,,,,
20260217,SKIP,regime=DANGER,0.016879029339059378,DANGER,,,,,,,,,,,,,
20260218,SKIP,regime=VOLATILE,0.016540639870399495,VOLATILE,,,,,,,,,,,,,
20260219,SKIP,regime=NORMAL,0.012202461751134352,NORMAL,,,,,,,,,,,,,
20260220,SKIP,regime=NORMAL,0.01263000148904947,NORMAL,,,,,,,,,,,,,
20260223,SKIP,regime=NORMAL,0.008561866620890025,NORMAL,,,,,,,,,,,,,
20260224,SKIP,regime=NORMAL,0.012052064489627116,NORMAL,,,,,,,,,,,,,
20260225,SKIP,no_quotes,0.009732038520596517,CALM,,,,,,,,,,,,,
20260226,SKIP,regime=NORMAL,0.007391979776716945,NORMAL,,,,,,,,,,,,,
20260227,SKIP,regime=NORMAL,0.012462347165161893,NORMAL,,,,,,,,,,,,,
20260302,SKIP,regime=VOLATILE,0.015502476326040508,VOLATILE,,,,,,,,,,,,,
20260303,SKIP,regime=DANGER,0.018605853627574262,DANGER,,,,,,,,,,,,,
20260304,SKIP,regime=DANGER,0.015816907323415473,DANGER,,,,,,,,,,,,,
20260305,SKIP,regime=NORMAL,0.013742447968243959,NORMAL,,,,,,,,,,,,,
20260306,SKIP,regime=DANGER,0.020717857615573262,DANGER,,,,,,,,,,,,,
20260309,SKIP,regime=DANGER,0.018994633077117833,DANGER,,,,,,,,,,,,,
20260310,SKIP,regime=DANGER,0.017373130782125372,DANGER,,,,,,,,,,,,,
20260311,SKIP,regime=DANGER,0.019200536995365405,DANGER,,,,,,,,,,,,,
20260312,SKIP,regime=DANGER,0.017736486017328353,DANGER,,,,,,,,,,,,,
20260313,SKIP,regime=VOLATILE,0.013894779282975778,VOLATILE,,,,,,,,,,,,,
20260316,SKIP,regime=VOLATILE,0.016848215352902617,VOLATILE,,,,,,,,,,,,,
20260317,SKIP,regime=DANGER,0.015577178565559199,DANGER,,,,,,,,,,,,,
20260318,SKIP,regime=NORMAL,0.013001129383689039,NORMAL,,,,,,,,,,,,,
20260319,SKIP,regime=VOLATILE,0.016754757030207335,VOLATILE,,,,,,,,,,,,,
20260320,SKIP,regime=VOLATILE,0.016819714063452052,VOLATILE,,,,,,,,,,,,,
20260323,SKIP,regime=DANGER,0.019205816669194135,DANGER,,,,,,,,,,,,,
20260324,SKIP,regime=DANGER,0.01780550951731885,DANGER,,,,,,,,,,,,,
20260325,SKIP,regime=DANGER,0.02130062763400212,DANGER,,,,,,,,,,,,,
