label,entry,dist,width,touch,sides,pnl,dd,wr,n,sharpe,pf,worst
"PUT, 15:52, d=0, t=None, w=5",15:52,0,5,,PUT,-43403,-43658,27.9,484,-8.71,0.18,-768
"PUT, 15:52, d=0, t=None, w=10",15:52,0,10,,PUT,-12520,-12889,37.9,486,-4.8,0.36,-514
"BOTH, 15:52, d=0, t=None, w=5",15:52,0,5,,BOTH,-85927,-86139,27.4,1008,-8.42,0.19,-768
"BOTH, 15:52, d=0, t=None, w=10",15:52,0,10,,BOTH,-25747,-26211,36.2,1010,-4.82,0.35,-614
"PUT, 15:52, d=0, t=$-0.5, w=5",15:52,0,5,-0.5,PUT,6290,-4012,52.1,484,0.77,1.13,-768
"PUT, 15:52, d=0, t=$-0.5, w=10",15:52,0,10,-0.5,PUT,9596,-1537,56.8,486,2.36,1.51,-514
"BOTH, 15:52, d=0, t=$-0.5, w=5",15:52,0,5,-0.5,BOTH,21226,-8558,54.6,1008,1.25,1.22,-768
"BOTH, 15:52, d=0, t=$-0.5, w=10",15:52,0,10,-0.5,BOTH,19314,-2288,59.5,1010,2.35,1.51,-614
"PUT, 15:52, d=0, t=$+0.0, w=5",15:52,0,5,0,PUT,917,-5252,49.8,484,0.12,1.02,-768
"PUT, 15:52, d=0, t=$+0.0, w=10",15:52,0,10,0,PUT,7465,-1496,55.6,486,1.9,1.41,-514
"BOTH, 15:52, d=0, t=$+0.0, w=5",15:52,0,5,0,BOTH,2083,-11075,50.1,1008,0.13,1.02,-768
"BOTH, 15:52, d=0, t=$+0.0, w=10",15:52,0,10,0,BOTH,12083,-2521,55.5,1010,1.52,1.32,-614
"PUT, 15:52, d=0, t=$+0.5, w=5",15:52,0,5,0.5,PUT,-5518,-7920,46.7,484,-0.73,0.89,-768
"PUT, 15:52, d=0, t=$+0.5, w=10",15:52,0,10,0.5,PUT,4675,-1693,52.5,486,1.21,1.25,-514
"BOTH, 15:52, d=0, t=$+0.5, w=5",15:52,0,5,0.5,BOTH,-11312,-18301,46.2,1008,-0.73,0.89,-768
"BOTH, 15:52, d=0, t=$+0.5, w=10",15:52,0,10,0.5,BOTH,6753,-2721,52.3,1010,0.87,1.18,-614
"PUT, 15:52, d=0, t=$+1.0, w=5",15:52,0,5,1.0,PUT,-12708,-15255,43.2,484,-1.77,0.75,-768
"PUT, 15:52, d=0, t=$+1.0, w=10",15:52,0,10,1.0,PUT,1330,-1780,49.8,486,0.36,1.07,-514
"BOTH, 15:52, d=0, t=$+1.0, w=5",15:52,0,5,1.0,BOTH,-23897,-28984,43.8,1008,-1.63,0.76,-768
"BOTH, 15:52, d=0, t=$+1.0, w=10",15:52,0,10,1.0,BOTH,1513,-4310,50.5,1010,0.21,1.04,-614
"PUT, 15:52, d=0, t=$+2.0, w=5",15:52,0,5,2.0,PUT,-20613,-22883,40.5,484,-3.14,0.59,-768
"PUT, 15:52, d=0, t=$+2.0, w=10",15:52,0,10,2.0,PUT,-2500,-4161,47.1,486,-0.75,0.87,-514
"BOTH, 15:52, d=0, t=$+2.0, w=5",15:52,0,5,2.0,BOTH,-43757,-48144,39.3,1008,-3.32,0.57,-768
"BOTH, 15:52, d=0, t=$+2.0, w=10",15:52,0,10,2.0,BOTH,-7647,-10545,45.7,1010,-1.15,0.8,-614
"PUT, 15:52, d=1, t=None, w=5",15:52,1,5,,PUT,-38972,-39089,26.4,503,-8.71,0.16,-768
"PUT, 15:52, d=1, t=None, w=10",15:52,1,10,,PUT,-11066,-11297,35.8,511,-4.82,0.35,-514
"BOTH, 15:52, d=1, t=None, w=5",15:52,1,5,,BOTH,-73531,-73612,26.0,1039,-8.41,0.18,-768
"BOTH, 15:52, d=1, t=None, w=10",15:52,1,10,,BOTH,-21819,-22100,34.3,1049,-4.76,0.34,-614
"PUT, 15:52, d=1, t=$-0.5, w=5",15:52,1,5,-0.5,PUT,10891,-4182,58.6,503,1.44,1.25,-768
"PUT, 15:52, d=1, t=$-0.5, w=10",15:52,1,10,-0.5,PUT,11310,-1235,62.0,511,3.02,1.69,-514
"BOTH, 15:52, d=1, t=$-0.5, w=5",15:52,1,5,-0.5,BOTH,32652,-4787,61.5,1039,2.16,1.41,-768
"BOTH, 15:52, d=1, t=$-0.5, w=10",15:52,1,10,-0.5,BOTH,23377,-1350,65.2,1049,3.24,1.76,-614
"PUT, 15:52, d=1, t=$+0.0, w=5",15:52,1,5,0,PUT,7053,-3977,56.5,503,0.98,1.17,-768
"PUT, 15:52, d=1, t=$+0.0, w=10",15:52,1,10,0,PUT,9409,-1260,60.7,511,2.61,1.59,-514
"BOTH, 15:52, d=1, t=$+0.0, w=5",15:52,1,5,0,BOTH,18459,-6046,57.6,1039,1.28,1.23,-768
"BOTH, 15:52, d=1, t=$+0.0, w=10",15:52,1,10,0,BOTH,17396,-1570,61.8,1049,2.5,1.56,-614
"PUT, 15:52, d=1, t=$+0.5, w=5",15:52,1,5,0.5,PUT,3023,-4952,53.9,503,0.43,1.07,-768
"PUT, 15:52, d=1, t=$+0.5, w=10",15:52,1,10,0.5,PUT,7589,-1089,57.9,511,2.15,1.48,-514
"BOTH, 15:52, d=1, t=$+0.5, w=5",15:52,1,5,0.5,BOTH,7549,-8988,53.7,1039,0.55,1.09,-768
"BOTH, 15:52, d=1, t=$+0.5, w=10",15:52,1,10,0.5,BOTH,13101,-1616,58.7,1049,1.94,1.42,-614
"PUT, 15:52, d=1, t=$+1.0, w=5",15:52,1,5,1.0,PUT,-3917,-6962,49.3,503,-0.58,0.91,-768
"PUT, 15:52, d=1, t=$+1.0, w=10",15:52,1,10,1.0,PUT,4699,-1109,54.4,511,1.36,1.29,-514
"BOTH, 15:52, d=1, t=$+1.0, w=5",15:52,1,5,1.0,BOTH,-2286,-11889,50.7,1039,-0.17,0.97,-768
"BOTH, 15:52, d=1, t=$+1.0, w=10",15:52,1,10,1.0,BOTH,9076,-1778,56.5,1049,1.38,1.3,-614
"PUT, 15:52, d=1, t=$+2.0, w=5",15:52,1,5,2.0,PUT,-10087,-13147,45.3,503,-1.6,0.76,-768
"PUT, 15:52, d=1, t=$+2.0, w=10",15:52,1,10,2.0,PUT,1379,-1584,50.3,511,0.44,1.09,-514
"BOTH, 15:52, d=1, t=$+2.0, w=5",15:52,1,5,2.0,BOTH,-17961,-23910,45.2,1039,-1.46,0.78,-768
"BOTH, 15:52, d=1, t=$+2.0, w=10",15:52,1,10,2.0,BOTH,1771,-3273,50.6,1049,0.29,1.06,-614
"PUT, 15:52, d=2, t=None, w=5",15:52,2,5,,PUT,-34816,-34933,23.4,504,-8.89,0.15,-768
"PUT, 15:52, d=2, t=None, w=10",15:52,2,10,,PUT,-9785,-10016,33.1,516,-4.99,0.34,-494
"BOTH, 15:52, d=2, t=None, w=5",15:52,2,5,,BOTH,-66852,-66933,23.0,1044,-8.69,0.16,-768
"BOTH, 15:52, d=2, t=None, w=10",15:52,2,10,,BOTH,-19547,-19835,31.6,1060,-5.13,0.32,-494
"PUT, 15:52, d=2, t=$-0.5, w=5",15:52,2,5,-0.5,PUT,13587,-3276,64.7,504,2.03,1.37,-768
"PUT, 15:52, d=2, t=$-0.5, w=10",15:52,2,10,-0.5,PUT,11486,-1193,68.2,516,3.61,1.84,-494
"BOTH, 15:52, d=2, t=$-0.5, w=5",15:52,2,5,-0.5,BOTH,34656,-4210,67.2,1044,2.55,1.5,-768
"BOTH, 15:52, d=2, t=$-0.5, w=10",15:52,2,10,-0.5,BOTH,23764,-1073,70.4,1060,3.83,1.91,-494
"PUT, 15:52, d=2, t=$+0.0, w=5",15:52,2,5,0,PUT,12454,-3031,63.3,504,1.95,1.36,-768
"PUT, 15:52, d=2, t=$+0.0, w=10",15:52,2,10,0,PUT,10960,-1218,67.6,516,3.53,1.84,-494
"BOTH, 15:52, d=2, t=$+0.0, w=5",15:52,2,5,0,BOTH,24048,-4548,63.6,1044,1.83,1.34,-768
"BOTH, 15:52, d=2, t=$+0.0, w=10",15:52,2,10,0,BOTH,19353,-1408,67.2,1060,3.18,1.73,-494
"PUT, 15:52, d=2, t=$+0.5, w=5",15:52,2,5,0.5,PUT,9049,-3286,60.7,504,1.45,1.26,-768
"PUT, 15:52, d=2, t=$+0.5, w=10",15:52,2,10,0.5,PUT,9590,-998,64.7,516,3.16,1.74,-494
"BOTH, 15:52, d=2, t=$+0.5, w=5",15:52,2,5,0.5,BOTH,15188,-5753,59.5,1044,1.21,1.22,-768
"BOTH, 15:52, d=2, t=$+0.5, w=10",15:52,2,10,0.5,BOTH,15968,-1258,64.1,1060,2.72,1.61,-494
"PUT, 15:52, d=2, t=$+1.0, w=5",15:52,2,5,1.0,PUT,4094,-3692,56.3,504,0.67,1.11,-768
"PUT, 15:52, d=2, t=$+1.0, w=10",15:52,2,10,1.0,PUT,7495,-913,61.4,516,2.52,1.57,-494
"BOTH, 15:52, d=2, t=$+1.0, w=5",15:52,2,5,1.0,BOTH,8518,-7963,56.3,1044,0.7,1.12,-768
"BOTH, 15:52, d=2, t=$+1.0, w=10",15:52,2,10,1.0,BOTH,13103,-1378,62.0,1060,2.29,1.51,-494
"PUT, 15:52, d=2, t=$+2.0, w=5",15:52,2,5,2.0,PUT,-481,-4827,51.6,504,-0.08,0.99,-768
"PUT, 15:52, d=2, t=$+2.0, w=10",15:52,2,10,2.0,PUT,5235,-1169,56.4,516,1.84,1.41,-494
"BOTH, 15:52, d=2, t=$+2.0, w=5",15:52,2,5,2.0,BOTH,-3317,-9990,50.4,1044,-0.29,0.95,-768
"BOTH, 15:52, d=2, t=$+2.0, w=10",15:52,2,10,2.0,BOTH,7638,-1764,55.5,1060,1.41,1.3,-494
"PUT, 15:52, d=3, t=None, w=5",15:52,3,5,,PUT,-30716,-30833,21.6,501,-9.42,0.14,-688
"PUT, 15:52, d=3, t=None, w=10",15:52,3,10,,PUT,-8543,-8841,30.8,520,-5.5,0.32,-304
"BOTH, 15:52, d=3, t=None, w=5",15:52,3,5,,BOTH,-59038,-59119,21.4,1035,-9.2,0.14,-728
"BOTH, 15:52, d=3, t=None, w=10",15:52,3,10,,BOTH,-17222,-17530,28.8,1065,-5.52,0.3,-424
"PUT, 15:52, d=3, t=$-0.5, w=5",15:52,3,5,-0.5,PUT,17372,-3134,70.9,501,2.95,1.58,-688
"PUT, 15:52, d=3, t=$-0.5, w=10",15:52,3,10,-0.5,PUT,12633,-926,73.8,520,4.6,2.1,-304
"BOTH, 15:52, d=3, t=$-0.5, w=5",15:52,3,5,-0.5,BOTH,38110,-2649,73.1,1035,3.24,1.68,-728
"BOTH, 15:52, d=3, t=$-0.5, w=10",15:52,3,10,-0.5,BOTH,24759,-809,75.6,1065,4.63,2.16,-424
"PUT, 15:52, d=3, t=$+0.0, w=5",15:52,3,5,0,PUT,16514,-2849,69.7,501,2.9,1.57,-688
"PUT, 15:52, d=3, t=$+0.0, w=10",15:52,3,10,0,PUT,12257,-878,73.1,520,4.59,2.11,-304
"BOTH, 15:52, d=3, t=$+0.0, w=5",15:52,3,5,0,BOTH,30607,-3949,70.2,1035,2.66,1.53,-728
"BOTH, 15:52, d=3, t=$+0.0, w=10",15:52,3,10,0,BOTH,21648,-1208,73.0,1065,4.11,1.99,-424
"PUT, 15:52, d=3, t=$+0.5, w=5",15:52,3,5,0.5,PUT,11929,-3044,66.1,501,2.16,1.4,-688
"PUT, 15:52, d=3, t=$+0.5, w=10",15:52,3,10,0.5,PUT,10417,-751,69.6,520,4.04,1.94,-304
"BOTH, 15:52, d=3, t=$+0.5, w=5",15:52,3,5,0.5,BOTH,22887,-4006,65.9,1035,2.06,1.39,-728
"BOTH, 15:52, d=3, t=$+0.5, w=10",15:52,3,10,0.5,BOTH,18603,-1106,69.7,1065,3.65,1.85,-424
"PUT, 15:52, d=3, t=$+1.0, w=5",15:52,3,5,1.0,PUT,6609,-3344,60.9,501,1.23,1.22,-688
"PUT, 15:52, d=3, t=$+1.0, w=10",15:52,3,10,1.0,PUT,8357,-631,65.2,520,3.36,1.75,-304
"BOTH, 15:52, d=3, t=$+1.0, w=5",15:52,3,5,1.0,BOTH,15562,-5302,61.9,1035,1.45,1.26,-728
"BOTH, 15:52, d=3, t=$+1.0, w=10",15:52,3,10,1.0,BOTH,15733,-1046,66.6,1065,3.19,1.74,-424
"PUT, 15:52, d=3, t=$+2.0, w=5",15:52,3,5,2.0,PUT,2914,-3854,55.3,501,0.58,1.1,-688
"PUT, 15:52, d=3, t=$+2.0, w=10",15:52,3,10,2.0,PUT,6432,-881,59.6,520,2.76,1.61,-304
"BOTH, 15:52, d=3, t=$+2.0, w=5",15:52,3,5,2.0,BOTH,5987,-7087,55.4,1035,0.6,1.1,-728
"BOTH, 15:52, d=3, t=$+2.0, w=10",15:52,3,10,2.0,BOTH,11003,-1334,59.8,1065,2.38,1.53,-424
"PUT, 15:52, d=5, t=None, w=5",15:52,5,5,,PUT,-26831,-26885,17.3,457,-10.51,0.09,-561
"PUT, 15:52, d=5, t=None, w=10",15:52,5,10,,PUT,-8154,-8231,24.6,495,-6.54,0.23,-304
"BOTH, 15:52, d=5, t=None, w=5",15:52,5,5,,BOTH,-50011,-50044,16.2,906,-10.15,0.09,-848
"BOTH, 15:52, d=5, t=None, w=10",15:52,5,10,,BOTH,-15799,-15853,22.9,991,-6.29,0.22,-484
"PUT, 15:52, d=5, t=$-0.5, w=5",15:52,5,5,-0.5,PUT,6819,-3199,75.5,457,1.35,1.25,-561
"PUT, 15:52, d=5, t=$-0.5, w=10",15:52,5,10,-0.5,PUT,6896,-846,78.8,495,2.88,1.65,-304
"BOTH, 15:52, d=5, t=$-0.5, w=5",15:52,5,5,-0.5,BOTH,21714,-3267,79.5,906,2.41,1.51,-606
"BOTH, 15:52, d=5, t=$-0.5, w=10",15:52,5,10,-0.5,BOTH,16325,-1093,81.8,991,3.8,1.97,-304
"PUT, 15:52, d=5, t=$+0.0, w=5",15:52,5,5,0,PUT,6744,-3094,74.8,457,1.38,1.26,-561
"PUT, 15:52, d=5, t=$+0.0, w=10",15:52,5,10,0,PUT,6796,-803,78.2,495,2.91,1.65,-304
"BOTH, 15:52, d=5, t=$+0.0, w=5",15:52,5,5,0,BOTH,18744,-4293,77.7,906,2.1,1.43,-606
"BOTH, 15:52, d=5, t=$+0.0, w=10",15:52,5,10,0,BOTH,14991,-898,80.2,991,3.53,1.88,-304
"PUT, 15:52, d=5, t=$+0.5, w=5",15:52,5,5,0.5,PUT,5369,-2449,72.2,457,1.17,1.21,-561
"PUT, 15:52, d=5, t=$+0.5, w=10",15:52,5,10,0.5,PUT,6386,-671,75.8,495,2.91,1.65,-304
"BOTH, 15:52, d=5, t=$+0.5, w=5",15:52,5,5,0.5,BOTH,15449,-3663,74.7,906,1.81,1.36,-606
"BOTH, 15:52, d=5, t=$+0.5, w=10",15:52,5,10,0.5,BOTH,13801,-783,77.8,991,3.4,1.83,-304
"PUT, 15:52, d=5, t=$+1.0, w=5",15:52,5,5,1.0,PUT,3269,-3343,68.9,457,0.74,1.13,-561
"PUT, 15:52, d=5, t=$+1.0, w=10",15:52,5,10,1.0,PUT,5631,-671,72.9,495,2.69,1.6,-304
"BOTH, 15:52, d=5, t=$+1.0, w=5",15:52,5,5,1.0,BOTH,11789,-5568,72.2,906,1.41,1.27,-848
"BOTH, 15:52, d=5, t=$+1.0, w=10",15:52,5,10,1.0,BOTH,12086,-1136,75.6,991,3.0,1.73,-484
"PUT, 15:52, d=5, t=$+2.0, w=5",15:52,5,5,2.0,PUT,1994,-3628,63.7,457,0.49,1.09,-561
"PUT, 15:52, d=5, t=$+2.0, w=10",15:52,5,10,2.0,PUT,4731,-836,67.3,495,2.46,1.55,-304
"BOTH, 15:52, d=5, t=$+2.0, w=5",15:52,5,5,2.0,BOTH,7559,-5724,66.6,906,0.97,1.18,-848
"BOTH, 15:52, d=5, t=$+2.0, w=10",15:52,5,10,2.0,BOTH,9501,-1224,69.5,991,2.49,1.58,-484
"PUT, 15:53, d=0, t=None, w=5",15:53,0,5,,PUT,-55842,-56225,25.7,483,-9.34,0.14,-1508
"PUT, 15:53, d=0, t=None, w=10",15:53,0,10,,PUT,-20033,-20197,32.5,486,-6.3,0.23,-944
"BOTH, 15:53, d=0, t=None, w=5",15:53,0,5,,BOTH,-100108,-100617,25.4,1007,-9.08,0.15,-1508
"BOTH, 15:53, d=0, t=None, w=10",15:53,0,10,,BOTH,-33134,-33385,32.4,1011,-6.04,0.26,-944
"PUT, 15:53, d=0, t=$-0.5, w=5",15:53,0,5,-0.5,PUT,-5417,-9087,51.1,483,-0.6,0.91,-1508
"PUT, 15:53, d=0, t=$-0.5, w=10",15:53,0,10,-0.5,PUT,1237,-2842,54.9,486,0.28,1.05,-944
"BOTH, 15:53, d=0, t=$-0.5, w=5",15:53,0,5,-0.5,BOTH,7807,-11954,54.1,1007,0.45,1.07,-1508
"BOTH, 15:53, d=0, t=$-0.5, w=10",15:53,0,10,-0.5,BOTH,11361,-3477,57.8,1011,1.42,1.28,-944
"PUT, 15:53, d=0, t=$+0.0, w=5",15:53,0,5,0,PUT,-10587,-13055,48.9,483,-1.2,0.82,-1508
"PUT, 15:53, d=0, t=$+0.0, w=10",15:53,0,10,0,PUT,-873,-3160,52.7,486,-0.2,0.96,-944
"BOTH, 15:53, d=0, t=$+0.0, w=5",15:53,0,5,0,BOTH,-10588,-17141,50.0,1007,-0.64,0.9,-1508
"BOTH, 15:53, d=0, t=$+0.0, w=10",15:53,0,10,0,BOTH,4066,-3749,53.7,1011,0.52,1.1,-944
"PUT, 15:53, d=0, t=$+0.5, w=5",15:53,0,5,0.5,PUT,-17957,-20340,44.7,483,-2.11,0.7,-1508
"PUT, 15:53, d=0, t=$+0.5, w=10",15:53,0,10,0.5,PUT,-3723,-4710,49.8,486,-0.87,0.85,-944
"BOTH, 15:53, d=0, t=$+0.5, w=5",15:53,0,5,0.5,BOTH,-27643,-32297,45.1,1007,-1.74,0.75,-1508
"BOTH, 15:53, d=0, t=$+0.5, w=10",15:53,0,10,0.5,BOTH,-2959,-5248,49.8,1011,-0.4,0.93,-944
"PUT, 15:53, d=0, t=$+1.0, w=5",15:53,0,5,1.0,PUT,-25292,-27715,39.3,483,-3.08,0.59,-1508
"PUT, 15:53, d=0, t=$+1.0, w=10",15:53,0,10,1.0,PUT,-7138,-8125,44.7,486,-1.72,0.72,-944
"BOTH, 15:53, d=0, t=$+1.0, w=5",15:53,0,5,1.0,BOTH,-39533,-42382,41.5,1007,-2.59,0.65,-1508
"BOTH, 15:53, d=0, t=$+1.0, w=10",15:53,0,10,1.0,BOTH,-8004,-9591,46.3,1011,-1.11,0.81,-944
"PUT, 15:53, d=0, t=$+2.0, w=5",15:53,0,5,2.0,PUT,-32617,-34475,35.8,483,-4.25,0.47,-1508
"PUT, 15:53, d=0, t=$+2.0, w=10",15:53,0,10,2.0,PUT,-9983,-10770,41.8,486,-2.53,0.6,-944
"BOTH, 15:53, d=0, t=$+2.0, w=5",15:53,0,5,2.0,BOTH,-58628,-60167,36.5,1007,-4.19,0.48,-1508
"BOTH, 15:53, d=0, t=$+2.0, w=10",15:53,0,10,2.0,BOTH,-15869,-16761,41.6,1011,-2.35,0.63,-944
"PUT, 15:53, d=1, t=None, w=5",15:53,1,5,,PUT,-49421,-49681,23.6,495,-9.42,0.12,-1508
"PUT, 15:53, d=1, t=None, w=10",15:53,1,10,,PUT,-17156,-17369,30.1,502,-6.18,0.21,-944
"BOTH, 15:53, d=1, t=None, w=5",15:53,1,5,,BOTH,-88792,-89178,23.1,1028,-9.33,0.13,-1508
"BOTH, 15:53, d=1, t=None, w=10",15:53,1,10,,BOTH,-28973,-29179,29.9,1038,-6.05,0.23,-944
"PUT, 15:53, d=1, t=$-0.5, w=5",15:53,1,5,-0.5,PUT,3379,-7630,59.0,495,0.42,1.07,-1508
"PUT, 15:53, d=1, t=$-0.5, w=10",15:53,1,10,-0.5,PUT,5319,-2133,62.0,502,1.32,1.27,-944
"BOTH, 15:53, d=1, t=$-0.5, w=5",15:53,1,5,-0.5,BOTH,19053,-7656,61.0,1028,1.24,1.22,-1508
"BOTH, 15:53, d=1, t=$-0.5, w=10",15:53,1,10,-0.5,BOTH,16697,-2160,64.0,1038,2.3,1.51,-944
"PUT, 15:53, d=1, t=$+0.0, w=5",15:53,1,5,0,PUT,419,-8215,57.0,495,0.05,1.01,-1508
"PUT, 15:53, d=1, t=$+0.0, w=10",15:53,1,10,0,PUT,4159,-2261,60.2,502,1.06,1.22,-944
"BOTH, 15:53, d=1, t=$+0.0, w=5",15:53,1,5,0,BOTH,7168,-10119,57.7,1028,0.48,1.08,-1508
"BOTH, 15:53, d=1, t=$+0.0, w=10",15:53,1,10,0,BOTH,11682,-2128,60.7,1038,1.66,1.35,-944
"PUT, 15:53, d=1, t=$+0.5, w=5",15:53,1,5,0.5,PUT,-5976,-10531,53.5,495,-0.79,0.88,-1508
"PUT, 15:53, d=1, t=$+0.5, w=10",15:53,1,10,0.5,PUT,1709,-2674,57.4,502,0.45,1.09,-944
"BOTH, 15:53, d=1, t=$+0.5, w=5",15:53,1,5,0.5,BOTH,-7917,-14760,53.3,1028,-0.56,0.91,-1508
"BOTH, 15:53, d=1, t=$+0.5, w=10",15:53,1,10,0.5,BOTH,5337,-2813,56.8,1038,0.79,1.16,-944
"PUT, 15:53, d=1, t=$+1.0, w=5",15:53,1,5,1.0,PUT,-12906,-15279,47.1,495,-1.74,0.75,-1508
"PUT, 15:53, d=1, t=$+1.0, w=10",15:53,1,10,1.0,PUT,-1191,-3094,51.4,502,-0.32,0.94,-944
"BOTH, 15:53, d=1, t=$+1.0, w=5",15:53,1,5,1.0,BOTH,-18092,-20780,48.8,1028,-1.31,0.8,-1508
"BOTH, 15:53, d=1, t=$+1.0, w=10",15:53,1,10,1.0,BOTH,1182,-3651,52.7,1038,0.18,1.03,-944
"PUT, 15:53, d=1, t=$+2.0, w=5",15:53,1,5,2.0,PUT,-19396,-21764,41.8,495,-2.76,0.61,-1508
"PUT, 15:53, d=1, t=$+2.0, w=10",15:53,1,10,2.0,PUT,-3766,-4867,47.2,502,-1.03,0.81,-944
"BOTH, 15:53, d=1, t=$+2.0, w=5",15:53,1,5,2.0,BOTH,-34572,-36350,42.7,1028,-2.7,0.62,-1508
"BOTH, 15:53, d=1, t=$+2.0, w=10",15:53,1,10,2.0,BOTH,-5898,-7044,47.2,1038,-0.94,0.83,-944
"PUT, 15:53, d=2, t=None, w=5",15:53,2,5,,PUT,-44326,-44586,20.7,503,-10.11,0.1,-788
"PUT, 15:53, d=2, t=None, w=10",15:53,2,10,,PUT,-15108,-15326,26.9,516,-6.62,0.2,-644
"BOTH, 15:53, d=2, t=None, w=5",15:53,2,5,,BOTH,-79439,-79771,20.2,1034,-10.01,0.11,-788
"BOTH, 15:53, d=2, t=None, w=10",15:53,2,10,,BOTH,-25438,-25609,27.7,1052,-6.57,0.22,-644
"PUT, 15:53, d=2, t=$-0.5, w=5",15:53,2,5,-0.5,PUT,4044,-5891,64.8,503,0.57,1.09,-788
"PUT, 15:53, d=2, t=$-0.5, w=10",15:53,2,10,-0.5,PUT,5952,-1322,67.8,516,1.68,1.35,-644
"BOTH, 15:53, d=2, t=$-0.5, w=5",15:53,2,5,-0.5,BOTH,22306,-7505,67.4,1034,1.64,1.3,-788
"BOTH, 15:53, d=2, t=$-0.5, w=10",15:53,2,10,-0.5,BOTH,17637,-1383,70.0,1052,2.82,1.64,-644
"PUT, 15:53, d=2, t=$+0.0, w=5",15:53,2,5,0,PUT,3384,-6491,63.0,503,0.49,1.08,-788
"PUT, 15:53, d=2, t=$+0.0, w=10",15:53,2,10,0,PUT,5737,-1212,66.3,516,1.66,1.35,-644
"BOTH, 15:53, d=2, t=$+0.0, w=5",15:53,2,5,0,BOTH,14621,-8866,64.0,1034,1.12,1.2,-788
"BOTH, 15:53, d=2, t=$+0.0, w=10",15:53,2,10,0,BOTH,14607,-1246,66.8,1052,2.41,1.53,-644
"PUT, 15:53, d=2, t=$+0.5, w=5",15:53,2,5,0.5,PUT,879,-7298,60.2,503,0.13,1.02,-788
"PUT, 15:53, d=2, t=$+0.5, w=10",15:53,2,10,0.5,PUT,4792,-1439,64.0,516,1.43,1.3,-644
"BOTH, 15:53, d=2, t=$+0.5, w=5",15:53,2,5,0.5,BOTH,5386,-10532,60.4,1034,0.43,1.07,-788
"BOTH, 15:53, d=2, t=$+0.5, w=10",15:53,2,10,0.5,BOTH,10837,-1956,63.6,1052,1.86,1.4,-644
"PUT, 15:53, d=2, t=$+1.0, w=5",15:53,2,5,1.0,PUT,-4121,-8072,54.5,503,-0.63,0.9,-788
"PUT, 15:53, d=2, t=$+1.0, w=10",15:53,2,10,1.0,PUT,2737,-1569,58.9,516,0.83,1.17,-644
"BOTH, 15:53, d=2, t=$+1.0, w=5",15:53,2,5,1.0,BOTH,-3114,-12362,55.8,1034,-0.26,0.96,-788
"BOTH, 15:53, d=2, t=$+1.0, w=10",15:53,2,10,1.0,BOTH,7357,-2265,59.6,1052,1.29,1.27,-644
"PUT, 15:53, d=2, t=$+2.0, w=5",15:53,2,5,2.0,PUT,-9386,-12382,47.9,503,-1.5,0.77,-788
"PUT, 15:53, d=2, t=$+2.0, w=10",15:53,2,10,2.0,PUT,552,-2289,53.5,516,0.17,1.03,-644
"BOTH, 15:53, d=2, t=$+2.0, w=5",15:53,2,5,2.0,BOTH,-17724,-20059,48.5,1034,-1.56,0.77,-788
"BOTH, 15:53, d=2, t=$+2.0, w=10",15:53,2,10,2.0,BOTH,1127,-3506,53.0,1052,0.21,1.04,-644
"PUT, 15:53, d=3, t=None, w=5",15:53,3,5,,PUT,-39592,-39709,18.3,497,-10.53,0.09,-788
"PUT, 15:53, d=3, t=None, w=10",15:53,3,10,,PUT,-13696,-13869,24.0,517,-6.68,0.19,-644
"BOTH, 15:53, d=3, t=None, w=5",15:53,3,5,,BOTH,-70705,-70894,17.8,1018,-10.38,0.09,-788
"BOTH, 15:53, d=3, t=None, w=10",15:53,3,10,,BOTH,-22968,-23094,24.9,1048,-6.71,0.2,-644
"PUT, 15:53, d=3, t=$-0.5, w=5",15:53,3,5,-0.5,PUT,5251,-3667,68.6,497,0.82,1.14,-788
"PUT, 15:53, d=3, t=$-0.5, w=10",15:53,3,10,-0.5,PUT,6220,-1256,71.0,517,1.9,1.41,-644
"BOTH, 15:53, d=3, t=$-0.5, w=5",15:53,3,5,-0.5,BOTH,21518,-3964,72.0,1018,1.81,1.35,-788
"BOTH, 15:53, d=3, t=$-0.5, w=10",15:53,3,10,-0.5,BOTH,17073,-1065,74.0,1048,2.98,1.72,-644
"PUT, 15:53, d=3, t=$+0.0, w=5",15:53,3,5,0,PUT,7198,-3172,67.8,497,1.17,1.21,-788
"PUT, 15:53, d=3, t=$+0.0, w=10",15:53,3,10,0,PUT,7019,-1162,70.0,517,2.2,1.5,-644
"BOTH, 15:53, d=3, t=$+0.0, w=5",15:53,3,5,0,BOTH,18530,-3537,69.5,1018,1.63,1.31,-788
"BOTH, 15:53, d=3, t=$+0.0, w=10",15:53,3,10,0,BOTH,15917,-1026,71.6,1048,2.87,1.69,-644
"PUT, 15:53, d=3, t=$+0.5, w=5",15:53,3,5,0.5,PUT,4963,-3196,65.2,497,0.83,1.14,-788
"PUT, 15:53, d=3, t=$+0.5, w=10",15:53,3,10,0.5,PUT,6154,-927,67.7,517,1.97,1.44,-644
"BOTH, 15:53, d=3, t=$+0.5, w=5",15:53,3,5,0.5,BOTH,12050,-4336,66.4,1018,1.09,1.2,-788
"BOTH, 15:53, d=3, t=$+0.5, w=10",15:53,3,10,0.5,BOTH,13127,-951,68.7,1048,2.42,1.57,-644
"PUT, 15:53, d=3, t=$+1.0, w=5",15:53,3,5,1.0,PUT,1343,-3631,60.0,497,0.23,1.04,-788
"PUT, 15:53, d=3, t=$+1.0, w=10",15:53,3,10,1.0,PUT,4644,-862,63.1,517,1.5,1.33,-644
"BOTH, 15:53, d=3, t=$+1.0, w=5",15:53,3,5,1.0,BOTH,4805,-6099,61.7,1018,0.45,1.08,-788
"BOTH, 15:53, d=3, t=$+1.0, w=10",15:53,3,10,1.0,BOTH,10132,-976,64.6,1048,1.91,1.43,-644
"PUT, 15:53, d=3, t=$+2.0, w=5",15:53,3,5,2.0,PUT,-2342,-5702,54.1,497,-0.42,0.93,-788
"PUT, 15:53, d=3, t=$+2.0, w=10",15:53,3,10,2.0,PUT,2934,-889,58.4,517,0.98,1.22,-644
"BOTH, 15:53, d=3, t=$+2.0, w=5",15:53,3,5,2.0,BOTH,-4735,-10219,55.1,1018,-0.47,0.92,-788
"BOTH, 15:53, d=3, t=$+2.0, w=10",15:53,3,10,2.0,BOTH,5742,-1110,58.8,1048,1.12,1.24,-644
"PUT, 15:53, d=5, t=None, w=5",15:53,5,5,,PUT,-32900,-32978,12.8,452,-11.5,0.07,-576
"PUT, 15:53, d=5, t=None, w=10",15:53,5,10,,PUT,-11364,-11420,19.4,499,-7.49,0.15,-444
"BOTH, 15:53, d=5, t=None, w=5",15:53,5,5,,BOTH,-55041,-55110,13.3,879,-11.56,0.07,-576
"BOTH, 15:53, d=5, t=None, w=10",15:53,5,10,,BOTH,-18269,-18310,20.0,967,-7.48,0.16,-444
"PUT, 15:53, d=5, t=$-0.5, w=5",15:53,5,5,-0.5,PUT,7833,-2568,77.4,452,1.57,1.31,-576
"PUT, 15:53, d=5, t=$-0.5, w=10",15:53,5,10,-0.5,PUT,7397,-891,80.0,499,2.8,1.72,-444
"BOTH, 15:53, d=5, t=$-0.5, w=5",15:53,5,5,-0.5,BOTH,19186,-2409,79.7,879,2.21,1.47,-576
"BOTH, 15:53, d=5, t=$-0.5, w=10",15:53,5,10,-0.5,BOTH,15181,-749,81.9,967,3.4,1.96,-444
"PUT, 15:53, d=5, t=$+0.0, w=5",15:53,5,5,0,PUT,8730,-1986,76.8,452,1.82,1.37,-576
"PUT, 15:53, d=5, t=$+0.0, w=10",15:53,5,10,0,PUT,7806,-797,79.6,499,3.05,1.81,-444
"BOTH, 15:53, d=5, t=$+0.0, w=5",15:53,5,5,0,BOTH,18109,-2604,78.2,879,2.16,1.46,-576
"BOTH, 15:53, d=5, t=$+0.0, w=10",15:53,5,10,0,BOTH,14701,-688,80.4,967,3.39,1.96,-444
"PUT, 15:53, d=5, t=$+0.5, w=5",15:53,5,5,0.5,PUT,8190,-1713,74.1,452,1.78,1.35,-576
"PUT, 15:53, d=5, t=$+0.5, w=10",15:53,5,10,0.5,PUT,7711,-656,77.0,499,3.11,1.84,-444
"BOTH, 15:53, d=5, t=$+0.5, w=5",15:53,5,5,0.5,BOTH,15589,-2169,75.4,879,1.92,1.39,-576
"BOTH, 15:53, d=5, t=$+0.5, w=10",15:53,5,10,0.5,BOTH,13831,-652,77.9,967,3.27,1.91,-444
"PUT, 15:53, d=5, t=$+1.0, w=5",15:53,5,5,1.0,PUT,5925,-2220,69.9,452,1.31,1.25,-576
"PUT, 15:53, d=5, t=$+1.0, w=10",15:53,5,10,1.0,PUT,6856,-659,73.7,499,2.8,1.74,-444
"BOTH, 15:53, d=5, t=$+1.0, w=5",15:53,5,5,1.0,BOTH,12064,-2544,71.8,879,1.52,1.3,-576
"BOTH, 15:53, d=5, t=$+1.0, w=10",15:53,5,10,1.0,BOTH,12281,-668,74.9,967,2.94,1.79,-444
"PUT, 15:53, d=5, t=$+2.0, w=5",15:53,5,5,2.0,PUT,1875,-3186,63.3,452,0.43,1.08,-576
"PUT, 15:53, d=5, t=$+2.0, w=10",15:53,5,10,2.0,PUT,4816,-781,68.5,499,2.04,1.51,-444
"BOTH, 15:53, d=5, t=$+2.0, w=5",15:53,5,5,2.0,BOTH,4459,-3735,65.3,879,0.59,1.11,-576
"BOTH, 15:53, d=5, t=$+2.0, w=10",15:53,5,10,2.0,BOTH,8841,-696,69.6,967,2.2,1.56,-444
"PUT, 15:54, d=0, t=None, w=5",15:54,0,5,,PUT,-46591,-47626,35.3,484,-7.09,0.23,-1028
"PUT, 15:54, d=0, t=None, w=10",15:54,0,10,,PUT,-13845,-14522,41.2,486,-4.23,0.41,-634
"BOTH, 15:54, d=0, t=None, w=5",15:54,0,5,,BOTH,-105896,-106396,33.0,1007,-7.45,0.21,-1528
"BOTH, 15:54, d=0, t=None, w=10",15:54,0,10,,BOTH,-34705,-35138,39.4,1010,-4.81,0.33,-1004
"PUT, 15:54, d=0, t=$-0.5, w=5",15:54,0,5,-0.5,PUT,9002,-8124,58.7,484,0.98,1.17,-1028
"PUT, 15:54, d=0, t=$-0.5, w=10",15:54,0,10,-0.5,PUT,10241,-1817,60.9,486,2.21,1.48,-634
"BOTH, 15:54, d=0, t=$-0.5, w=5",15:54,0,5,-0.5,BOTH,11007,-13943,58.9,1007,0.56,1.1,-1528
"BOTH, 15:54, d=0, t=$-0.5, w=10",15:54,0,10,-0.5,BOTH,13726,-2517,61.9,1010,1.43,1.3,-1004
"PUT, 15:54, d=0, t=$+0.0, w=5",15:54,0,5,0,PUT,5844,-7884,57.0,484,0.64,1.11,-1028
"PUT, 15:54, d=0, t=$+0.0, w=10",15:54,0,10,0,PUT,9075,-1758,60.1,486,1.96,1.42,-634
"BOTH, 15:54, d=0, t=$+0.0, w=5",15:54,0,5,0,BOTH,-1816,-17633,55.2,1007,-0.09,0.98,-1528
"BOTH, 15:54, d=0, t=$+0.0, w=10",15:54,0,10,0,BOTH,8785,-2874,58.8,1010,0.92,1.19,-1004
"PUT, 15:54, d=0, t=$+0.5, w=5",15:54,0,5,0.5,PUT,-3151,-10278,52.1,484,-0.36,0.94,-1028
"PUT, 15:54, d=0, t=$+0.5, w=10",15:54,0,10,0.5,PUT,5150,-2330,56.8,486,1.16,1.24,-634
"BOTH, 15:54, d=0, t=$+0.5, w=5",15:54,0,5,0.5,BOTH,-15196,-27718,51.8,1007,-0.8,0.87,-1528
"BOTH, 15:54, d=0, t=$+0.5, w=10",15:54,0,10,0.5,BOTH,2880,-4266,56.5,1010,0.31,1.06,-1004
"PUT, 15:54, d=0, t=$+1.0, w=5",15:54,0,5,1.0,PUT,-8096,-12977,48.8,484,-0.93,0.86,-1028
"PUT, 15:54, d=0, t=$+1.0, w=10",15:54,0,10,1.0,PUT,3400,-2620,53.5,486,0.77,1.15,-634
"BOTH, 15:54, d=0, t=$+1.0, w=5",15:54,0,5,1.0,BOTH,-24966,-32993,49.3,1007,-1.34,0.79,-1528
"BOTH, 15:54, d=0, t=$+1.0, w=10",15:54,0,10,1.0,BOTH,-1095,-6642,54.0,1010,-0.12,0.98,-1004
"PUT, 15:54, d=0, t=$+2.0, w=5",15:54,0,5,2.0,PUT,-14331,-16768,47.7,484,-1.72,0.74,-1028
"PUT, 15:54, d=0, t=$+2.0, w=10",15:54,0,10,2.0,PUT,795,-2992,52.1,486,0.18,1.04,-634
"BOTH, 15:54, d=0, t=$+2.0, w=5",15:54,0,5,2.0,BOTH,-46226,-50264,45.7,1007,-2.61,0.63,-1528
"BOTH, 15:54, d=0, t=$+2.0, w=10",15:54,0,10,2.0,BOTH,-9185,-12119,50.4,1010,-1.03,0.81,-1004
"PUT, 15:54, d=1, t=None, w=5",15:54,1,5,,PUT,-42949,-43890,33.1,489,-7.54,0.2,-868
"PUT, 15:54, d=1, t=None, w=10",15:54,1,10,,PUT,-12900,-13522,38.4,500,-4.61,0.38,-624
"BOTH, 15:54, d=1, t=None, w=5",15:54,1,5,,BOTH,-97163,-97666,30.4,1014,-7.9,0.17,-1528
"BOTH, 15:54, d=1, t=None, w=10",15:54,1,10,,BOTH,-32925,-33305,36.1,1027,-5.14,0.28,-1004
"PUT, 15:54, d=1, t=$-0.5, w=5",15:54,1,5,-0.5,PUT,12814,-4951,64.8,489,1.58,1.28,-868
"PUT, 15:54, d=1, t=$-0.5, w=10",15:54,1,10,-0.5,PUT,11111,-1881,67.2,500,2.76,1.62,-624
"BOTH, 15:54, d=1, t=$-0.5, w=5",15:54,1,5,-0.5,BOTH,15985,-9269,64.3,1014,0.95,1.17,-1528
"BOTH, 15:54, d=1, t=$-0.5, w=10",15:54,1,10,-0.5,BOTH,13606,-3103,66.7,1027,1.63,1.36,-1004
"PUT, 15:54, d=1, t=$+0.0, w=5",15:54,1,5,0,PUT,10096,-5146,62.8,489,1.26,1.22,-868
"PUT, 15:54, d=1, t=$+0.0, w=10",15:54,1,10,0,PUT,10120,-1897,66.0,500,2.52,1.57,-624
"BOTH, 15:54, d=1, t=$+0.0, w=5",15:54,1,5,0,BOTH,6212,-10825,60.9,1014,0.37,1.06,-1528
"BOTH, 15:54, d=1, t=$+0.0, w=10",15:54,1,10,0,BOTH,9855,-3204,64.1,1027,1.18,1.25,-1004
"PUT, 15:54, d=1, t=$+0.5, w=5",15:54,1,5,0.5,PUT,4276,-6106,58.5,489,0.54,1.09,-868
"PUT, 15:54, d=1, t=$+0.5, w=10",15:54,1,10,0.5,PUT,7750,-1832,62.4,500,1.95,1.42,-624
"BOTH, 15:54, d=1, t=$+0.5, w=5",15:54,1,5,0.5,BOTH,-2943,-16750,57.6,1014,-0.18,0.97,-1528
"BOTH, 15:54, d=1, t=$+0.5, w=10",15:54,1,10,0.5,BOTH,5990,-3292,61.3,1027,0.72,1.15,-1004
"PUT, 15:54, d=1, t=$+1.0, w=5",15:54,1,5,1.0,PUT,-74,-7728,55.0,489,-0.01,1.0,-868
"PUT, 15:54, d=1, t=$+1.0, w=10",15:54,1,10,1.0,PUT,6145,-1832,58.6,500,1.55,1.33,-624
"BOTH, 15:54, d=1, t=$+1.0, w=5",15:54,1,5,1.0,BOTH,-12763,-23020,54.7,1014,-0.78,0.87,-1528
"BOTH, 15:54, d=1, t=$+1.0, w=10",15:54,1,10,1.0,BOTH,2365,-3887,58.2,1027,0.29,1.06,-1004
"PUT, 15:54, d=1, t=$+2.0, w=5",15:54,1,5,2.0,PUT,-6874,-11603,52.6,489,-0.91,0.86,-868
"PUT, 15:54, d=1, t=$+2.0, w=10",15:54,1,10,2.0,PUT,3165,-1871,55.8,500,0.83,1.17,-624
"BOTH, 15:54, d=1, t=$+2.0, w=5",15:54,1,5,2.0,BOTH,-30538,-35386,50.1,1014,-1.94,0.71,-1528
"BOTH, 15:54, d=1, t=$+2.0, w=10",15:54,1,10,2.0,BOTH,-4785,-8841,53.8,1027,-0.6,0.89,-1004
"PUT, 15:54, d=2, t=None, w=5",15:54,2,5,,PUT,-40144,-40660,29.1,491,-8.03,0.17,-848
"PUT, 15:54, d=2, t=None, w=10",15:54,2,10,,PUT,-11971,-12350,34.9,510,-4.91,0.35,-624
"BOTH, 15:54, d=2, t=None, w=5",15:54,2,5,,BOTH,-88976,-89267,26.4,1014,-8.3,0.14,-1528
"BOTH, 15:54, d=2, t=None, w=10",15:54,2,10,,BOTH,-29685,-29902,32.2,1037,-5.44,0.25,-1004
"PUT, 15:54, d=2, t=$-0.5, w=5",15:54,2,5,-0.5,PUT,13659,-3287,70.1,491,1.92,1.36,-848
"PUT, 15:54, d=2, t=$-0.5, w=10",15:54,2,10,-0.5,PUT,11695,-1257,72.5,510,3.26,1.8,-624
"BOTH, 15:54, d=2, t=$-0.5, w=5",15:54,2,5,-0.5,BOTH,17150,-5836,70.7,1014,1.18,1.22,-1528
"BOTH, 15:54, d=2, t=$-0.5, w=10",15:54,2,10,-0.5,BOTH,14547,-2021,72.5,1037,2.03,1.48,-1004
"PUT, 15:54, d=2, t=$+0.0, w=5",15:54,2,5,0,PUT,11801,-3812,68.8,491,1.67,1.31,-848
"PUT, 15:54, d=2, t=$+0.0, w=10",15:54,2,10,0,PUT,10879,-1449,71.6,510,3.04,1.74,-624
"BOTH, 15:54, d=2, t=$+0.0, w=5",15:54,2,5,0,BOTH,9919,-6406,67.9,1014,0.69,1.13,-1528
"BOTH, 15:54, d=2, t=$+0.0, w=10",15:54,2,10,0,BOTH,11640,-2153,70.1,1037,1.62,1.37,-1004
"PUT, 15:54, d=2, t=$+0.5, w=5",15:54,2,5,0.5,PUT,6391,-4082,64.4,491,0.92,1.16,-848
"PUT, 15:54, d=2, t=$+0.5, w=10",15:54,2,10,0.5,PUT,8734,-1552,68.4,510,2.47,1.58,-624
"BOTH, 15:54, d=2, t=$+0.5, w=5",15:54,2,5,0.5,BOTH,604,-8241,63.9,1014,0.04,1.01,-1528
"BOTH, 15:54, d=2, t=$+0.5, w=10",15:54,2,10,0.5,BOTH,7785,-2248,67.3,1037,1.09,1.24,-1004
"PUT, 15:54, d=2, t=$+1.0, w=5",15:54,2,5,1.0,PUT,616,-5579,59.9,491,0.09,1.01,-848
"PUT, 15:54, d=2, t=$+1.0, w=10",15:54,2,10,1.0,PUT,6539,-1662,63.5,510,1.85,1.41,-624
"BOTH, 15:54, d=2, t=$+1.0, w=5",15:54,2,5,1.0,BOTH,-7906,-14861,60.5,1014,-0.56,0.91,-1528
"BOTH, 15:54, d=2, t=$+1.0, w=10",15:54,2,10,1.0,BOTH,4565,-2338,63.5,1037,0.64,1.14,-1004
"PUT, 15:54, d=2, t=$+2.0, w=5",15:54,2,5,2.0,PUT,-3469,-7692,57.0,491,-0.52,0.92,-848
"PUT, 15:54, d=2, t=$+2.0, w=10",15:54,2,10,2.0,PUT,4564,-1890,60.4,510,1.33,1.29,-624
"BOTH, 15:54, d=2, t=$+2.0, w=5",15:54,2,5,2.0,BOTH,-21356,-23987,55.2,1014,-1.56,0.76,-1528
"BOTH, 15:54, d=2, t=$+2.0, w=10",15:54,2,10,2.0,BOTH,-955,-3736,58.6,1037,-0.14,0.97,-1004
"PUT, 15:54, d=3, t=None, w=5",15:54,3,5,,PUT,-35605,-36121,26.1,479,-8.42,0.15,-728
"PUT, 15:54, d=3, t=None, w=10",15:54,3,10,,PUT,-10545,-10929,32.3,511,-5.25,0.33,-292
"BOTH, 15:54, d=3, t=None, w=5",15:54,3,5,,BOTH,-76325,-76616,24.1,970,-8.41,0.13,-1176
"BOTH, 15:54, d=3, t=None, w=10",15:54,3,10,,BOTH,-25557,-25779,30.2,1018,-5.59,0.24,-844
"PUT, 15:54, d=3, t=$-0.5, w=5",15:54,3,5,-0.5,PUT,14603,-2796,73.7,479,2.4,1.48,-728
"PUT, 15:54, d=3, t=$-0.5, w=10",15:54,3,10,-0.5,PUT,11686,-862,75.7,511,3.81,2.0,-292
"BOTH, 15:54, d=3, t=$-0.5, w=5",15:54,3,5,-0.5,BOTH,18226,-4812,74.3,970,1.49,1.3,-1176
"BOTH, 15:54, d=3, t=$-0.5, w=10",15:54,3,10,-0.5,BOTH,14605,-1970,76.0,1018,2.4,1.6,-844
"PUT, 15:54, d=3, t=$+0.0, w=5",15:54,3,5,0,PUT,12995,-2823,72.2,479,2.16,1.43,-728
"PUT, 15:54, d=3, t=$+0.0, w=10",15:54,3,10,0,PUT,10990,-1133,74.6,511,3.6,1.93,-292
"BOTH, 15:54, d=3, t=$+0.0, w=5",15:54,3,5,0,BOTH,11950,-5025,71.9,970,0.98,1.19,-1176
"BOTH, 15:54, d=3, t=$+0.0, w=10",15:54,3,10,0,BOTH,11963,-2100,73.8,1018,1.96,1.47,-844
"PUT, 15:54, d=3, t=$+0.5, w=5",15:54,3,5,0.5,PUT,9260,-2703,68.1,479,1.56,1.29,-728
"PUT, 15:54, d=3, t=$+0.5, w=10",15:54,3,10,0.5,PUT,9540,-1068,71.6,511,3.16,1.79,-292
"BOTH, 15:54, d=3, t=$+0.5, w=5",15:54,3,5,0.5,BOTH,4990,-5863,67.8,970,0.41,1.08,-1176
"BOTH, 15:54, d=3, t=$+0.5, w=10",15:54,3,10,0.5,BOTH,9123,-2202,70.7,1018,1.51,1.35,-844
"PUT, 15:54, d=3, t=$+1.0, w=5",15:54,3,5,1.0,PUT,4640,-3223,64.3,479,0.78,1.14,-728
"PUT, 15:54, d=3, t=$+1.0, w=10",15:54,3,10,1.0,PUT,7805,-1188,67.5,511,2.58,1.61,-292
"BOTH, 15:54, d=3, t=$+1.0, w=5",15:54,3,5,1.0,BOTH,-2840,-12163,64.5,970,-0.24,0.96,-1176
"BOTH, 15:54, d=3, t=$+1.0, w=10",15:54,3,10,1.0,BOTH,6183,-2675,67.2,1018,1.02,1.22,-844
"PUT, 15:54, d=3, t=$+2.0, w=5",15:54,3,5,2.0,PUT,1010,-5615,60.8,479,0.17,1.03,-728
"PUT, 15:54, d=3, t=$+2.0, w=10",15:54,3,10,2.0,PUT,5930,-1157,63.8,511,2.01,1.45,-292
"BOTH, 15:54, d=3, t=$+2.0, w=5",15:54,3,5,2.0,BOTH,-11600,-17689,59.4,970,-0.99,0.84,-1176
"BOTH, 15:54, d=3, t=$+2.0, w=10",15:54,3,10,2.0,BOTH,2293,-2615,62.6,1018,0.39,1.08,-844
"PUT, 15:54, d=5, t=None, w=5",15:54,5,5,,PUT,-28907,-29174,19.5,415,-9.65,0.1,-546
"PUT, 15:54, d=5, t=None, w=10",15:54,5,10,,PUT,-9424,-9616,26.5,471,-6.53,0.23,-292
"BOTH, 15:54, d=5, t=None, w=5",15:54,5,5,,BOTH,-57372,-57372,18.7,811,-9.02,0.09,-1008
"BOTH, 15:54, d=5, t=None, w=10",15:54,5,10,,BOTH,-19649,-19704,24.4,900,-6.42,0.18,-552
"PUT, 15:54, d=5, t=$-0.5, w=5",15:54,5,5,-0.5,PUT,8703,-1722,80.0,415,2.04,1.43,-606
"PUT, 15:54, d=5, t=$-0.5, w=10",15:54,5,10,-0.5,PUT,6991,-565,82.6,471,3.42,1.87,-292
"BOTH, 15:54, d=5, t=$-0.5, w=5",15:54,5,5,-0.5,BOTH,11411,-2793,81.4,811,1.36,1.29,-1008
"BOTH, 15:54, d=5, t=$-0.5, w=10",15:54,5,10,-0.5,BOTH,9752,-1153,83.3,900,2.46,1.63,-552
"PUT, 15:54, d=5, t=$+0.0, w=5",15:54,5,5,0,PUT,7953,-1803,79.0,415,1.87,1.39,-606
"PUT, 15:54, d=5, t=$+0.0, w=10",15:54,5,10,0,PUT,6601,-557,81.5,471,3.25,1.81,-292
"BOTH, 15:54, d=5, t=$+0.0, w=5",15:54,5,5,0,BOTH,8798,-3336,80.0,811,1.04,1.22,-1008
"BOTH, 15:54, d=5, t=$+0.0, w=10",15:54,5,10,0,BOTH,8541,-1153,82.0,900,2.14,1.53,-552
"PUT, 15:54, d=5, t=$+0.5, w=5",15:54,5,5,0.5,PUT,7278,-1488,76.4,415,1.78,1.36,-546
"PUT, 15:54, d=5, t=$+0.5, w=10",15:54,5,10,0.5,PUT,6516,-472,79.8,471,3.36,1.84,-292
"BOTH, 15:54, d=5, t=$+0.5, w=5",15:54,5,5,0.5,BOTH,6533,-3351,76.8,811,0.8,1.16,-1008
"BOTH, 15:54, d=5, t=$+0.5, w=10",15:54,5,10,0.5,BOTH,7776,-1153,79.7,900,2.01,1.49,-552
"PUT, 15:54, d=5, t=$+1.0, w=5",15:54,5,5,1.0,PUT,5208,-1590,74.0,415,1.28,1.24,-546
"PUT, 15:54, d=5, t=$+1.0, w=10",15:54,5,10,1.0,PUT,5626,-494,77.1,471,2.9,1.69,-292
"BOTH, 15:54, d=5, t=$+1.0, w=5",15:54,5,5,1.0,BOTH,2828,-4326,74.7,811,0.34,1.07,-1008
"BOTH, 15:54, d=5, t=$+1.0, w=10",15:54,5,10,1.0,BOTH,6261,-1153,77.3,900,1.62,1.38,-552
"PUT, 15:54, d=5, t=$+2.0, w=5",15:54,5,5,2.0,PUT,1368,-3702,68.7,415,0.34,1.06,-546
"PUT, 15:54, d=5, t=$+2.0, w=10",15:54,5,10,2.0,PUT,3756,-772,72.0,471,1.94,1.43,-292
"BOTH, 15:54, d=5, t=$+2.0, w=5",15:54,5,5,2.0,BOTH,-952,-6921,69.9,811,-0.12,0.98,-1008
"BOTH, 15:54, d=5, t=$+2.0, w=10",15:54,5,10,2.0,BOTH,4316,-1195,73.1,900,1.13,1.26,-552
"PUT, 15:55, d=0, t=None, w=5",15:55,0,5,,PUT,-60377,-60686,36.7,496,-7.06,0.22,-1506
"PUT, 15:55, d=0, t=None, w=10",15:55,0,10,,PUT,-19349,-20351,46.1,497,-4.43,0.36,-994
"BOTH, 15:55, d=0, t=None, w=5",15:55,0,5,,BOTH,-102151,-102689,37.8,1002,-6.44,0.26,-1506
"BOTH, 15:55, d=0, t=None, w=10",15:55,0,10,,BOTH,-32189,-33810,45.8,1007,-4.13,0.4,-994
"PUT, 15:55, d=0, t=$-0.5, w=5",15:55,0,5,-0.5,PUT,-16536,-25083,57.3,496,-1.55,0.77,-1506
"PUT, 15:55, d=0, t=$-0.5, w=10",15:55,0,10,-0.5,PUT,-1562,-7392,60.6,497,-0.3,0.95,-994
"BOTH, 15:55, d=0, t=$-0.5, w=5",15:55,0,5,-0.5,BOTH,-6970,-24280,60.8,1002,-0.35,0.94,-1506
"BOTH, 15:55, d=0, t=$-0.5, w=10",15:55,0,10,-0.5,BOTH,5643,-4865,64.2,1007,0.6,1.12,-994
"PUT, 15:55, d=0, t=$+0.0, w=5",15:55,0,5,0,PUT,-19947,-27264,56.2,496,-1.89,0.73,-1506
"PUT, 15:55, d=0, t=$+0.0, w=10",15:55,0,10,0,PUT,-2954,-8279,59.6,497,-0.57,0.9,-994
"BOTH, 15:55, d=0, t=$+0.0, w=5",15:55,0,5,0,BOTH,-20281,-34480,57.7,1002,-1.04,0.84,-1506
"BOTH, 15:55, d=0, t=$+0.0, w=10",15:55,0,10,0,BOTH,491,-8237,61.6,1007,0.05,1.01,-994
"PUT, 15:55, d=0, t=$+0.5, w=5",15:55,0,5,0.5,PUT,-25392,-30383,53.0,496,-2.47,0.65,-1506
"PUT, 15:55, d=0, t=$+0.5, w=10",15:55,0,10,0.5,PUT,-4904,-9184,57.5,497,-0.96,0.83,-994
"BOTH, 15:55, d=0, t=$+0.5, w=5",15:55,0,5,0.5,BOTH,-32501,-43610,54.9,1002,-1.7,0.75,-1506
"BOTH, 15:55, d=0, t=$+0.5, w=10",15:55,0,10,0.5,BOTH,-4079,-11442,59.0,1007,-0.44,0.92,-994
"PUT, 15:55, d=0, t=$+1.0, w=5",15:55,0,5,1.0,PUT,-32052,-35318,49.2,496,-3.17,0.57,-1506
"PUT, 15:55, d=0, t=$+1.0, w=10",15:55,0,10,1.0,PUT,-7574,-11009,54.1,497,-1.5,0.74,-994
"BOTH, 15:55, d=0, t=$+1.0, w=5",15:55,0,5,1.0,BOTH,-43276,-52370,51.6,1002,-2.29,0.67,-1506
"BOTH, 15:55, d=0, t=$+1.0, w=10",15:55,0,10,1.0,BOTH,-8274,-14725,56.1,1007,-0.91,0.84,-994
"PUT, 15:55, d=0, t=$+2.0, w=5",15:55,0,5,2.0,PUT,-42122,-44753,45.6,496,-4.35,0.45,-1506
"PUT, 15:55, d=0, t=$+2.0, w=10",15:55,0,10,2.0,PUT,-11474,-14249,50.9,497,-2.34,0.62,-994
"BOTH, 15:55, d=0, t=$+2.0, w=5",15:55,0,5,2.0,BOTH,-64341,-70720,47.0,1002,-3.57,0.53,-1506
"BOTH, 15:55, d=0, t=$+2.0, w=10",15:55,0,10,2.0,BOTH,-16829,-21585,51.9,1007,-1.92,0.68,-994
"PUT, 15:55, d=1, t=None, w=5",15:55,1,5,,PUT,-48695,-48881,35.3,498,-6.93,0.21,-1461
"PUT, 15:55, d=1, t=None, w=10",15:55,1,10,,PUT,-14672,-15167,45.2,500,-4.57,0.36,-742
"BOTH, 15:55, d=1, t=None, w=5",15:55,1,5,,BOTH,-83343,-83793,36.4,1001,-6.29,0.26,-1461
"BOTH, 15:55, d=1, t=None, w=10",15:55,1,10,,BOTH,-25148,-26154,44.4,1012,-4.15,0.4,-742
"PUT, 15:55, d=1, t=$-0.5, w=5",15:55,1,5,-0.5,PUT,-5392,-12830,66.1,498,-0.61,0.9,-1461
"PUT, 15:55, d=1, t=$-0.5, w=10",15:55,1,10,-0.5,PUT,3009,-3607,68.2,500,0.76,1.14,-742
"BOTH, 15:55, d=1, t=$-0.5, w=5",15:55,1,5,-0.5,BOTH,10015,-9310,68.3,1001,0.6,1.11,-1461
"BOTH, 15:55, d=1, t=$-0.5, w=10",15:55,1,10,-0.5,BOTH,12398,-2440,70.8,1012,1.65,1.35,-742
"PUT, 15:55, d=1, t=$+0.0, w=5",15:55,1,5,0,PUT,-8295,-15018,64.3,498,-0.95,0.85,-1461
"PUT, 15:55, d=1, t=$+0.0, w=10",15:55,1,10,0,PUT,1853,-3492,66.8,500,0.47,1.09,-742
"BOTH, 15:55, d=1, t=$+0.0, w=5",15:55,1,5,0,BOTH,-2088,-15062,64.6,1001,-0.13,0.98,-1461
"BOTH, 15:55, d=1, t=$+0.0, w=10",15:55,1,10,0,BOTH,7687,-2702,67.7,1012,1.03,1.21,-742
"PUT, 15:55, d=1, t=$+0.5, w=5",15:55,1,5,0.5,PUT,-12085,-16563,60.4,498,-1.41,0.78,-1461
"PUT, 15:55, d=1, t=$+0.5, w=10",15:55,1,10,0.5,PUT,413,-3813,64.4,500,0.11,1.02,-742
"BOTH, 15:55, d=1, t=$+0.5, w=5",15:55,1,5,0.5,BOTH,-10993,-21571,61.4,1001,-0.68,0.89,-1461
"BOTH, 15:55, d=1, t=$+0.5, w=10",15:55,1,10,0.5,BOTH,4192,-4260,64.8,1012,0.57,1.11,-742
"PUT, 15:55, d=1, t=$+1.0, w=5",15:55,1,5,1.0,PUT,-17705,-20857,55.6,498,-2.09,0.69,-1461
"PUT, 15:55, d=1, t=$+1.0, w=10",15:55,1,10,1.0,PUT,-1942,-5227,60.2,500,-0.51,0.91,-742
"BOTH, 15:55, d=1, t=$+1.0, w=5",15:55,1,5,1.0,BOTH,-19823,-29181,57.5,1001,-1.23,0.81,-1461
"BOTH, 15:55, d=1, t=$+1.0, w=10",15:55,1,10,1.0,BOTH,642,-6214,61.5,1012,0.09,1.02,-742
"PUT, 15:55, d=1, t=$+2.0, w=5",15:55,1,5,2.0,PUT,-27790,-29917,50.2,498,-3.42,0.53,-1461
"PUT, 15:55, d=1, t=$+2.0, w=10",15:55,1,10,2.0,PUT,-5992,-8340,55.8,500,-1.62,0.73,-742
"BOTH, 15:55, d=1, t=$+2.0, w=5",15:55,1,5,2.0,BOTH,-39358,-45306,51.9,1001,-2.55,0.63,-1461
"BOTH, 15:55, d=1, t=$+2.0, w=10",15:55,1,10,2.0,BOTH,-7553,-12081,56.4,1012,-1.08,0.81,-742
"PUT, 15:55, d=2, t=None, w=5",15:55,2,5,,PUT,-40397,-40514,33.9,492,-6.5,0.22,-1461
"PUT, 15:55, d=2, t=None, w=10",15:55,2,10,,PUT,-12104,-12607,42.3,504,-4.17,0.38,-742
"BOTH, 15:55, d=2, t=None, w=5",15:55,2,5,,BOTH,-71286,-71637,33.1,983,-6.31,0.24,-1461
"BOTH, 15:55, d=2, t=None, w=10",15:55,2,10,,BOTH,-21687,-22114,40.4,1011,-4.16,0.38,-742
"PUT, 15:55, d=2, t=$-0.5, w=5",15:55,2,5,-0.5,PUT,1748,-7797,72.6,492,0.23,1.04,-1461
"PUT, 15:55, d=2, t=$-0.5, w=10",15:55,2,10,-0.5,PUT,5221,-2783,74.4,504,1.48,1.32,-742
"BOTH, 15:55, d=2, t=$-0.5, w=5",15:55,2,5,-0.5,BOTH,15704,-6285,74.5,983,1.12,1.22,-1461
"BOTH, 15:55, d=2, t=$-0.5, w=10",15:55,2,10,-0.5,BOTH,13389,-1973,76.2,1011,2.1,1.49,-742
"PUT, 15:55, d=2, t=$+0.0, w=5",15:55,2,5,0,PUT,898,-7725,71.5,492,0.12,1.02,-1461
"PUT, 15:55, d=2, t=$+0.0, w=10",15:55,2,10,0,PUT,4841,-2693,73.8,504,1.37,1.29,-742
"BOTH, 15:55, d=2, t=$+0.0, w=5",15:55,2,5,0,BOTH,8029,-7068,71.4,983,0.58,1.11,-1461
"BOTH, 15:55, d=2, t=$+0.0, w=10",15:55,2,10,0,BOTH,10208,-1914,73.6,1011,1.6,1.36,-742
"PUT, 15:55, d=2, t=$+0.5, w=5",15:55,2,5,0.5,PUT,-1812,-7734,68.1,492,-0.24,0.96,-1461
"PUT, 15:55, d=2, t=$+0.5, w=10",15:55,2,10,0.5,PUT,3796,-2538,71.6,504,1.09,1.23,-742
"BOTH, 15:55, d=2, t=$+0.5, w=5",15:55,2,5,0.5,BOTH,1084,-10348,68.0,983,0.08,1.01,-1461
"BOTH, 15:55, d=2, t=$+0.5, w=10",15:55,2,10,0.5,BOTH,7498,-2441,70.6,1011,1.19,1.26,-742
"PUT, 15:55, d=2, t=$+1.0, w=5",15:55,2,5,1.0,PUT,-7122,-11454,63.4,492,-0.95,0.84,-1461
"PUT, 15:55, d=2, t=$+1.0, w=10",15:55,2,10,1.0,PUT,1591,-2863,67.3,504,0.46,1.09,-742
"BOTH, 15:55, d=2, t=$+1.0, w=5",15:55,2,5,1.0,BOTH,-6806,-16522,64.3,983,-0.5,0.91,-1461
"BOTH, 15:55, d=2, t=$+1.0, w=10",15:55,2,10,1.0,BOTH,4233,-4100,67.5,1011,0.68,1.14,-742
"PUT, 15:55, d=2, t=$+2.0, w=5",15:55,2,5,2.0,PUT,-14917,-18032,58.1,492,-2.06,0.68,-1461
"PUT, 15:55, d=2, t=$+2.0, w=10",15:55,2,10,2.0,PUT,-1639,-4725,63.1,504,-0.49,0.91,-742
"BOTH, 15:55, d=2, t=$+2.0, w=5",15:55,2,5,2.0,BOTH,-21626,-28499,58.4,983,-1.63,0.74,-1461
"BOTH, 15:55, d=2, t=$+2.0, w=10",15:55,2,10,2.0,BOTH,-1847,-7246,62.3,1011,-0.31,0.94,-742
"PUT, 15:55, d=3, t=None, w=5",15:55,3,5,,PUT,-37649,-37796,29.2,479,-6.71,0.18,-1461
"PUT, 15:55, d=3, t=None, w=10",15:55,3,10,,PUT,-11509,-11777,38.8,500,-4.33,0.34,-742
"BOTH, 15:55, d=3, t=None, w=5",15:55,3,5,,BOTH,-63788,-63959,29.1,938,-6.64,0.19,-1461
"BOTH, 15:55, d=3, t=None, w=10",15:55,3,10,,BOTH,-20001,-20118,37.0,986,-4.37,0.33,-742
"PUT, 15:55, d=3, t=$-0.5, w=5",15:55,3,5,-0.5,PUT,406,-7413,75.4,479,0.06,1.01,-1461
"PUT, 15:55, d=3, t=$-0.5, w=10",15:55,3,10,-0.5,PUT,4526,-2737,77.6,500,1.41,1.32,-742
"BOTH, 15:55, d=3, t=$-0.5, w=5",15:55,3,5,-0.5,BOTH,12502,-6660,78.8,938,1.08,1.23,-1461
"BOTH, 15:55, d=3, t=$-0.5, w=10",15:55,3,10,-0.5,BOTH,11300,-2574,80.5,986,2.07,1.52,-742
"PUT, 15:55, d=3, t=$+0.0, w=5",15:55,3,5,0,PUT,-339,-6951,73.7,479,-0.05,0.99,-1461
"PUT, 15:55, d=3, t=$+0.0, w=10",15:55,3,10,0,PUT,4141,-2437,76.2,500,1.3,1.3,-742
"BOTH, 15:55, d=3, t=$+0.0, w=5",15:55,3,5,0,BOTH,7797,-5895,75.6,938,0.68,1.14,-1461
"BOTH, 15:55, d=3, t=$+0.0, w=10",15:55,3,10,0,BOTH,9209,-2285,77.9,986,1.7,1.41,-742
"PUT, 15:55, d=3, t=$+0.5, w=5",15:55,3,5,0.5,PUT,-2319,-7813,70.1,479,-0.35,0.93,-1461
"PUT, 15:55, d=3, t=$+0.5, w=10",15:55,3,10,0.5,PUT,3391,-2367,73.6,500,1.08,1.24,-742
"BOTH, 15:55, d=3, t=$+0.5, w=5",15:55,3,5,0.5,BOTH,3687,-6570,72.4,938,0.33,1.07,-1461
"BOTH, 15:55, d=3, t=$+0.5, w=10",15:55,3,10,0.5,BOTH,7634,-2288,75.1,986,1.43,1.34,-742
"PUT, 15:55, d=3, t=$+1.0, w=5",15:55,3,5,1.0,PUT,-6924,-10813,66.0,479,-1.05,0.82,-1461
"PUT, 15:55, d=3, t=$+1.0, w=10",15:55,3,10,1.0,PUT,1466,-2682,69.8,500,0.47,1.1,-742
"BOTH, 15:55, d=3, t=$+1.0, w=5",15:55,3,5,1.0,BOTH,-3663,-10767,69.0,938,-0.32,0.94,-1461
"BOTH, 15:55, d=3, t=$+1.0, w=10",15:55,3,10,1.0,BOTH,4594,-2928,71.9,986,0.86,1.19,-742
"PUT, 15:55, d=3, t=$+2.0, w=5",15:55,3,5,2.0,PUT,-11794,-14774,61.6,479,-1.82,0.7,-1461
"PUT, 15:55, d=3, t=$+2.0, w=10",15:55,3,10,2.0,PUT,-644,-3517,66.6,500,-0.21,0.96,-742
"BOTH, 15:55, d=3, t=$+2.0, w=5",15:55,3,5,2.0,BOTH,-14008,-19362,63.8,938,-1.25,0.78,-1461
"BOTH, 15:55, d=3, t=$+2.0, w=10",15:55,3,10,2.0,BOTH,294,-4440,67.4,986,0.06,1.01,-742
"PUT, 15:55, d=5, t=None, w=5",15:55,5,5,,PUT,-26988,-27000,25.9,398,-6.82,0.16,-1131
"PUT, 15:55, d=5, t=None, w=10",15:55,5,10,,PUT,-8421,-8605,32.1,443,-4.54,0.31,-547
"BOTH, 15:55, d=5, t=None, w=5",15:55,5,5,,BOTH,-45210,-45255,24.2,760,-6.92,0.16,-1131
"BOTH, 15:55, d=5, t=None, w=10",15:55,5,10,,BOTH,-14172,-14217,30.7,841,-4.69,0.3,-547
"PUT, 15:55, d=5, t=$-0.5, w=5",15:55,5,5,-0.5,PUT,3447,-4896,82.4,398,0.73,1.16,-1131
"PUT, 15:55, d=5, t=$-0.5, w=10",15:55,5,10,-0.5,PUT,4834,-1819,85.1,443,2.21,1.59,-547
"BOTH, 15:55, d=5, t=$-0.5, w=5",15:55,5,5,-0.5,BOTH,8445,-4482,84.9,760,1.07,1.25,-1131
"BOTH, 15:55, d=5, t=$-0.5, w=10",15:55,5,10,-0.5,BOTH,8704,-1525,86.6,841,2.41,1.67,-547
"PUT, 15:55, d=5, t=$+0.0, w=5",15:55,5,5,0,PUT,2952,-4470,80.7,398,0.64,1.14,-1131
"PUT, 15:55, d=5, t=$+0.0, w=10",15:55,5,10,0,PUT,4619,-1669,83.5,443,2.15,1.58,-547
"BOTH, 15:55, d=5, t=$+0.0, w=5",15:55,5,5,0,BOTH,7155,-4401,82.5,760,0.92,1.21,-1131
"BOTH, 15:55, d=5, t=$+0.0, w=10",15:55,5,10,0,BOTH,8098,-1422,84.7,841,2.26,1.62,-547
"PUT, 15:55, d=5, t=$+0.5, w=5",15:55,5,5,0.5,PUT,1857,-4665,77.6,398,0.41,1.09,-1131
"PUT, 15:55, d=5, t=$+0.5, w=10",15:55,5,10,0.5,PUT,4269,-1660,81.0,443,2.02,1.53,-547
"BOTH, 15:55, d=5, t=$+0.5, w=5",15:55,5,5,0.5,BOTH,5910,-3876,79.5,760,0.79,1.18,-1131
"BOTH, 15:55, d=5, t=$+0.5, w=10",15:55,5,10,0.5,BOTH,7758,-1338,82.2,841,2.23,1.61,-547
"PUT, 15:55, d=5, t=$+1.0, w=5",15:55,5,5,1.0,PUT,-678,-5043,75.1,398,-0.15,0.97,-1131
"PUT, 15:55, d=5, t=$+1.0, w=10",15:55,5,10,1.0,PUT,3039,-1695,78.3,443,1.43,1.35,-547
"BOTH, 15:55, d=5, t=$+1.0, w=5",15:55,5,5,1.0,BOTH,3555,-3876,77.9,760,0.47,1.1,-1131
"BOTH, 15:55, d=5, t=$+1.0, w=10",15:55,5,10,1.0,BOTH,6483,-1458,80.5,841,1.86,1.48,-547
"PUT, 15:55, d=5, t=$+2.0, w=5",15:55,5,5,2.0,PUT,-3198,-6423,70.6,398,-0.71,0.86,-1131
"PUT, 15:55, d=5, t=$+2.0, w=10",15:55,5,10,2.0,PUT,1884,-1877,75.6,443,0.9,1.21,-547
"BOTH, 15:55, d=5, t=$+2.0, w=5",15:55,5,5,2.0,BOTH,-750,-6393,73.3,760,-0.1,0.98,-1131
"BOTH, 15:55, d=5, t=$+2.0, w=10",15:55,5,10,2.0,BOTH,4628,-1801,77.3,841,1.33,1.33,-547
