date,spot,spx_exit,short_strike,credit,qty,pnl,win,vix_prev_close,vix_1550,vix_intraday_chg,day_range_pct,intraday_return_pct,dist_from_high_pct,dist_from_low_pct,mom_5,mom_10,mom_15,mom_30,mom_60,near_high,dow,prior_day_return,ema_bullish,afternoon_return,last_hour_return
20220103,4790.4,4796.59,4795,0.9,6,-426.0,0,,16.84,,0.789,0.324,-0.046,0.742,0.0017,0.0685,0.0271,0.0227,0.0413,1,0,,1,0.4026,0.0413
20220110,4665.51,4670.29,4670,0.15,5,-80.0,0,18.76,19.84,,1.714,0.112,-0.031,1.683,0.0565,0.147,0.2366,0.3747,0.4539,1,0,-0.439,1,1.0965,0.4539
20220112,4728.94,4726.43,4735,0.5,5,240.0,1,18.41,17.69,,0.891,0.03,-0.398,0.492,0.0008,0.0226,0.2252,0.2119,0.084,0,2,0.942,1,-0.0773,0.084
20220114,4661.05,4662.82,4665,1.35,6,798.0,1,20.31,19.21,,1.086,0.547,-0.038,1.048,-0.0094,0.0088,0.1075,0.1744,0.4599,1,4,-1.57,1,0.9058,0.4599
20220124,4402.62,4410.5,4410,0.6,5,40.0,1,28.85,30.17,,4.398,1.079,-0.25,4.148,0.0477,0.5859,0.5694,1.3096,2.3145,0,0,-1.647,1,3.0884,2.3145
20220128,4418.87,4432.0,4425,1.0,6,-2412.0,0,30.49,27.45,,2.989,1.954,-0.027,2.962,0.0324,0.4805,0.56,0.7521,1.106,1,4,-1.235,1,1.3961,1.106
20220131,4512.29,4515.45,4520,0.6,5,290.0,1,27.66,24.9,,2.291,1.867,-0.022,2.268,0.0878,0.4106,0.4989,0.5817,0.46,1,0,2.21,1,0.6748,0.46
20220202,4593.98,4589.31,4600,0.15,5,65.0,1,21.96,20.63,,1.092,0.527,-0.081,1.01,-0.0213,0.0194,0.0277,-0.049,0.085,0,2,0.593,1,0.1912,0.085
20220204,4509.16,4500.61,4515,1.15,6,678.0,1,24.35,22.76,,1.967,0.69,-0.579,1.388,-0.041,-0.0943,-0.3006,-0.5,-0.2016,0,4,-1.281,0,0.1925,-0.2016
20220209,4582.46,4587.21,4590,0.8,5,390.0,1,21.44,20.03,,0.946,0.84,-0.106,0.84,0.0225,0.0993,0.076,0.1741,0.0436,0,2,0.925,1,0.1501,0.0436
20220216,4478.26,4475.1,4485,0.4,5,190.0,1,25.7,23.99,,1.344,0.511,-0.248,1.096,-0.1189,-0.0879,-0.1086,-0.0487,0.1949,0,2,0.942,1,0.9014,0.1949
20220225,4383.67,4384.62,4390,0.35,5,165.0,1,30.32,27.61,,2.286,1.94,-0.077,2.209,0.0091,0.0925,0.2093,0.1197,0.3646,0,4,3.197,1,0.2831,0.3646
20220228,4366.93,4373.39,4370,1.1,6,-1386.0,0,27.59,29.95,,1.693,0.265,-0.531,1.162,0.103,0.3295,0.8259,0.5227,0.6729,0,0,2.006,1,0.5236,0.6729
20220302,4390.44,4386.47,4395,1.85,7,1281.0,1,33.32,30.26,,1.826,1.708,-0.118,1.708,-0.0246,0.0134,0.0253,0.1492,0.162,0,2,-1.305,1,0.2207,0.162
20220309,4276.45,4277.86,4280,1.8,7,1246.0,1,35.13,32.15,,1.807,1.375,-0.432,1.375,-0.0388,-0.2475,-0.2851,-0.2533,0.0138,0,2,-0.762,0,-0.0864,0.0138
20220316,4347.15,4358.11,4355,0.2,5,-1465.0,0,29.83,26.51,,2.217,1.329,-0.045,2.173,0.0081,0.292,0.3552,0.2607,0.6892,1,2,1.764,1,0.5691,0.6892
20220318,4463.14,4463.08,4470,0.15,5,65.0,1,25.67,23.96,,1.698,1.199,-0.118,1.58,0.0076,-0.0224,0.128,0.0401,0.4287,0,4,1.525,1,0.6236,0.4287
20220325,4536.34,4543.06,4540,0.85,6,-1338.0,0,21.67,21.07,,0.994,0.293,-0.218,0.776,0.0905,0.1979,0.3054,0.3038,-0.0377,0,4,1.123,1,0.4469,-0.0377
20220328,4567.14,4575.49,4575,0.1,5,-205.0,0,20.81,19.96,,1.127,0.578,-0.033,1.094,0.1006,0.0583,0.1298,0.1149,0.232,1,0,0.446,1,0.7302,0.232
20220401,4544.83,4545.8,4550,0.25,5,115.0,1,20.56,19.83,,0.906,0.033,-0.152,0.754,0.151,0.4481,0.342,0.3367,0.1223,0,4,-1.49,1,0.6147,0.1223
20220404,4578.41,4582.62,4585,0.5,5,240.0,1,19.63,18.66,,0.974,0.729,-0.052,0.922,0.0013,0.1185,0.031,0.0367,0.0725,0,0,0.121,1,0.3586,0.0725
20220413,4445.67,4446.67,4450,0.65,5,315.0,1,24.26,21.56,,1.393,1.193,-0.164,1.229,-0.0627,-0.1347,-0.1132,-0.0501,0.1105,0,2,-0.907,1,0.2577,0.1105
20220425,4293.94,4296.43,4300,1.3,6,768.0,1,28.21,27.59,,2.308,1.01,-0.016,2.292,0.1321,0.134,0.1097,0.3387,0.4691,1,0,-2.597,1,1.6243,0.4691
20220427,4187.99,4183.94,4195,0.4,5,190.0,1,33.52,32.27,,1.859,-0.02,-1.314,0.545,0.15,-0.2196,-0.0738,-0.1548,-0.4256,0,2,-2.406,0,-0.9696,-0.4256
20220502,4154.16,4155.58,4160,0.75,5,365.0,1,33.4,32.71,,2.598,0.564,-0.385,2.213,0.1577,0.4211,0.3564,0.5135,1.7529,0,0,-2.868,1,1.2828,1.7529
20220504,4301.01,4300.39,4305,0.8,5,390.0,1,29.25,24.95,,3.797,2.838,-0.187,3.61,-0.1094,0.101,0.1197,0.5634,1.171,0,2,0.372,1,2.562,1.171
20220513,4014.38,4023.86,4020,1.15,6,-1638.0,0,31.77,29.14,,1.892,1.365,-0.527,1.365,0.1615,-0.1806,-0.0502,-0.1672,0.203,0,4,0.675,0,-0.2448,0.203
20220517,4081.39,4088.93,4085,1.4,6,-1530.0,0,27.47,26.11,,1.402,0.774,-0.181,1.22,0.0787,0.0936,-0.0247,-0.134,0.1749,0,1,-0.116,0,0.345,0.1749
20220519,3903.93,3900.72,3910,0.25,5,115.0,1,30.96,29.29,,1.779,0.042,-1.162,0.617,-0.0231,-0.3894,-0.0085,-0.244,-0.788,0,3,-3.154,0,-0.1239,-0.788
20220523,3966.86,3973.85,3970,0.4,5,-1735.0,0,29.43,28.62,,1.858,1.116,-0.477,1.381,-0.023,0.0897,-0.0151,-0.0106,-0.215,0,0,-0.672,0,0.0144,-0.215
20220525,3979.61,3979.0,3985,0.2,5,90.0,1,29.45,28.67,,1.891,1.215,-0.559,1.331,0.0692,-0.0962,-0.0488,-0.374,-0.1228,0,2,-0.019,0,0.7896,-0.1228
20220526,4059.3,4057.94,4065,0.55,5,265.0,1,28.37,27.19,,2.272,1.91,-0.362,1.91,-0.2204,-0.1431,-0.0495,0.2278,-0.0687,0,3,1.257,1,-0.1925,-0.0687
20220527,4150.98,4158.27,4155,0.3,5,-1495.0,0,27.5,25.8,,1.789,1.74,-0.049,1.74,0.1105,0.0403,0.12,-0.0152,0.3296,1,4,1.841,1,0.4674,0.3296
20220607,4163.44,4160.54,4170,0.05,5,15.0,1,25.07,23.91,,2.067,1.64,-0.03,2.037,0.0353,0.0974,0.0877,0.3207,0.5754,1,1,-0.324,1,0.8778,0.5754
20220615,3793.68,3789.91,3800,0.15,5,65.0,1,32.69,29.39,,3.062,0.632,-1.321,1.741,-0.1179,-0.2557,-0.4635,-0.6048,-0.0981,0,2,-0.734,0,0.7011,-0.0981
20220617,3683.57,3674.45,3690,0.15,5,65.0,1,32.95,31.05,,1.932,0.39,-0.75,1.182,0.0514,0.034,-0.2356,-0.2731,-0.345,0,4,-1.635,0,0.2023,-0.345
20220621,3766.7,3764.84,3770,1.85,7,1281.0,1,31.13,30.03,,1.732,1.506,-0.226,1.506,-0.0223,0.0225,0.0714,-0.0652,-0.1147,0,1,0.233,0,0.0329,-0.1147
20220622,3771.64,3759.84,3775,0.6,5,290.0,1,30.19,29.2,,2.252,1.018,-0.801,1.452,0.2461,0.204,0.2269,-0.2185,-0.3514,0,2,1.333,0,-0.0919,-0.3514
20220623,3792.82,3795.76,3800,0.2,5,90.0,1,28.95,28.96,,1.565,0.487,-0.251,1.313,-0.175,-0.0487,-0.0095,0.2954,0.5141,0,3,0.695,1,1.2125,0.5141
20220624,3905.21,3912.15,3910,0.8,5,-685.0,0,29.05,27.27,,2.249,2.235,-0.014,2.235,0.1882,0.1723,0.246,0.3101,0.4032,1,4,0.558,1,0.5127,0.4032
20220701,3821.7,3825.36,3825,0.65,5,135.0,1,28.71,26.82,,2.056,1.079,-0.212,1.843,0.0141,-0.1231,-0.169,0.224,0.3925,0,4,0.001,1,1.3259,0.3925
20220705,3826.55,3831.59,3830,0.7,5,-455.0,0,26.7,27.61,,2.317,0.92,-0.065,2.253,-0.0162,0.0876,0.0894,0.1499,0.4227,0,1,1.173,1,1.5653,0.4227
20220706,3839.95,3845.15,3845,0.6,5,215.0,1,27.54,26.78,,1.606,0.239,-0.777,0.829,-0.1539,-0.4151,-0.5329,-0.5991,-0.3712,0,2,1.028,0,0.4453,-0.3712
20220707,3901.47,3902.43,3905,0.65,5,315.0,1,26.73,25.78,,1.342,1.118,-0.224,1.118,-0.084,0.0351,0.0179,-0.0863,0.0777,0,3,0.344,0,0.1962,0.0777
20220708,3904.79,3899.37,3910,0.15,5,65.0,1,26.08,24.69,,1.264,0.404,-0.373,0.891,0.0354,-0.0289,0.0095,-0.0742,-0.1202,0,4,1.129,0,0.4733,-0.1202
20220713,3806.78,3801.59,3810,0.9,6,528.0,1,27.29,26.79,,1.862,0.737,-0.58,1.282,0.1131,0.0444,-0.0457,-0.218,-0.2758,0,2,-0.852,0,-0.3121,-0.2758
20220714,3791.0,3790.25,3795,0.45,5,215.0,1,26.82,26.41,,1.989,0.708,-0.154,1.835,0.0272,0.0272,0.1033,-0.0683,0.1038,0,3,0.58,1,1.1304,0.1038
20220719,3936.22,3936.14,3940,0.2,5,90.0,1,25.3,24.63,,2.048,1.9,-0.148,1.9,-0.0361,-0.0589,0.0323,0.0934,0.1678,0,1,-1.364,1,0.4478,0.1678
20220720,3961.62,3959.95,3965,0.35,5,165.0,1,24.5,23.73,,1.324,0.641,-0.345,0.979,-0.1319,-0.0941,-0.0666,-0.145,0.2915,0,2,1.953,1,0.1216,0.2915
20220721,3995.72,3999.1,4000,0.35,5,165.0,1,23.88,23.06,,1.698,0.986,-0.008,1.689,0.022,0.1484,0.1597,0.2067,0.3661,1,3,0.626,1,0.2507,0.3661
20220727,4027.65,4023.32,4035,0.3,5,140.0,1,24.69,23.18,,2.23,1.959,-0.271,1.959,0.0104,-0.1022,-0.095,-0.0238,0.276,0,2,-0.819,1,1.407,0.276
20220728,4070.27,4072.17,4075,0.3,5,140.0,1,23.24,22.41,,2.136,1.137,-0.175,1.96,-0.0223,0.106,0.0922,-0.0515,-0.0329,0,3,1.819,0,0.5591,-0.0329
20220729,4131.54,4130.44,4135,1.0,6,588.0,1,22.33,21.47,,1.491,1.115,-0.177,1.314,-0.1242,-0.1223,-0.0737,-0.0561,0.0886,0,4,1.144,1,0.4184,0.0886
20220801,4117.0,4118.62,4120,0.7,5,340.0,1,21.33,22.95,,1.19,0.144,-0.648,0.542,-0.1242,-0.0454,-0.0905,-0.0024,-0.0522,0,0,1.055,0,-0.2417,-0.0522
20220803,4161.17,4155.12,4165,0.9,6,528.0,1,23.93,21.75,,1.453,1.353,-0.1,1.353,-0.0122,-0.0329,0.0175,0.112,0.0796,0,2,-0.313,1,0.1947,0.0796
20220805,4143.58,4145.07,4150,0.05,5,15.0,1,21.44,20.77,,1.076,0.673,-0.194,0.881,-0.0268,0.0674,0.1729,0.2254,0.3774,0,4,-0.068,1,0.1978,0.3774
20220810,4208.47,4210.12,4215,0.1,5,40.0,1,21.77,19.76,,0.808,0.66,-0.058,0.75,0.0257,-0.0425,0.0471,0.1621,0.2831,0,2,-0.253,1,0.2153,0.2831
20220812,4273.82,4279.95,4280,0.05,5,15.0,1,20.2,19.34,,1.333,1.174,-0.035,1.298,-0.0105,0.051,0.0801,0.1321,0.2469,1,4,-0.475,1,0.5552,0.2469
20220815,4296.19,4297.14,4300,0.2,5,90.0,1,19.53,20.01,,1.051,0.627,-0.133,0.919,-0.0761,-0.0658,-0.0577,-0.1118,-0.0433,0,0,1.3,0,0.0033,-0.0433
20220816,4304.58,4305.24,4310,0.65,5,315.0,1,19.95,19.61,,1.107,0.398,-0.413,0.694,-0.0422,0.0283,0.0265,0.122,0.3039,0,1,0.65,1,0.0228,0.3039
20220818,4280.58,4284.15,4285,0.3,5,140.0,1,19.9,19.48,,0.715,0.196,-0.258,0.457,-0.0772,-0.1721,-0.2216,-0.1791,-0.0605,0,3,-0.148,0,0.2494,-0.0605
20220824,4143.31,4140.99,4150,0.05,5,15.0,1,24.11,22.81,,0.887,0.459,-0.268,0.618,-0.0159,-0.0701,-0.1111,-0.0029,0.1914,0,2,-0.106,1,0.2101,0.1914
20220825,4193.68,4199.52,4200,0.05,5,15.0,1,22.82,22.0,,1.114,0.957,-0.02,1.093,0.0642,0.089,0.2383,0.3509,0.573,1,3,0.35,1,0.7945,0.573
20220829,4036.34,4030.76,4040,0.75,5,365.0,1,25.56,25.98,,1.129,0.088,-0.616,0.514,0.0359,-0.232,-0.2414,-0.2672,-0.2362,0,0,-3.358,0,-0.359,-0.2362
20220901,3961.24,3966.87,3965,0.1,5,-895.0,0,25.87,25.79,,1.378,0.508,-0.03,1.349,0.1706,0.1909,0.2846,0.2618,0.1899,1,3,-1.141,1,1.2324,0.1899
20220907,3977.6,3979.99,3985,1.05,6,618.0,1,26.91,24.64,,2.094,1.898,-0.109,1.985,0.0085,0.0352,0.0668,-0.0166,0.103,0,2,-0.568,1,0.8585,0.103
20220908,4003.27,4006.09,4010,0.1,5,40.0,1,24.64,23.89,,1.659,1.067,-0.21,1.449,0.191,0.3765,0.2789,0.1842,0.2929,0,3,1.805,1,0.5411,0.2929
20220909,4071.12,4067.41,4075,0.95,6,558.0,1,23.61,22.85,,1.339,1.223,-0.116,1.223,0.0479,-0.0964,-0.0199,-0.0201,0.1316,0,4,1.165,1,0.3138,0.1316
20220914,3939.65,3946.14,3945,1.35,6,114.0,1,27.27,26.55,,1.263,0.077,-0.461,0.802,0.1361,0.3989,0.5353,0.6025,0.3948,0,2,-2.588,1,-0.2774,0.3948
20220919,3895.56,3900.0,3900,1.1,6,648.0,1,26.3,25.87,,1.609,1.259,-0.054,1.555,0.1874,-0.0436,-0.0313,0.1145,0.6691,0,0,-0.194,1,0.5561,0.6691
20220928,3727.73,3718.67,3735,0.45,5,215.0,1,32.6,30.12,,2.632,2.12,-0.202,2.43,-0.0718,-0.0699,-0.0118,0.194,0.5495,0,2,-1.054,1,0.7804,0.5495
20221003,3675.95,3678.43,3680,1.9,8,1504.0,1,31.62,30.17,,2.588,1.995,-0.458,2.13,-0.0193,-0.0437,-0.1475,-0.3154,-0.3527,0,0,-1.294,0,0.6839,-0.3527
20221004,3789.01,3791.05,3795,0.5,5,240.0,1,30.1,29.02,,1.692,1.692,0.0,1.692,0.1562,0.2484,0.2505,0.3538,0.1141,1,1,1.902,1,0.3596,0.1141
20221005,3783.42,3783.65,3790,0.15,5,65.0,1,29.07,28.9,,2.245,0.731,-0.699,1.546,-0.1067,-0.3952,-0.3981,-0.5063,-0.1859,0,2,1.733,0,0.4151,-0.1859
20221011,3592.37,3588.7,3600,0.05,5,15.0,1,32.45,33.74,,2.008,-0.195,-1.441,0.567,0.1261,0.0429,0.0887,0.21,-0.0212,0,1,-0.961,0,-1.2017,-0.0212
20221013,3673.78,3669.86,3680,1.05,6,618.0,1,33.57,32.26,,5.506,4.474,-0.214,5.292,0.1479,0.1618,0.3158,0.055,0.0713,0,3,-0.387,1,1.0118,0.0713
20221017,3678.04,3678.16,3685,1.35,6,798.0,1,32.02,31.09,,1.404,1.253,-0.15,1.253,0.0111,-0.0187,0.1079,0.1511,0.1585,0,0,-2.883,1,0.2007,0.1585
20221021,3752.7,3753.14,3760,0.1,5,40.0,1,29.98,30.01,,3.021,2.63,-0.126,2.894,-0.017,-0.0469,-0.087,-0.0543,0.5462,0,4,-0.636,1,0.7546,0.5462
20221024,3793.45,3797.68,3800,0.1,5,40.0,1,29.69,29.96,,1.837,0.81,-0.485,1.352,-0.124,-0.2249,-0.248,-0.3984,-0.2289,0,0,2.626,0,0.154,-0.2289
20221025,3857.76,3859.35,3865,0.1,5,40.0,1,29.85,28.29,,1.669,1.502,-0.167,1.502,-0.0474,-0.0933,-0.0402,-0.0119,0.1675,0,1,0.948,1,0.3085,0.1675
20221026,3834.01,3830.68,3840,0.2,5,90.0,1,28.46,27.57,,1.623,0.279,-1.294,0.329,0.1281,-0.0651,0.0279,0.0934,0.0989,0,2,1.577,1,-0.3773,0.0989
20221028,3901.3,3901.04,3905,1.0,6,588.0,1,27.39,25.89,,2.551,2.477,-0.074,2.477,0.081,0.0941,0.0872,0.1059,0.116,0,4,-0.695,1,0.5335,0.116
20221104,3766.51,3770.59,3770,0.15,5,-230.0,0,25.3,24.69,,2.323,-0.137,-0.916,1.407,0.0426,-0.142,0.0985,0.2994,0.4534,0,4,-0.363,1,1.1549,0.4534
20221107,3804.64,3807.13,3810,0.55,5,265.0,1,24.55,24.48,,1.303,0.698,-0.181,1.121,-0.0803,-0.0394,-0.0144,-0.0486,0.0357,0,0,0.096,1,0.7113,0.0357
20221108,3831.39,3828.31,3835,1.15,6,678.0,1,24.35,25.14,,1.916,0.455,-0.655,1.26,-0.1141,-0.1685,-0.1963,0.1578,0.4588,0,1,0.699,1,-0.4755,0.4588
20221110,3953.5,3955.88,3960,0.7,5,340.0,1,26.09,23.28,,2.539,2.52,-0.02,2.52,0.1397,0.2589,0.3578,0.4554,0.7221,1,3,-1.634,1,1.4443,0.7221
20221111,3994.29,3993.05,4000,0.95,6,558.0,1,23.53,22.4,,1.429,0.855,-0.098,1.332,-0.0365,-0.0053,0.0671,0.1764,-0.0483,0,4,2.487,1,0.6128,-0.0483
20221117,3939.16,3946.86,3945,0.05,5,-915.0,0,24.11,24.01,,1.219,0.47,-0.425,0.795,-0.0426,0.0579,0.1195,0.3481,-0.0038,0,3,-0.446,1,-0.3084,-0.0038
20221123,4024.22,4027.46,4030,0.15,5,65.0,1,21.29,20.48,,0.878,0.645,-0.192,0.686,0.0007,0.0497,-0.0104,-0.1146,-0.0293,0,2,0.961,0,0.6125,-0.0293
20221130,4071.43,4079.64,4075,0.3,5,-2180.0,0,21.89,20.48,,3.379,2.878,-0.031,3.348,0.091,0.1925,0.226,0.3881,0.9525,1,2,-0.171,1,3.1745,0.9525
20221202,4069.07,4071.63,4075,0.15,5,65.0,1,19.84,19.11,,1.333,0.643,-0.354,0.978,0.113,0.03,0.0224,-0.1809,0.0253,0,4,-0.253,0,0.3301,0.0253
20221208,3960.99,3963.45,3965,0.05,5,15.0,1,22.68,22.36,,0.972,0.273,-0.396,0.576,0.1437,0.0447,0.002,-0.1511,-0.0427,0,3,0.013,0,-0.0407,-0.0427
20221212,3986.1,3990.59,3990,0.05,5,-280.0,0,22.83,25.01,,1.333,1.118,-0.114,1.219,0.0583,0.0251,-0.0745,0.0445,0.3752,0,0,-0.503,1,0.5696,0.3752
20221220,3824.82,3821.73,3830,0.2,5,90.0,1,22.42,21.47,,1.118,0.39,-0.339,0.78,-0.0272,-0.1115,-0.0906,0.0607,0.0238,0,1,-0.942,1,-0.1146,0.0238
20221221,3875.66,3878.4,3880,0.05,5,15.0,1,21.48,20.18,,1.311,0.905,-0.406,0.905,0.0535,0.0057,-0.0341,-0.041,-0.0132,0,2,0.296,0,-0.1358,-0.0132
20221223,3844.98,3844.88,3850,0.1,5,40.0,1,21.97,20.92,,1.279,0.747,-0.057,1.221,0.1652,0.1396,0.2467,0.1391,0.0927,0,4,-0.796,1,0.1911,0.0927
20221229,3851.73,3849.14,3855,0.5,5,240.0,1,22.14,21.42,,1.386,1.265,-0.121,1.265,0.0189,0.0371,0.0974,0.1213,0.0639,0,3,-1.216,1,-0.006,0.0639
20221230,3836.43,3839.53,3840,0.55,5,265.0,1,21.44,21.74,,0.996,0.244,-0.002,0.994,0.0607,0.2481,0.3498,0.5206,0.8802,1,4,1.148,1,0.4112,0.8802
20230106,3894.56,3895.0,3900,0.25,5,115.0,1,22.46,21.04,,2.527,1.86,-0.307,2.221,-0.0377,-0.2523,-0.1943,-0.1292,-0.1646,0,4,-0.827,0,0.6552,-0.1646
20230112,3981.25,3983.09,3985,0.15,5,65.0,1,21.09,19.04,,1.513,0.04,-0.467,1.046,-0.0098,0.1205,-0.0545,-0.0545,-0.0726,0,3,0.945,0,-0.3199,-0.0726
20230113,4000.06,3999.03,4005,0.05,5,15.0,1,18.83,18.12,,1.421,0.942,-0.153,1.268,0.0145,-0.0258,-0.1164,0.0814,0.2374,0,4,0.139,1,0.4359,0.2374
20230120,3971.31,3972.35,3975,0.15,5,65.0,1,20.52,19.65,,1.865,1.558,-0.021,1.844,0.0706,0.2055,0.1433,0.1602,0.4575,1,4,-0.33,1,0.9251,0.4575
20230123,4019.99,4019.65,4025,0.1,5,40.0,1,19.85,19.78,,1.701,1.035,-0.503,1.198,0.0259,0.1468,0.2402,0.2077,0.2684,0,0,1.62,1,-0.2333,0.2684
20230127,4071.69,4070.48,4075,0.85,6,498.0,1,18.73,18.34,,1.123,0.502,-0.497,0.626,-0.0814,-0.1713,-0.3695,-0.2849,-0.3398,0,4,0.601,0,-0.0986,-0.3398
20230131,4069.39,4076.7,4075,0.5,5,-610.0,0,19.94,19.43,,1.263,1.253,0.0,1.263,0.1358,0.2677,0.3302,0.4867,0.3149,1,1,-0.775,1,0.5662,0.3149
20230201,4117.63,4119.49,4125,0.35,5,165.0,1,19.4,18.14,,2.746,1.125,-0.813,1.932,-0.0675,-0.5495,-0.7042,-0.0728,0.1684,0,2,1.389,1,1.5417,0.1684
20230202,4173.92,4179.73,4180,0.25,5,115.0,1,17.87,18.61,,1.288,0.335,-0.548,0.739,0.0772,0.2133,0.2063,0.1844,0.4436,0,3,1.214,1,-0.1978,0.4436
20230203,4137.8,4136.42,4145,0.3,5,140.0,1,18.73,18.61,,1.426,0.021,-1.083,0.343,0.1503,0.1911,0.0762,-0.0698,0.0726,0,4,0.506,0,-0.3603,0.0726
20230207,4168.54,4164.03,4175,1.95,8,1544.0,1,19.43,18.51,,2.147,1.723,-0.011,2.136,0.1708,0.3323,0.3791,0.5797,0.6643,1,1,-0.209,1,0.3931,0.6643
20230210,4091.71,4090.48,4095,0.65,5,315.0,1,20.71,20.57,,0.825,0.564,-0.061,0.764,0.0381,0.046,0.1152,0.3224,0.1839,0,4,-1.512,1,0.3313,0.1839
20230214,4144.19,4136.18,4150,0.15,5,65.0,1,20.34,18.6,,1.569,0.419,-0.382,1.187,0.0454,-0.0034,0.0466,0.0224,0.0727,0,1,0.995,1,0.495,0.0727
20230215,4141.05,4147.76,4145,0.15,5,-1315.0,0,18.91,18.22,,0.96,0.502,-0.082,0.879,-0.0618,0.0116,0.0184,0.1359,0.1456,0,2,0.23,1,0.3819,0.1456
20230217,4079.32,4079.23,4085,0.05,5,15.0,1,20.17,19.96,,0.823,-0.047,-0.148,0.675,-0.0312,0.0317,-0.0132,-0.0066,-0.0564,0,4,-0.589,1,0.5909,-0.0564
20230228,3976.44,3969.69,3980,0.4,5,190.0,1,20.95,20.49,,0.687,-0.01,-0.52,0.167,0.1125,0.044,0.0964,-0.0191,-0.2223,0,1,-0.251,0,-0.4506,-0.2223
20230302,3981.96,3981.54,3985,0.1,5,40.0,1,20.58,19.72,,1.591,1.007,-0.318,1.274,-0.0927,-0.1854,-0.2082,0.0189,0.1811,0,3,-0.296,1,0.7514,0.1811
20230303,4045.22,4045.48,4050,0.1,5,40.0,1,19.59,18.48,,1.329,1.128,-0.13,1.199,0.0156,0.0054,0.0161,0.028,0.071,0,4,1.088,0,0.2564,0.071
20230308,3991.51,3992.08,3995,0.35,5,165.0,1,19.59,19.07,,0.769,0.093,-0.229,0.539,0.0195,-0.0266,0.1478,0.4288,0.3359,0,2,-1.527,1,0.1903,0.3359
20230313,3856.47,3855.74,3860,1.4,6,828.0,1,24.8,26.67,,2.508,0.654,-1.169,1.339,-0.051,-0.2692,-0.3253,-0.0394,-0.6948,0,0,-1.304,0,-0.0833,-0.6948
20230315,3877.14,3892.37,3885,0.1,5,-2460.0,0,23.73,26.73,,1.445,-0.15,-0.602,0.843,-0.0682,-0.2165,-0.2014,-0.3334,-0.4843,0,2,0.675,0,0.7443,-0.4843
20230316,3954.53,3960.33,3960,0.9,6,330.0,1,26.14,23.16,,2.587,2.021,-0.184,2.403,-0.0551,-0.1174,-0.0258,-0.0641,0.184,0,3,0.403,1,0.09,0.184
20230320,3949.95,3951.55,3955,0.6,5,290.0,1,25.51,24.02,,1.014,0.887,-0.113,0.901,-0.0794,0.0967,0.1056,0.2059,0.18,0,0,-1.062,1,0.18,0.18
20230321,4004.2,4003.16,4010,0.2,5,90.0,1,24.15,21.66,,0.953,0.738,-0.097,0.856,0.0137,-0.0539,-0.0424,0.2425,0.3875,0,1,0.87,1,0.6595,0.3875
20230324,3959.73,3971.18,3965,0.85,6,-2502.0,0,22.61,22.03,,1.614,0.566,-0.286,1.328,-0.0865,-0.158,-0.1714,-0.1427,-0.0464,0,4,-0.276,0,0.2927,-0.0464
20230329,4026.85,4027.88,4030,0.45,5,215.0,1,19.97,19.17,,0.777,0.701,-0.076,0.701,-0.0246,0.007,0.1188,0.042,0.1751,0,2,-0.071,1,0.4204,0.1751
20230330,4049.82,4050.85,4055,0.05,5,15.0,1,19.12,19.11,,0.636,0.061,-0.213,0.423,-0.0178,0.0235,-0.0432,0.0254,0.0746,0,3,0.709,1,0.2781,0.0746
20230411,4107.65,4109.05,4115,0.3,5,140.0,1,18.97,19.06,,0.527,-0.008,-0.348,0.179,0.0127,-0.0739,-0.1475,-0.2873,-0.2873,0,1,0.586,0,-0.1788,-0.2873
20230413,4146.39,4146.32,4150,0.1,5,40.0,1,19.09,17.89,,1.24,1.095,-0.13,1.111,0.0142,-0.1118,-0.0323,-0.0436,-0.0458,0,3,-0.718,0,0.4422,-0.0458
20230427,4135.31,4135.45,4140,0.15,5,65.0,1,18.84,16.97,,1.545,1.475,-0.069,1.475,-0.038,0.0343,0.0375,-0.0162,0.0215,0,3,-0.779,1,0.6173,0.0215
20230505,4135.59,4136.37,4140,0.2,5,90.0,1,20.09,16.95,,1.525,1.239,-0.286,1.239,-0.0249,-0.065,-0.0732,-0.1157,-0.2403,0,4,-0.519,0,0.3129,-0.2403
20230517,4160.87,4158.81,4165,0.05,5,15.0,1,17.99,16.71,,1.238,0.886,-0.129,1.11,-0.0151,0.0361,0.1481,0.1271,0.1307,0,2,-0.437,1,0.1744,0.1307
20230518,4198.39,4198.01,4205,0.1,5,40.0,1,16.87,16.14,,1.171,0.956,-0.115,1.057,-0.0443,0.0222,0.2065,0.411,0.523,0,3,0.872,1,0.6493,0.523
20230612,4335.75,4339.08,4340,0.1,5,40.0,1,13.83,14.83,,0.827,0.631,-0.104,0.722,-0.0327,-0.0291,-0.0408,0.0438,0.2296,0,0,-0.138,1,0.4137,0.2296
20230614,4365.5,4372.67,4370,0.05,5,-1320.0,0,14.61,14.15,,1.236,-0.093,-0.678,0.558,0.1587,-0.0692,-0.1716,-0.314,-0.1168,0,2,0.378,0,-0.4282,-0.1168
20230615,4424.82,4426.03,4430,1.0,6,588.0,1,13.88,14.34,,1.755,1.458,-0.234,1.521,-0.1202,-0.0395,0.0215,0.007,-0.117,0,3,0.146,1,0.4422,-0.117
20230628,4371.07,4377.15,4375,0.15,5,-1010.0,0,13.74,13.51,,0.69,0.09,-0.434,0.256,0.0009,0.0108,0.0231,-0.0295,0.0137,0,2,0.945,1,0.0737,0.0137
20230630,4455.11,4450.16,4460,1.0,6,588.0,1,13.54,13.16,,0.815,0.813,-0.002,0.813,0.0667,0.0896,0.0298,0.084,0.1112,1,4,0.494,1,0.1804,0.1112
20230710,4405.65,4409.72,4410,0.05,5,15.0,1,14.83,15.15,,0.516,0.25,-0.168,0.348,0.0509,0.0581,0.0325,0.0579,-0.0288,0,0,-0.125,0,0.042,-0.0288
20230711,4437.17,4439.25,4445,0.1,5,40.0,1,15.07,14.88,,0.797,0.496,-0.14,0.657,-0.0948,0.0796,0.1725,0.1942,0.2621,0,1,0.353,1,0.2659,0.2621
20230712,4471.27,4472.37,4475,0.85,6,498.0,1,14.84,13.59,,0.562,0.127,-0.336,0.227,0.0309,-0.0337,-0.0152,0.1599,-0.0603,0,2,0.537,0,0.0067,-0.0603
20230713,4511.13,4509.97,4515,0.65,5,315.0,1,13.54,13.58,,0.624,0.47,-0.107,0.517,0.0075,-0.0846,-0.0394,0.045,0.1658,0,3,0.105,1,0.2876,0.1658
20230717,4524.44,4522.73,4530,0.25,5,115.0,1,13.34,13.47,,0.62,0.395,-0.137,0.483,0.0422,-0.0029,-0.0409,-0.0815,0.0765,0,0,-0.197,1,0.158,0.0765
20230718,4555.77,4555.1,4560,0.6,5,290.0,1,13.48,13.39,,1.055,0.8,-0.096,0.959,-0.0083,-0.0215,-0.0318,-0.0561,0.0505,0,1,0.308,1,0.3041,0.0505
20230725,4568.57,4567.53,4575,0.05,5,15.0,1,13.91,14.0,,0.619,0.349,-0.21,0.409,0.0317,0.0142,-0.0407,-0.0634,-0.1134,0,1,0.248,0,-0.0405,-0.1134
20230726,4559.57,4566.96,4565,0.4,5,-790.0,0,13.86,13.34,,0.765,0.056,-0.459,0.306,0.0193,-0.0662,-0.0379,0.0985,-0.3127,0,2,0.271,1,0.1363,-0.3127
20230728,4581.8,4582.14,4585,0.3,5,140.0,1,14.41,13.32,,0.573,0.392,-0.142,0.43,0.0908,0.1459,0.0856,0.0439,0.0002,0,4,-1.323,0,0.0533,0.0002
20230801,4577.84,4576.72,4585,0.1,5,40.0,1,13.63,13.83,,0.373,0.041,-0.085,0.288,-0.002,0.0835,0.0946,0.0334,0.0417,0,1,0.094,0,0.0841,0.0417
20230803,4505.03,4501.73,4510,0.1,5,40.0,1,16.09,16.37,,0.755,0.245,-0.316,0.439,0.0686,0.0264,0.0424,0.0033,-0.1363,0,3,-0.824,0,-0.2802,-0.1363
20230808,4500.92,4499.33,4505,0.1,5,40.0,1,15.77,15.98,,0.865,0.016,-0.101,0.764,-0.0988,-0.0782,0.0153,0.0165,0.1875,0,1,0.6,1,0.4739,0.1875
20230811,4461.37,4464.18,4465,0.85,6,498.0,1,15.85,15.07,,0.725,0.285,-0.289,0.436,0.0327,-0.0323,-0.0184,-0.1539,-0.1628,0,4,-0.407,0,0.1274,-0.1628
20230818,4369.33,4370.04,4375,0.3,5,140.0,1,17.89,17.24,,1.07,0.553,-0.297,0.773,-0.1725,-0.1974,-0.0442,0.1022,0.0343,0,4,-1.046,1,0.1458,0.0343
20230821,4402.66,4399.91,4410,0.05,5,15.0,1,17.3,16.93,,1.079,0.523,-0.099,0.979,-0.01,-0.04,-0.0547,0.0027,0.1663,0,0,0.579,1,0.5361,0.1663
20230823,4431.79,4436.13,4435,0.85,6,-180.0,0,16.97,16.01,,1.063,0.841,-0.222,0.841,-0.0555,-0.1273,-0.1379,-0.0809,-0.0219,0,2,-0.627,0,0.0966,-0.0219
20230829,4495.79,4497.77,4500,0.1,5,40.0,1,15.08,14.55,,1.544,1.413,-0.107,1.437,-0.0036,-0.0913,-0.0285,-0.0451,0.0855,0,1,0.164,1,0.2122,0.0855
20230831,4512.64,4507.54,4520,0.1,5,40.0,1,13.88,13.49,,0.534,-0.08,-0.418,0.116,-0.0562,-0.135,-0.0759,-0.0512,0.0024,0,3,0.326,0,0.0153,0.0024
20230907,4450.3,4451.2,4455,0.75,5,365.0,1,14.45,14.45,,0.617,0.413,-0.112,0.505,-0.0415,-0.0485,0.064,0.0658,0.0067,0,3,-0.551,1,0.0928,0.0067
20230928,4299.96,4299.73,4305,0.05,5,15.0,1,18.22,17.44,,1.239,0.655,-0.46,0.779,-0.0502,-0.0277,-0.0181,-0.3383,0.0967,0,3,-0.187,0,-0.1608,0.0967
20231002,4284.92,4288.4,4290,0.1,5,40.0,1,17.52,17.99,,0.942,-0.018,-0.393,0.549,0.2119,0.1456,0.163,0.2359,0.425,0,0,-0.923,1,0.4453,0.425
20231004,4266.65,4263.42,4270,0.55,5,265.0,1,19.78,18.5,,1.134,0.771,-0.048,1.086,0.1415,0.0704,0.0005,0.1481,0.5178,1,2,-0.94,1,0.3616,0.5178
20231005,4257.29,4258.19,4265,0.1,5,40.0,1,18.58,18.32,,0.968,-0.008,-0.191,0.777,-0.0284,-0.0945,-0.0505,-0.004,-0.0823,0,3,0.699,0,0.4367,-0.0823
20231006,4310.38,4308.48,4315,0.2,5,90.0,1,18.49,17.38,,2.469,1.769,-0.34,2.129,-0.164,-0.1846,-0.2576,-0.2232,-0.2253,0,4,-0.026,0,0.2755,-0.2253
20231010,4359.06,4358.25,4365,0.05,5,15.0,1,17.7,16.96,,1.056,0.409,-0.644,0.412,-0.0894,-0.1061,-0.1114,-0.0958,-0.0032,0,1,1.087,0,-0.5244,-0.0032
20231011,4375.4,4376.94,4380,0.2,5,90.0,1,17.03,16.44,,0.735,0.214,-0.034,0.701,0.0235,0.0398,0.0784,0.2433,0.2435,1,2,0.426,1,0.4827,0.2435
20231016,4378.82,4373.67,4385,0.05,5,15.0,1,19.32,17.29,,0.943,0.825,-0.118,0.825,0.0876,0.0661,0.008,-0.0308,0.0661,0,0,-0.749,0,0.0892,0.0661
20231017,4370.24,4373.21,4375,0.15,5,65.0,1,17.21,18.01,,1.289,0.59,-0.522,0.767,0.1111,0.2132,0.1182,0.0978,0.305,0,1,0.721,1,-0.2203,0.305
20231023,4215.95,4216.96,4220,0.4,5,190.0,1,21.71,20.39,,1.582,0.157,-0.923,0.66,-0.1139,-0.1624,-0.0879,-0.203,-0.4619,0,0,-1.164,0,-0.8907,-0.4619
20231024,4251.83,4247.65,4255,0.05,5,15.0,1,20.37,19.09,,0.943,0.288,-0.269,0.674,-0.079,-0.1103,-0.1145,-0.0668,-0.0052,0,1,0.156,1,0.5477,-0.0052
20231030,4169.94,4166.78,4175,0.15,5,65.0,1,21.27,19.65,,1.076,0.748,-0.172,0.904,0.0072,-0.0084,-0.006,-0.1071,0.059,0,0,-0.855,0,0.6891,0.059
20231101,4240.56,4237.86,4245,0.1,5,40.0,1,18.14,16.82,,1.14,0.902,-0.154,0.986,0.0505,-0.054,0.0099,-0.0226,0.5469,0,2,0.538,1,0.7486,0.5469
20231103,4359.36,4358.33,4365,0.1,5,40.0,1,15.66,15.11,,0.909,0.592,-0.317,0.592,-0.0211,-0.0768,-0.1175,-0.1477,-0.2793,0,4,1.16,0,-0.1914,-0.2793
20231107,4373.33,4378.39,4380,0.15,5,65.0,1,14.89,14.86,,0.707,0.223,-0.236,0.47,-0.1235,-0.233,-0.2037,-0.1422,-0.0934,0,1,0.04,0,-0.027,-0.0934
20231108,4384.29,4382.82,4390,0.05,5,15.0,1,14.81,14.39,,0.717,-0.001,-0.157,0.56,-0.0301,-0.0561,0.0696,0.1073,0.132,0,2,0.279,1,0.3573,0.132
20231110,4414.44,4415.28,4420,0.1,5,40.0,1,15.29,14.21,,1.482,1.165,-0.07,1.413,-0.0317,0.0202,0.0526,0.117,0.209,0,4,-1.004,1,0.4402,0.209
20231113,4410.93,4411.53,4415,0.25,5,115.0,1,14.17,14.73,,0.634,0.116,-0.226,0.408,-0.0621,-0.072,-0.041,-0.1229,-0.0838,0,0,1.172,0,-0.0261,-0.0838
20231114,4492.47,4495.54,4500,0.05,5,15.0,1,14.76,14.13,,1.115,0.769,-0.346,0.769,-0.0807,-0.2174,-0.2732,-0.2557,-0.2048,0,1,0.111,0,-0.0518,-0.2048
20231116,4506.87,4508.26,4510,0.1,5,40.0,1,14.18,13.99,,0.537,0.189,-0.143,0.394,-0.0512,0.0093,0.0075,0.078,0.1494,0,3,-0.053,1,0.1098,0.1494
20231120,4545.49,4547.41,4550,0.2,5,90.0,1,13.8,13.43,,1.036,0.776,-0.231,0.805,-0.0563,-0.1653,-0.193,-0.1728,-0.116,0,0,0.1,0,0.3062,-0.116
20231130,4565.95,4567.69,4570,0.1,5,40.0,1,12.98,12.95,,0.636,0.198,-0.051,0.585,0.1398,0.1732,0.2852,0.4329,0.2284,0,3,-0.464,1,0.4556,0.2284
20231204,4571.37,4569.78,4575,0.1,5,40.0,1,12.63,13.0,,0.562,0.113,-0.062,0.5,-0.0564,0.0486,0.0933,0.1668,0.131,0,0,0.772,1,0.0236,0.131
20231208,4604.42,4604.37,4610,0.1,5,40.0,1,13.06,12.49,,0.769,0.641,-0.081,0.688,-0.0291,-0.0308,-0.0603,0.0339,-0.0078,0,4,0.366,1,0.311,-0.0078
20231213,4699.94,4707.17,4705,0.05,5,-1070.0,0,12.07,12.22,,1.43,1.143,-0.224,1.207,0.0492,-0.0147,-0.0109,0.3149,-0.0578,0,2,0.55,1,1.1344,-0.0578
20231215,4724.36,4718.91,4730,0.3,5,140.0,1,12.48,12.27,,0.442,0.215,-0.025,0.417,0.2013,0.2853,0.2908,0.2181,0.3396,1,4,-0.031,1,0.2236,0.3396
20231218,4743.35,4740.54,4750,0.05,5,15.0,1,12.28,12.48,,0.507,0.404,-0.103,0.404,0.012,0.02,-0.0112,-0.0556,-0.0569,0,0,0.099,0,-0.0048,-0.0569
20231221,4746.44,4746.71,4750,0.25,5,115.0,1,13.67,13.52,,0.82,0.45,-0.033,0.787,0.0417,0.0901,0.0557,0.3084,0.4154,1,3,-1.392,1,0.6274,0.4154
20231222,4753.81,4754.64,4760,0.3,5,140.0,1,13.65,13.24,,0.761,0.026,-0.374,0.387,0.0316,0.0341,0.0928,-0.0246,-0.0254,0,4,0.475,0,-0.2021,-0.0254
20231226,4774.26,4774.76,4780,0.1,5,40.0,1,13.03,12.98,,0.552,0.333,-0.211,0.341,-0.0561,-0.0802,-0.1006,-0.1823,-0.035,0,1,0.015,0,0.0832,-0.035
20231227,4776.86,4781.62,4780,0.05,5,-795.0,0,12.99,12.49,,0.345,0.019,-0.231,0.114,0.0585,0.0325,-0.0569,-0.0017,0.0673,0,2,0.334,0,-0.0023,0.0673
20231228,4782.19,4783.37,4790,0.1,5,40.0,1,12.43,12.49,,0.215,-0.068,-0.212,0.003,-0.0671,-0.1443,-0.1374,-0.0992,-0.1347,0,3,0.171,0,-0.1707,-0.1347
20240105,4697.55,4697.22,4705,0.05,5,15.0,1,14.13,13.41,,0.84,0.161,-0.498,0.341,0.0462,0.0948,0.243,0.2527,0.2803,0,4,-0.186,1,0.1358,0.2803
20240108,4762.6,4763.54,4770,0.1,5,40.0,1,13.35,13.09,,1.358,1.256,-0.019,1.339,0.054,0.1146,0.0284,0.1508,0.194,1,0,0.142,1,0.6583,0.194
20240110,4779.22,4783.44,4785,0.1,5,40.0,1,12.76,12.74,,0.727,0.401,-0.247,0.48,0.1414,0.0356,-0.0031,0.0004,-0.203,0,2,0.307,0,0.1946,-0.203
20240117,4741.06,4739.24,4745,0.15,5,65.0,1,13.84,14.8,,0.621,-0.003,-0.111,0.51,-0.0108,0.1162,0.1263,0.3245,0.1549,0,2,-0.134,1,0.1115,0.1549
20240118,4779.58,4780.94,4785,0.3,5,140.0,1,14.79,14.18,,0.95,0.444,-0.096,0.854,0.0019,0.0333,0.095,0.0431,0.1666,0,3,0.002,1,0.7642,0.1666
20240119,4838.65,4839.8,4845,0.15,5,65.0,1,14.13,13.4,,1.172,0.9,-0.054,1.118,0.0453,0.0624,0.0736,0.0629,0.0755,0,4,0.438,1,0.4525,0.0755
20240123,4866.14,4864.61,4870,0.1,5,40.0,1,13.19,12.65,,0.42,0.158,-0.006,0.414,0.0185,0.05,0.1043,0.0496,0.0986,1,1,-0.062,1,0.2182,0.0986
20240125,4888.82,4894.17,4895,0.05,5,15.0,1,13.14,13.47,,0.59,0.041,-0.194,0.395,-0.0258,0.0692,0.0258,0.1459,0.1701,0,3,-0.409,1,0.1346,0.1701
20240126,4890.8,4890.97,4895,0.1,5,40.0,1,13.45,13.28,,0.516,0.001,-0.362,0.153,-0.0364,0.0309,0.0262,-0.0728,-0.0752,0,4,0.154,0,0.1104,-0.0752
20240202,4964.45,4958.6,4970,0.95,6,558.0,1,13.88,13.83,,1.369,1.052,-0.153,1.216,0.0195,0.0614,0.0228,-0.0268,-0.0155,0,4,0.928,0,0.3025,-0.0155
20240207,4991.87,4995.05,4995,0.3,5,115.0,1,13.06,12.85,,0.62,0.362,-0.178,0.442,-0.0457,-0.1049,-0.1213,-0.1215,-0.146,0,2,0.082,0,0.0579,-0.146
20240208,4995.11,4997.96,5000,0.05,5,15.0,1,12.83,12.85,,0.252,-0.036,-0.127,0.125,-0.0658,-0.0792,-0.0894,-0.0858,-0.049,0,3,0.442,0,0.0535,-0.049
20240209,5026.08,5026.57,5030,0.05,5,15.0,1,12.79,,,0.594,0.387,-0.13,0.464,0.0125,0.0382,-0.0026,-0.0265,-0.0649,0,4,0.056,0,0.1008,-0.0649
20240215,5028.31,5029.76,5035,0.05,5,15.0,1,14.38,14.21,,0.665,0.498,-0.093,0.572,0.0555,0.0667,0.0557,0.079,-0.0858,0,3,0.484,0,0.3326,-0.0858
20240221,4980.96,4981.83,4985,0.05,5,15.0,1,15.42,15.38,,0.653,0.296,-0.014,0.639,0.0973,0.1799,0.1797,0.5218,0.4482,1,2,-0.276,1,0.2645,0.4482
20240222,5089.37,5087.02,5095,0.1,5,40.0,1,15.34,14.41,,1.103,0.972,-0.13,0.972,0.0079,0.0022,-0.064,-0.0365,0.0383,0,3,0.379,1,0.2757,0.0383
20240228,5066.35,5069.81,5070,0.05,5,15.0,1,13.43,13.68,,0.375,-0.066,-0.266,0.109,-0.0543,-0.034,-0.1142,-0.0844,-0.016,0,2,0.071,0,-0.0517,-0.016
20240304,5131.05,5130.95,5135,0.4,5,190.0,1,13.11,13.52,,0.438,0.006,-0.358,0.081,-0.0004,-0.0592,-0.1896,-0.289,-0.3358,0,0,0.757,0,-0.1318,-0.3358
20240306,5107.14,5104.77,5115,0.2,5,90.0,1,14.46,14.43,,0.7,-0.035,-0.426,0.274,0.058,0.0139,0.0468,0.1976,0.077,0,2,-0.623,1,-0.2631,0.077
20240307,5161.41,5157.34,5165,0.25,5,115.0,1,14.5,14.33,,0.729,0.555,-0.093,0.636,0.1117,0.0095,0.0434,0.1314,0.0163,0,3,-0.064,1,0.1611,0.0163
20240311,5115.41,5117.95,5120,0.15,5,65.0,1,14.74,15.22,,0.656,0.024,-0.224,0.432,-0.036,-0.1496,-0.0766,-0.0581,-0.1625,0,0,-0.789,0,-0.0465,-0.1625
20240319,5179.35,5178.49,5185,0.05,5,15.0,1,14.33,13.9,,0.928,0.776,-0.006,0.922,0.0609,0.1375,0.1506,0.2505,0.2204,1,1,-0.104,1,0.1803,0.2204
20240320,5218.27,5224.59,5225,0.05,5,15.0,1,13.82,13.08,,1.054,0.667,-0.192,0.862,0.0664,-0.0297,-0.1049,-0.068,0.0322,0,2,0.767,1,0.6825,0.0322
20240322,5238.24,5234.16,5245,0.3,5,140.0,1,12.92,12.94,,0.309,-0.023,-0.092,0.217,0.0155,0.0525,0.0632,0.1144,0.0109,0,4,-0.227,1,0.0567,0.0109
20240325,5217.73,5218.25,5225,0.05,5,15.0,1,13.06,13.15,,0.249,-0.019,-0.203,0.046,-0.0622,-0.1305,-0.1278,-0.0823,-0.1775,0,0,-0.159,0,-0.1169,-0.1775
20240327,5245.48,5248.61,5250,0.55,5,265.0,1,13.24,12.66,,0.646,0.395,-0.013,0.632,0.0357,0.0841,0.1602,0.4459,0.5024,1,2,-0.481,1,0.4988,0.5024
20240328,5258.73,5254.34,5265,0.35,5,165.0,1,12.78,13.01,,0.363,0.188,-0.132,0.23,0.0462,-0.0095,-0.0544,-0.0633,0.0618,0,3,0.427,0,0.1291,0.0618
20240402,5206.17,5205.88,5210,0.45,5,215.0,1,13.65,14.66,,0.467,0.053,-0.025,0.442,0.0355,0.038,0.0058,0.0863,0.1664,1,1,-0.271,1,0.1664,0.1664
20240403,5209.33,5211.59,5215,0.8,5,390.0,1,14.61,14.29,,0.662,0.363,-0.299,0.363,-0.0244,-0.0027,0.052,0.2116,-0.1282,0,2,0.031,1,-0.21,-0.1282
20240405,5209.15,5204.29,5215,0.5,5,240.0,1,16.35,16.22,,1.259,0.985,-0.241,1.018,0.0866,0.1513,0.1178,0.1996,0.3227,0,4,-1.846,1,-0.2311,0.3227
20240411,5203.24,5198.99,5210,0.15,5,65.0,1,15.8,14.99,,1.411,0.591,-0.159,1.252,0.0202,-0.1286,-0.0833,-0.0657,-0.0352,0,3,-0.141,0,0.6487,-0.0352
20240422,5009.05,5010.61,5015,0.1,5,40.0,1,18.71,16.87,,1.392,0.411,-0.622,0.771,-0.0852,-0.1017,-0.011,-0.2136,-0.3423,0,0,-0.763,0,0.1871,-0.3423
20240423,5069.6,5070.54,5075,0.25,5,115.0,1,16.94,15.84,,0.958,0.831,-0.109,0.849,-0.0006,0.0045,-0.0195,0.0057,-0.0099,0,1,0.467,1,0.0788,-0.0099
20240425,5046.64,5048.41,5050,0.6,5,290.0,1,15.97,16.23,,1.338,0.541,-0.213,1.125,0.0327,0.0351,0.004,-0.1626,0.2632,0,3,-0.259,0,0.272,0.2632
20240426,5100.88,5099.82,5105,0.6,5,290.0,1,15.37,15.01,,0.816,0.356,-0.233,0.582,-0.038,-0.0176,-0.0709,-0.1655,-0.031,0,4,0.568,0,-0.1757,-0.031
20240502,5059.08,5064.22,5065,0.1,5,40.0,1,15.39,14.86,,1.231,0.146,-0.327,0.904,-0.0089,0.0024,-0.0692,-0.2554,-0.2251,0,3,-0.212,0,0.3548,-0.2251
20240503,5127.67,5127.79,5135,0.1,5,40.0,1,14.68,13.61,,0.74,0.139,-0.18,0.559,0.0259,0.0033,-0.0234,-0.0018,-0.0129,0,4,0.295,0,0.1521,-0.0129
20240507,5188.72,5187.69,5195,0.55,5,265.0,1,13.49,13.19,,0.41,0.073,-0.178,0.232,0.0,0.0916,0.0652,0.0912,0.1476,0,1,0.746,1,-0.0833,0.1476
20240508,5188.92,5187.69,5195,0.1,5,40.0,1,13.23,12.96,,0.505,0.398,-0.047,0.458,-0.0275,0.0098,0.0145,0.0256,0.0617,1,2,0.009,1,0.1641,0.0617
20240510,5225.62,5222.67,5230,0.15,5,65.0,1,12.69,12.58,,0.574,0.009,-0.262,0.311,0.0574,0.081,0.045,0.0429,0.1132,0,4,0.483,1,0.1351,0.1132
20240514,5249.18,5246.59,5255,0.1,5,40.0,1,13.6,13.36,,0.617,0.556,-0.002,0.615,0.0522,0.0482,0.0854,0.085,0.1009,1,1,-0.223,1,0.5441,0.1009
20240515,5308.11,5308.18,5315,0.05,5,15.0,1,13.42,12.43,,0.848,0.84,-0.008,0.84,0.0364,0.0475,0.0558,0.08,0.1277,1,2,0.488,1,0.1943,0.1277
20240520,5305.52,5308.19,5310,0.6,5,290.0,1,11.99,12.2,,0.432,0.038,-0.339,0.093,0.0275,-0.0177,-0.0695,-0.0695,-0.0473,0,0,0.004,0,-0.271,-0.0473
20240524,5300.66,5304.71,5305,0.25,5,115.0,1,12.77,11.97,,0.63,0.386,-0.186,0.443,0.0287,0.0268,-0.0121,0.0402,0.0166,0,4,-1.356,0,-0.039,0.0166
20240531,5269.88,5277.8,5275,0.35,5,-1235.0,0,14.47,13.36,,1.476,0.439,-0.054,1.422,0.1613,0.356,0.5537,0.6129,0.8738,0,4,-0.462,1,1.1696,0.8738
20240604,5289.54,5291.32,5295,0.7,5,340.0,1,13.11,13.24,,0.78,0.239,-0.151,0.629,0.0051,0.0617,0.1332,0.1139,-0.1101,0,1,-0.259,1,0.3585,-0.1101
20240607,5349.48,5347.01,5355,0.15,5,65.0,1,12.58,12.22,,0.819,0.084,-0.502,0.317,-0.0213,-0.0267,-0.0693,0.0028,-0.2004,0,4,-0.09,0,-0.3878,-0.2004
20240610,5357.91,5360.9,5365,0.3,5,140.0,1,12.22,12.73,,0.642,0.333,-0.127,0.514,0.0683,0.0549,-0.0069,-0.0282,0.0293,0,0,0.06,0,0.125,0.0293
20240612,5428.18,5420.96,5435,0.25,5,115.0,1,12.85,12.05,,0.705,0.266,-0.438,0.266,0.0692,0.1901,0.1159,-0.0077,-0.044,0,2,0.418,0,-0.2101,-0.044
20240614,5425.43,5431.64,5430,0.25,5,-705.0,0,11.94,12.54,,0.482,0.014,-0.093,0.389,-0.0122,0.0002,-0.0551,-0.0648,-0.0376,0,4,-0.152,0,0.0332,-0.0376
20240617,5473.81,5473.3,5480,0.5,5,240.0,1,12.66,12.7,,1.254,0.825,-0.231,1.023,-0.0099,-0.1102,-0.175,-0.209,-0.0704,0,0,0.139,0,0.289,-0.0704
20240621,5468.63,5464.72,5475,0.5,5,240.0,1,13.28,13.19,,0.481,0.065,-0.146,0.335,0.1301,0.0845,0.0792,0.0719,0.1318,0,4,-0.487,1,0.0488,0.1318
20240625,5467.28,5469.36,5475,0.05,5,15.0,1,13.33,12.93,,0.482,0.121,-0.101,0.381,0.0223,0.0038,-0.0406,-0.0428,0.0842,0,1,-0.215,0,0.3377,0.0842
20240627,5478.76,5482.93,5485,0.05,5,15.0,1,12.55,12.29,,0.425,-0.003,-0.318,0.107,-0.0964,-0.0869,-0.0944,-0.0677,-0.0426,0,3,0.314,1,-0.1079,-0.0426
20240701,5476.84,5475.1,5480,0.4,5,190.0,1,12.44,12.17,,0.604,0.09,-0.065,0.539,0.0689,0.1571,0.1395,0.2097,0.1522,0,0,-0.506,1,0.1091,0.1522
20240702,5504.41,5509.04,5510,0.05,5,15.0,1,12.22,11.97,,0.846,0.781,-0.003,0.843,0.0516,0.0562,0.0667,0.0878,0.0893,1,1,0.073,1,0.4449,0.0893
20240705,5569.81,5567.19,5575,0.1,5,40.0,1,12.09,12.3,,0.699,0.567,-0.018,0.681,-0.0027,0.0296,0.0579,0.0877,0.1127,1,4,-100.0,1,0.2545,0.1127
20240710,5632.3,5633.86,5640,0.05,5,15.0,1,12.51,12.81,,0.838,0.742,-0.011,0.828,0.0695,0.1698,0.1652,0.2456,0.2601,1,2,-0.129,1,0.3674,0.2601
20240712,5618.71,5615.39,5625,0.95,6,558.0,1,12.92,12.59,,1.165,0.568,-0.591,0.574,0.1853,-0.0542,-0.1282,-0.4361,-0.4691,0,4,-0.901,0,-0.2204,-0.4691
20240716,5667.87,5667.21,5675,0.15,5,65.0,1,13.12,13.17,,0.516,0.415,-0.011,0.505,0.0399,0.1245,0.0692,0.1495,0.1192,1,1,-0.123,1,0.2657,0.1192
20240722,5564.78,5564.44,5570,0.35,5,165.0,1,16.52,14.85,,0.745,0.341,-0.124,0.621,-0.0413,-0.0727,-0.0837,-0.0253,-0.0916,0,0,-0.691,1,0.1752,-0.0916
20240726,5447.47,5459.1,5455,0.6,5,-1760.0,0,18.46,16.49,,1.06,0.256,-0.75,0.31,-0.1792,-0.2282,-0.1693,-0.2693,-0.1126,0,4,-0.542,0,-0.6936,-0.1126
20240731,5526.59,5522.28,5530,0.95,6,558.0,1,17.69,16.21,,1.049,0.359,-0.475,0.574,-0.1527,-0.1958,-0.0693,0.071,-0.3384,0,2,-0.772,0,0.1045,-0.3384
20240805,5175.26,5186.48,5180,0.85,6,-2502.0,0,23.39,38.51,,2.555,0.41,-1.526,1.029,-0.0715,0.0497,-0.0672,-0.052,-0.0381,0,0,-0.56,0,-0.654,-0.0381
20240806,5245.57,5239.85,5250,1.4,6,828.0,1,38.57,26.18,,2.281,0.809,-1.225,1.056,-0.359,-0.4993,-0.6163,-0.774,-1.1353,0,1,0.686,0,-0.7991,-1.1353
20240808,5310.61,5319.3,5315,1.7,7,-1834.0,0,27.85,24.0,,1.793,1.173,-0.264,1.529,-0.0363,-0.0664,0.1053,-0.0585,-0.1107,0,3,-1.767,1,0.374,-0.1107
20240809,5338.58,5344.17,5345,0.5,5,240.0,1,23.79,20.68,,1.088,0.426,-0.402,0.686,-0.0786,-0.1136,-0.1465,-0.0711,0.0968,0,4,1.27,1,0.1623,0.0968
20240813,5429.18,5434.42,5435,0.25,5,115.0,1,20.71,18.21,,1.074,0.931,-0.143,0.931,-0.0076,-0.0291,0.0129,0.016,-0.0149,0,1,-0.14,1,0.0671,-0.0149
20240814,5459.77,5455.11,5465,0.1,5,40.0,1,18.12,16.32,,0.869,0.252,-0.132,0.738,0.1259,0.122,0.1851,0.1711,0.0561,0,2,1.068,1,0.2407,0.0561
20240815,5536.66,5543.21,5540,0.5,5,-1365.0,0,16.19,15.23,,0.82,0.624,-0.196,0.624,-0.0616,-0.1088,-0.1749,-0.138,-0.1225,0,3,0.234,0,0.1074,-0.1225
20240816,5553.23,5554.25,5560,0.05,5,15.0,1,15.23,14.94,,0.666,0.368,-0.201,0.465,0.011,-0.0122,-0.0797,-0.0544,-0.1134,0,4,0.765,0,-0.1692,-0.1134
20240821,5620.5,5620.78,5625,0.15,5,65.0,1,15.88,16.27,,0.734,0.292,-0.236,0.497,0.0629,0.1535,0.1299,0.1784,-0.0181,0,2,-0.103,1,0.1358,-0.0181
20240823,5632.53,5634.61,5640,0.55,5,265.0,1,17.55,15.88,,1.011,0.591,-0.111,0.9,0.1334,0.2464,0.1338,0.0963,0.2551,0,4,-1.19,1,0.6037,0.2551
20240827,5624.0,5625.82,5630,0.15,5,65.0,1,16.15,15.43,,0.673,0.372,-0.133,0.54,-0.0272,-0.0476,-0.0462,-0.0254,-0.0519,0,1,-0.404,0,0.0758,-0.0519
20240830,5646.1,5648.21,5650,0.7,5,340.0,1,15.65,14.8,,1.144,0.551,-0.042,1.102,0.0184,0.3178,0.2973,0.3451,0.5061,1,4,-0.273,1,0.7672,0.5061
20240904,5521.67,5520.01,5525,0.95,6,558.0,1,20.72,20.89,,0.896,0.242,-0.599,0.297,-0.029,0.0373,0.0462,0.1777,0.1088,0,2,-1.688,1,-0.1882,0.1088
20240909,5466.01,5471.07,5470,0.25,5,-420.0,0,22.38,19.86,,0.913,0.391,-0.383,0.53,-0.0033,0.0278,-0.0646,0.1393,0.0857,0,0,-1.794,1,-0.3584,0.0857
20240910,5493.88,5495.54,5500,0.45,5,215.0,1,19.45,19.12,,0.981,0.087,-0.005,0.975,0.0841,0.0772,0.0816,0.0433,0.098,1,1,0.533,1,0.667,0.098
20240911,5551.68,5554.12,5555,0.6,5,290.0,1,19.08,18.07,,2.564,0.935,-0.002,2.562,0.184,0.249,0.1757,0.1392,0.4169,1,2,0.092,1,1.2071,0.4169
20240912,5591.98,5595.79,5595,0.8,5,-5.0,0,17.69,17.1,,1.173,0.585,-0.193,0.981,-0.0368,-0.117,-0.1092,-0.0763,0.0165,0,3,1.05,0,0.2114,0.0165
20240913,5627.77,5626.03,5635,0.2,5,90.0,1,17.07,16.5,,0.618,0.439,-0.148,0.47,0.0373,0.035,0.0622,0.0373,0.1554,0,4,0.689,1,-0.011,0.1554
20240916,5635.09,5633.1,5640,0.15,5,65.0,1,16.56,17.0,,0.544,0.348,-0.005,0.538,0.0357,0.0465,0.0501,0.1514,0.1142,1,0,0.405,1,0.265,0.1142
20240919,5713.28,5713.64,5720,0.6,5,290.0,1,18.23,16.35,,0.827,0.212,-0.33,0.496,0.0441,-0.0689,-0.0883,-0.0942,-0.0886,0,3,-0.415,0,-0.1044,-0.0886
20240923,5718.0,5718.56,5725,0.05,5,15.0,1,16.15,15.82,,0.37,0.116,-0.12,0.251,0.003,0.0549,-0.0091,0.0173,0.0444,0,0,-0.123,1,0.2048,0.0444
20240930,5760.21,5762.4,5765,0.55,5,265.0,1,16.96,16.67,,0.948,0.52,-0.026,0.922,0.0643,0.2354,0.3453,0.49,0.4343,1,0,-0.3,1,0.3333,0.4343
20241002,5710.91,5709.55,5715,0.7,5,340.0,1,19.26,18.94,,0.801,0.233,-0.145,0.656,-0.0352,-0.049,0.0289,-0.0147,0.034,0,2,-0.851,1,0.1543,0.034
20241004,5749.03,5751.07,5755,0.2,5,90.0,1,20.49,18.67,,0.804,0.199,-0.001,0.803,0.0599,0.0846,0.0538,0.1662,0.2899,1,4,0.031,1,0.3277,0.2899
20241008,5754.17,5751.15,5760,0.45,5,215.0,1,22.64,21.22,,0.753,0.645,-0.028,0.725,0.0341,0.0382,0.0047,0.1205,0.1592,1,1,-0.729,1,0.2864,0.1592
20241009,5794.41,5792.04,5800,0.6,5,290.0,1,21.42,20.81,,0.9,0.764,-0.018,0.882,0.0316,0.1192,0.0884,0.1557,0.2281,1,2,0.56,1,0.3025,0.2281
20241010,5781.6,5780.03,5785,0.65,5,315.0,1,20.86,20.88,,0.524,0.068,-0.22,0.304,0.0675,0.1219,0.1332,0.1781,0.1774,0,3,0.7,1,0.0111,0.1774
20241011,5817.55,5815.04,5825,0.1,5,40.0,1,20.93,20.4,,0.815,0.747,-0.067,0.747,-0.0246,-0.035,-0.0107,-0.0466,0.0604,0,4,0.029,1,0.1587,0.0604
20241014,5864.98,5859.96,5870,0.3,5,140.0,1,20.46,19.84,,0.718,0.583,-0.13,0.587,-0.0298,-0.0278,-0.0544,0.0051,0.0101,0,0,0.692,1,0.1038,0.0101
20241016,5841.55,5842.46,5845,0.5,5,240.0,1,20.64,19.61,,0.656,0.434,-0.08,0.576,-0.0243,0.0034,-0.0245,0.011,-0.0195,0,2,-0.877,0,0.1619,-0.0195
20241018,5864.11,5864.69,5870,0.1,5,40.0,1,19.11,18.22,,0.445,0.083,-0.135,0.31,0.0607,0.0609,0.0343,0.0348,-0.0578,0,4,-0.582,0,-0.0486,-0.0578
20241022,5857.95,5851.21,5865,0.05,5,15.0,1,18.37,18.12,,0.718,0.45,-0.07,0.647,0.0558,0.0418,0.0695,0.0825,0.136,0,1,-0.065,1,0.2579,0.136
20241029,5835.81,5833.09,5840,0.5,5,240.0,1,19.8,19.54,,0.774,0.289,-0.184,0.59,-0.0594,-0.121,-0.1051,-0.1425,-0.1024,0,1,-0.177,0,-0.0469,-0.1024
20241101,5731.02,5728.88,5735,0.7,5,340.0,1,23.16,22.25,,0.861,0.137,-0.724,0.137,0.0969,-0.0453,-0.0589,-0.1749,-0.1213,0,4,-1.212,0,-0.3029,-0.1213
20241105,5778.29,5782.85,5785,0.1,5,40.0,1,21.98,20.76,,1.026,0.94,-0.081,0.945,0.0421,0.0955,0.0324,0.0962,0.1816,0,1,-0.217,1,0.0038,0.1816
20241106,5928.99,5928.91,5935,0.25,5,115.0,1,20.49,16.49,,1.215,1.054,-0.161,1.054,-0.091,-0.057,0.0015,-0.055,0.113,0,2,1.056,1,0.2943,0.113
20241107,5971.18,5973.11,5975,0.85,6,498.0,1,16.27,15.26,,0.616,0.415,-0.2,0.415,-0.0368,-0.1181,-0.0937,-0.162,0.0054,0,3,1.092,0,0.0074,0.0054
20241108,5994.58,5995.6,6000,0.4,5,190.0,1,15.2,15.13,,0.597,0.327,-0.27,0.327,0.0252,0.023,0.0038,-0.1079,-0.1844,0,4,0.435,0,-0.0027,-0.1844
20241118,5891.07,5893.63,5895,0.1,5,40.0,1,16.14,15.59,,0.718,0.252,-0.326,0.392,-0.0451,-0.0808,-0.0726,-0.1219,-0.0708,0,0,-0.713,0,-0.176,-0.0708
20241119,5915.31,5916.97,5920,0.1,5,40.0,1,15.58,16.02,,1.162,0.718,-0.192,0.97,-0.0977,-0.0052,-0.0005,0.0166,-0.0002,0,1,0.331,1,0.1567,-0.0002
20241120,5918.52,5917.21,5925,0.1,5,40.0,1,16.35,17.25,,1.016,0.017,-0.09,0.927,-0.0676,0.1144,0.0325,0.3401,0.459,0,2,0.799,1,0.4962,0.459
20241121,5951.03,5948.7,5955,0.85,6,498.0,1,17.16,16.84,,1.28,0.198,-0.185,1.096,0.0005,-0.038,-0.0532,-0.1272,-0.0616,0,3,0.049,0,0.0319,-0.0616
20241122,5969.99,5969.27,5975,0.2,5,90.0,1,16.87,15.43,,0.48,0.427,-0.053,0.427,0.0637,0.1397,0.1465,0.1582,0.0387,0,4,0.137,1,0.0137,0.0387
20241202,6046.79,6047.13,6050,0.2,5,90.0,1,14.1,13.44,,0.302,0.111,-0.112,0.19,0.0045,-0.0162,-0.0628,-0.0818,-0.0126,0,0,-0.254,0,0.022,-0.0126
20241203,6050.67,6049.88,6055,0.1,5,40.0,1,13.34,13.3,,0.309,0.137,-0.013,0.296,0.0017,0.0748,0.0503,0.018,-0.0069,1,1,0.116,1,0.0862,-0.0069
20241204,6085.69,6086.49,6090,0.2,5,90.0,1,13.3,13.51,,0.474,0.281,-0.056,0.419,-0.0258,-0.0069,-0.0084,0.0464,0.1242,0,2,0.114,1,0.2147,0.1242
20241220,5927.05,5931.01,5935,1.15,6,678.0,1,24.09,18.42,,2.564,1.53,-0.868,1.696,-0.0556,-0.1989,-0.1992,-0.2714,-0.3334,0,4,-0.772,0,-0.6367,-0.3334
20241230,5921.21,5906.93,5925,0.85,6,498.0,1,15.95,16.84,,1.21,0.007,-0.332,0.877,-0.0916,-0.0446,-0.0292,-0.1514,-0.1964,0,0,-0.588,0,-0.1258,-0.1964
20250103,5941.06,5942.48,5945,0.15,5,65.0,1,17.93,16.36,,1.03,0.78,-0.209,0.821,0.0248,-0.0298,-0.0519,-0.0739,-0.1136,0,4,-0.588,0,0.1364,-0.1136
20250108,5919.42,5918.22,5925,0.2,5,90.0,1,17.82,17.51,,0.899,0.109,-0.182,0.716,0.0063,0.0869,0.1447,0.1027,0.1666,0,2,-1.405,1,0.3563,0.1666
20250113,5836.4,5836.25,5840,0.15,5,65.0,1,19.54,19.29,,1.039,0.875,-0.013,1.026,0.0316,0.1363,0.1459,0.1809,0.1437,1,0,-1.075,1,0.3294,0.1437
20250115,5949.59,5949.9,5955,0.5,5,240.0,1,18.71,16.17,,0.938,0.76,-0.178,0.76,-0.0329,-0.1105,-0.0742,-0.17,-0.0673,0,2,-0.279,0,0.3077,-0.0673
20250117,5999.09,5996.71,6005,1.1,6,648.0,1,16.6,15.96,,0.609,0.128,-0.198,0.411,0.0377,-0.0093,-0.035,-0.0097,0.0133,0,4,-0.441,0,-0.0887,0.0133
20250121,6049.45,6049.29,6055,0.05,5,15.0,1,15.97,15.02,,0.742,0.592,-0.03,0.712,0.0265,0.07,0.0294,0.0698,0.1306,1,1,0.022,1,0.0681,0.1306
20250127,6004.52,6012.31,6010,0.15,5,-1090.0,0,14.85,18.08,,0.909,0.511,-0.295,0.614,-0.0423,-0.0583,0.0472,0.0158,0.2146,0,0,-0.33,1,0.3018,0.2146
20250128,6070.99,6067.71,6075,0.45,5,215.0,1,17.9,16.39,,1.326,0.741,-0.049,1.277,0.0747,-0.0066,0.0303,0.0041,-0.0342,1,1,0.725,0,0.1919,-0.0342
20250130,6073.46,6071.18,6080,0.15,5,65.0,1,16.56,15.85,,0.978,0.313,-0.28,0.698,0.1283,0.351,0.3241,-0.2709,-0.0713,0,3,-0.304,0,0.2545,-0.0713
20250203,5998.71,5994.63,6005,1.15,6,678.0,1,16.43,18.33,,1.645,0.538,-0.341,1.304,-0.0273,-0.0163,-0.0679,-0.1469,-0.2932,0,0,-0.924,0,0.2631,-0.2932
20250204,6038.49,6037.85,6045,0.2,5,90.0,1,18.62,16.85,,0.86,0.677,-0.062,0.798,0.0731,0.0645,0.0118,0.0983,0.0015,0,1,0.418,1,0.1619,0.0015
20250211,6066.05,6068.51,6070,0.5,5,240.0,1,15.81,16.05,,0.561,0.274,-0.172,0.389,-0.0079,-0.0252,-0.0234,-0.0582,-0.1358,0,1,0.332,0,0.1805,-0.1358
20250212,6051.39,6051.94,6055,0.05,5,15.0,1,16.02,15.92,,0.996,0.374,-0.256,0.74,0.0179,0.0271,-0.0582,-0.1044,-0.1768,0,2,0.317,0,-0.2507,-0.1768
20250214,6116.52,6114.59,6120,0.7,5,340.0,1,15.1,14.81,,0.325,0.035,-0.16,0.164,0.0443,0.0648,0.0299,0.0301,0.0124,0,4,0.899,0,0.028,0.0124
20250219,6142.77,6144.1,6150,0.05,5,15.0,1,15.35,15.21,,0.593,0.366,-0.119,0.474,-0.0197,0.021,-0.0295,-0.036,-0.0942,0,2,0.13,0,0.1409,-0.0942
20250228,5947.88,5954.41,5955,0.25,5,115.0,1,21.13,20.04,,1.727,1.396,-0.005,1.722,0.2158,0.4593,0.4841,0.6769,0.8065,1,4,-2.009,1,1.4282,0.8065
20250305,5847.14,5842.52,5855,0.85,6,498.0,1,23.51,22.22,,2.045,1.152,-0.219,1.826,0.2859,0.0611,0.0174,0.0166,-0.0513,0,2,-0.582,0,0.5077,-0.0513
20250307,5777.4,5770.2,5785,0.6,5,290.0,1,24.87,23.56,,2.03,0.843,-0.144,1.886,0.2055,0.2735,0.5258,0.1476,0.1872,0,4,-0.819,0,1.0527,0.1872
20250314,5641.83,5638.94,5645,0.7,5,340.0,1,24.66,21.63,,1.418,1.397,-0.022,1.397,0.2018,0.2898,0.2955,0.2142,0.331,1,4,-1.304,1,0.216,0.331
20250317,5681.27,5675.13,5685,2.05,8,1624.0,1,21.77,20.4,,1.285,0.911,-0.294,0.991,-0.0506,-0.148,-0.1184,-0.1221,-0.2865,0,0,1.35,0,0.6793,-0.2865
20250319,5675.02,5675.35,5680,2.15,8,1704.0,1,21.7,19.9,,1.653,0.875,-0.598,1.056,0.0401,-0.2824,-0.1895,-0.1104,-0.0646,0,2,-0.705,0,0.4313,-0.0646
20250320,5668.23,5662.9,5675,0.1,5,40.0,1,19.9,19.93,,1.396,0.297,-0.84,0.555,-0.0339,-0.0327,0.0422,0.0903,0.0318,0,3,0.763,1,-0.0316,0.0318
20250321,5663.02,5667.35,5670,0.15,5,65.0,1,19.8,19.54,,1.039,0.491,-0.058,0.982,0.0893,0.2063,0.293,0.2672,0.1373,0,4,0.283,1,0.058,0.1373
20250324,5769.65,5767.56,5775,1.05,6,618.0,1,19.28,17.65,,0.986,0.965,-0.021,0.965,0.0702,0.1369,0.1789,0.1653,0.2699,1,0,0.65,1,0.3264,0.2699
20250325,5775.81,5776.62,5780,0.45,5,215.0,1,17.48,17.11,,0.459,-0.007,-0.198,0.262,0.036,0.0632,0.0974,0.1611,0.1981,0,1,0.865,1,0.0383,0.1981
20250327,5700.09,5693.3,5705,0.65,5,315.0,1,18.33,18.51,,1.077,0.089,-0.554,0.523,-0.0691,-0.1891,-0.1637,-0.3163,-0.0826,0,3,-1.031,0,0.1984,-0.0826
20250331,5615.61,5611.91,5620,0.9,6,528.0,1,21.65,21.97,,2.511,1.598,-0.205,2.307,-0.0593,-0.0331,0.0579,0.2147,0.3741,0,0,-1.73,1,1.1292,0.3741
20250401,5628.97,5633.08,5635,1.0,6,588.0,1,22.28,21.95,,1.644,0.626,-0.322,1.323,0.1255,0.1502,0.2636,0.3901,0.6701,0,1,1.52,1,0.0119,0.6701
20250402,5676.37,5670.87,5680,0.6,5,290.0,1,21.77,21.4,,2.219,1.649,-0.404,1.815,0.0171,0.0009,0.1301,0.5158,0.4487,0,2,0.635,1,-0.1419,0.4487
20250407,5061.74,5062.18,5065,0.15,5,65.0,1,45.31,48.58,,105.91,1.952,-3.958,101.952,0.4297,0.2581,-0.0178,0.3302,0.0695,0,0,-4.121,0,0.2969,0.0695
20250411,5367.58,5363.36,5375,0.4,5,190.0,1,40.72,37.04,,3.058,2.115,-0.28,2.777,-0.0199,0.0843,0.0723,-0.0471,0.2913,0,4,-1.594,1,0.688,0.2913
20250422,5281.21,5287.72,5285,1.25,6,-894.0,0,33.82,30.62,,1.957,1.48,-0.478,1.48,0.0615,0.0178,0.4495,0.3065,-0.0651,0,1,-1.428,1,-0.1842,-0.0651
20250424,5486.05,5484.8,5490,1.25,6,738.0,1,28.45,26.54,,2.182,1.976,-0.031,2.151,0.0724,0.1137,0.1751,0.2618,0.1148,1,3,-0.373,1,0.3805,0.1148
20250425,5523.4,5525.21,5530,0.35,5,165.0,1,26.47,25.2,,1.316,0.628,-0.071,1.245,0.0989,0.2068,0.2825,0.0717,0.0888,0,4,1.922,1,0.2624,0.0888
20250428,5536.89,5528.71,5540,0.9,6,528.0,1,24.84,24.81,,1.538,0.144,-0.298,1.24,0.0168,0.1704,0.2431,0.2442,0.5857,0,0,0.646,1,0.9624,0.5857
20250429,5561.31,5560.74,5565,1.45,7,1001.0,1,25.15,24.27,,1.203,1.035,-0.11,1.092,-0.0207,0.1308,0.0939,0.0539,0.0155,0,1,-0.009,1,0.706,0.0155
20250430,5577.3,5568.92,5585,0.45,5,215.0,1,24.17,24.76,,2.567,1.254,-0.109,2.458,0.1731,0.6178,0.9048,0.9322,0.8538,0,2,0.942,1,0.9758,0.8538
20250502,5683.58,5686.63,5690,1.45,7,1001.0,1,24.6,22.63,,1.035,0.768,-0.203,0.832,0.0566,0.0431,-0.0882,-0.0948,-0.03,0,4,-0.374,0,-0.0459,-0.03
20250506,5615.39,5606.84,5620,0.95,6,558.0,1,23.64,24.52,,1.133,0.204,-0.576,0.557,-0.0443,-0.225,-0.1243,-0.0747,-0.1214,0,1,-0.084,0,0.1212,-0.1214
20250507,5629.34,5631.19,5635,0.1,5,40.0,1,24.76,24.26,,1.355,0.176,-0.546,0.809,0.2281,-0.3402,0.3179,0.3241,0.246,0,2,0.017,1,-0.1034,0.246
20250508,5665.59,5664.12,5670,1.85,7,1281.0,1,23.55,22.57,,1.496,0.143,-0.854,0.641,-0.08,-0.271,-0.3997,-0.6631,-0.5567,0,3,0.303,0,-0.7932,-0.5567
20250513,5888.51,5886.55,5895,0.55,5,265.0,1,18.39,18.0,,1.053,0.603,-0.293,0.759,-0.1522,-0.1991,-0.2471,-0.1967,-0.1047,0,1,0.637,0,-0.0867,-0.1047
20250514,5894.8,5892.58,5900,0.45,5,215.0,1,18.22,18.43,,0.584,-0.051,-0.217,0.367,0.0234,0.1836,0.1805,0.17,0.0511,0,2,0.553,1,0.0723,0.0511
20250515,5908.37,5916.93,5915,0.4,5,-775.0,0,18.62,17.95,,1.006,0.651,-0.275,0.731,-0.1376,0.0295,-0.0105,0.0808,-0.0475,0,3,-0.071,1,-0.1357,-0.0475
20250516,5953.94,5958.38,5960,0.25,5,115.0,1,17.83,17.24,,0.84,0.419,-0.054,0.785,0.0089,0.1083,0.0894,0.0232,0.005,0,4,0.803,1,0.2999,0.005
20250519,5959.54,5963.59,5965,0.05,5,15.0,1,17.24,18.07,,1.235,0.949,-0.164,1.071,-0.0052,0.1063,0.1215,0.1797,0.0332,0,0,0.494,1,0.0012,0.0332
20250522,5845.11,5842.01,5850,2.45,9,2187.0,1,20.87,19.93,,0.895,0.213,-0.417,0.478,-0.1363,-0.0899,-0.2386,-0.3296,-0.285,0,3,-1.11,0,0.15,-0.285
20250523,5799.08,5802.83,5805,1.05,6,618.0,1,20.28,22.3,,1.074,0.349,-0.475,0.599,-0.0957,-0.2393,-0.2757,-0.1674,-0.3488,0,4,0.013,0,-0.0155,-0.3488
20250530,5917.12,5911.62,5925,0.15,5,65.0,1,19.18,18.73,,1.328,0.058,-0.254,1.075,-0.1918,-0.0156,-0.0572,-0.1616,0.1946,0,4,-0.467,1,0.9179,0.1946
20250602,5930.29,5936.03,5935,0.25,5,-400.0,0,18.57,18.53,,1.281,0.553,-0.13,1.151,-0.0453,-0.0073,0.0019,-0.0809,0.0162,0,0,0.135,1,0.3028,0.0162
20250606,6003.66,6000.32,6010,0.55,5,265.0,1,18.48,16.91,,0.639,0.32,-0.178,0.46,0.0688,0.0295,0.0666,0.0201,-0.0423,0,4,-0.775,0,0.3192,-0.0423
20250609,6010.26,6005.88,6015,0.1,5,40.0,1,16.77,16.97,,0.452,0.061,-0.217,0.235,-0.0704,-0.0361,-0.0728,-0.079,-0.1658,0,0,0.221,0,-0.1046,-0.1658
20250610,6035.99,6038.81,6040,0.1,5,40.0,1,17.16,16.89,,0.711,0.378,-0.173,0.538,0.0239,0.0501,0.032,-0.0572,0.066,0,1,0.021,0,0.0428,0.066
20250623,6023.98,6025.19,6030,0.1,5,40.0,1,20.62,19.95,,1.382,0.884,-0.055,1.327,0.0555,0.1317,0.1249,0.1322,0.2924,0,0,-0.531,1,1.0365,0.2924
20250624,6094.54,6092.23,6100,0.25,5,115.0,1,19.83,17.54,,0.701,0.54,-0.129,0.572,-0.0556,-0.0782,-0.098,-0.0836,-0.0074,0,1,0.93,0,0.0581,-0.0074
20250626,6143.0,6141.02,6150,0.05,5,15.0,1,16.76,16.42,,0.625,0.497,-0.049,0.576,-0.0127,0.0761,0.0728,0.0254,0.1051,1,3,-0.197,1,0.1956,0.1051
20250627,6169.94,6173.07,6175,0.05,5,15.0,1,16.59,16.47,,0.9,0.253,-0.348,0.552,0.1023,0.1668,0.1828,0.2574,0.5467,0,4,0.473,1,-0.2533,0.5467
20250630,6209.13,6204.94,6215,1.55,7,1071.0,1,16.32,16.6,,0.648,0.336,-0.014,0.633,0.0615,0.198,0.2019,0.203,0.4351,1,0,0.364,1,0.3871,0.4351
20250701,6202.16,6198.05,6210,0.1,5,40.0,1,16.73,16.67,,0.53,0.246,-0.135,0.395,-0.0245,-0.0369,0.031,-0.0243,-0.0622,0,1,0.187,1,0.114,-0.0622
20250702,6226.62,6227.41,6230,0.15,5,65.0,1,16.83,16.65,,0.604,0.502,-0.012,0.592,0.0485,0.0661,0.073,0.0429,0.0622,1,2,0.175,1,0.1119,0.0622
20250710,6277.93,6280.38,6285,0.05,5,15.0,1,15.94,15.77,,0.619,0.157,-0.216,0.402,-0.0645,-0.1475,-0.1621,-0.1368,-0.1025,0,3,0.321,0,-0.0239,-0.1025
20250711,6261.68,6259.75,6265,0.25,5,115.0,1,15.78,16.23,,0.509,0.072,-0.148,0.361,-0.007,-0.0651,-0.0851,-0.1058,-0.1017,0,4,0.217,0,-0.0626,-0.1017
20250716,6264.96,6263.69,6270,0.05,5,15.0,1,17.38,17.12,,1.064,0.137,-0.081,0.983,0.0096,-0.0402,-0.0646,0.0246,0.0222,0,2,-0.82,1,0.1852,0.0222
20250717,6300.69,6297.5,6305,0.2,5,90.0,1,17.16,16.68,,0.677,0.595,-0.064,0.613,0.0373,0.024,-0.0149,-0.0087,-0.0008,0,3,0.147,0,0.1739,-0.0008
20250721,6307.01,6305.6,6315,0.05,5,15.0,1,16.41,16.72,,0.497,0.057,-0.44,0.057,-0.017,0.0002,-0.0991,-0.1339,-0.2804,0,0,-0.256,0,-0.41,-0.2804
20250723,6355.62,6358.99,6360,0.05,5,15.0,1,16.5,15.5,,0.637,0.443,-0.045,0.592,0.0238,0.062,0.0453,0.0249,0.0244,1,2,0.047,1,0.2559,0.0244
20250724,6368.92,6363.39,6375,0.15,5,65.0,1,15.37,15.39,,0.326,0.017,-0.182,0.144,0.0204,0.0253,-0.0272,-0.104,-0.0334,0,3,0.507,0,0.0154,-0.0334
20250725,6387.81,6388.65,6395,0.15,5,65.0,1,15.39,15.06,,0.428,0.296,-0.109,0.319,-0.0477,-0.0671,-0.0871,-0.078,-0.0565,0,4,-0.082,0,0.0091,-0.0565
20250804,6326.24,6329.93,6330,0.6,5,290.0,1,20.38,17.72,,0.893,0.883,-0.01,0.883,0.0465,0.0704,0.0911,0.034,0.136,1,0,-0.784,1,0.0908,0.136
20250806,6343.99,6345.09,6350,0.35,5,165.0,1,17.85,16.77,,0.82,0.601,-0.088,0.731,0.0348,-0.006,-0.0685,-0.0345,-0.0128,0,2,-0.591,0,0.0383,-0.0128
20250808,6387.98,6389.51,6395,0.15,5,65.0,1,16.57,15.6,,0.628,0.531,-0.098,0.531,0.0865,0.0985,0.0417,-0.0497,-0.0397,0,4,-0.538,0,0.0847,-0.0397
20250812,6444.45,6445.82,6450,0.15,5,65.0,1,16.25,14.84,,0.941,0.767,-0.026,0.915,0.0102,0.0658,0.0343,0.0487,0.0578,1,1,-0.253,1,0.1567,0.0578
20250822,6463.57,6466.9,6470,0.5,5,240.0,1,16.6,14.27,,1.477,1.273,-0.204,1.273,-0.0136,0.0334,0.1206,-0.0204,-0.0468,0,4,-0.167,0,0.0271,-0.0468
20250827,6486.06,6481.4,6490,0.05,5,15.0,1,14.62,14.94,,0.452,0.333,-0.05,0.401,-0.0204,-0.0224,-0.0068,0.0495,-0.0122,0,2,0.473,1,0.1436,-0.0122
20250828,6505.94,6501.86,6510,0.7,5,340.0,1,14.85,14.33,,0.635,0.375,0.0,0.635,0.0803,0.0569,0.0633,0.089,0.0855,1,3,0.296,1,0.3007,0.0855
20250902,6414.98,6415.54,6420,0.15,5,65.0,1,15.36,17.61,,0.841,0.187,-0.015,0.826,0.0296,0.0919,0.0871,0.1889,0.3189,1,1,-0.447,1,0.5055,0.3189
20250903,6443.61,6448.28,6450,0.05,5,15.0,1,17.17,16.54,,0.582,-0.06,-0.181,0.4,0.061,0.1152,0.1846,0.2943,0.3144,0,2,0.219,1,0.1673,0.3144
20250904,6498.44,6502.08,6505,0.1,5,40.0,1,16.35,15.55,,0.817,0.652,0.0,0.817,0.0775,0.0973,0.0779,0.1012,0.1717,1,3,0.038,1,0.4129,0.1717
20250911,6588.63,6587.45,6595,0.45,5,215.0,1,15.35,14.71,,0.716,0.575,-0.01,0.706,-0.0086,0.0425,0.0349,0.0742,0.0982,1,3,-0.278,1,0.1872,0.0982
20250912,6589.7,6584.29,6595,0.65,5,315.0,1,14.71,14.75,,0.314,0.04,-0.105,0.21,0.0414,0.0786,0.1766,-0.0026,-0.087,0,4,0.504,0,0.0615,-0.087
20250915,6612.0,6615.31,6615,0.45,5,60.0,1,14.76,15.73,,0.266,0.125,-0.119,0.147,0.0495,0.0219,0.0557,0.0384,0.0477,0,0,-0.097,1,0.0402,0.0477
20250917,6602.27,6600.42,6610,0.4,5,190.0,1,16.36,15.86,,1.109,-0.033,-0.329,0.78,-0.0291,0.0403,-0.0153,-0.0736,0.5675,0,2,-0.262,1,0.1663,0.5675
20250918,6631.76,6631.94,6635,2.1,8,1664.0,1,15.72,15.72,,0.678,0.16,-0.292,0.386,0.0636,0.0873,0.0503,0.0059,-0.0741,0,3,-0.067,0,-0.1766,-0.0741
20250919,6668.61,6664.41,6675,0.45,5,215.0,1,15.7,15.56,,0.594,0.342,0.0,0.594,0.0442,0.1186,0.1177,0.116,0.2408,1,4,0.077,1,0.2623,0.2408
20250926,6641.16,6643.7,6645,0.95,6,558.0,1,16.74,15.48,,0.673,0.424,-0.084,0.59,0.0501,0.0511,0.0304,-0.0041,-0.0017,0,4,-0.051,0,0.0771,-0.0017
20250929,6659.23,6661.21,6665,0.05,5,15.0,1,15.29,16.08,,0.493,-0.062,-0.298,0.195,-0.0626,-0.0203,-0.0201,0.0706,-0.0107,0,0,0.428,1,0.0353,-0.0107
20250930,6689.75,6688.43,6695,0.45,5,215.0,1,16.12,16.13,,0.753,0.491,-0.033,0.72,0.0732,0.1574,0.2036,0.1577,0.2807,1,1,-0.006,1,0.5668,0.2807
20251001,6711.8,6711.2,6715,0.7,5,340.0,1,16.28,16.06,,0.934,0.703,-0.101,0.834,-0.045,-0.0115,-0.0624,-0.0201,-0.0572,0,2,0.484,0,0.2671,-0.0572
20251008,6754.45,6753.72,6760,0.05,5,15.0,1,17.24,16.32,,0.558,0.461,-0.011,0.547,0.0154,0.0595,0.0499,0.0176,0.1189,1,2,-0.468,1,0.0569,0.1189
20251013,6656.22,6654.69,6660,0.8,5,390.0,1,21.66,18.94,,0.724,0.541,-0.156,0.568,0.0542,0.0562,0.0358,0.0657,0.1854,0,0,-2.789,1,-0.1026,0.1854
20251014,6640.74,6644.31,6645,1.35,6,798.0,1,19.03,20.77,,1.903,0.608,-0.577,1.326,0.1311,0.197,-0.0972,-0.4957,-0.4569,0,1,0.486,0,-0.3199,-0.4569
20251017,6665.61,6664.01,6670,1.0,6,588.0,1,25.31,21.37,,1.136,0.816,-0.176,0.959,0.0132,-0.0043,-0.0408,-0.1058,0.0055,0,4,-0.896,0,0.4016,0.0055
20251020,6738.31,6735.13,6745,0.1,5,40.0,1,20.78,18.3,,0.812,0.746,-0.065,0.746,-0.0108,0.0122,0.0181,0.0346,0.0315,0,0,0.767,1,0.101,0.0315
20251021,6743.43,6735.3,6750,0.15,5,65.0,1,18.23,17.56,,0.447,0.128,-0.101,0.347,0.0117,0.0484,0.0657,0.0257,0.043,0,1,0.674,1,0.1431,0.043
20251023,6737.67,6738.41,6745,0.15,5,65.0,1,18.6,17.34,,0.737,0.541,-0.143,0.593,0.0344,-0.0626,-0.0506,-0.099,-0.1332,0,3,-0.622,0,0.0313,-0.1332
20251024,6796.26,6791.75,6800,1.05,6,618.0,1,17.3,16.42,,0.517,0.385,-0.132,0.385,-0.0206,-0.0431,-0.052,-0.1128,-0.055,0,4,0.519,0,-0.0487,-0.055
20251027,6875.84,6875.12,6880,0.45,5,215.0,1,16.37,15.85,,0.485,0.46,-0.003,0.482,0.0375,0.1188,0.1213,0.1844,0.1906,1,0,0.291,1,0.2534,0.1906
20251105,6805.69,6796.31,6810,1.2,6,708.0,1,19.0,17.61,,0.985,0.562,-0.325,0.66,-0.0429,-0.1064,-0.1722,-0.1947,-0.2427,0,2,-0.247,0,-0.2179,-0.2427
20251110,6833.62,6832.47,6840,1.4,6,828.0,1,19.08,17.8,,1.043,0.794,-0.031,1.012,0.0575,0.0484,0.043,0.0429,0.0534,1,0,0.487,1,0.346,0.0534
20251111,6848.69,6846.64,6855,0.5,5,240.0,1,17.6,17.26,,0.708,0.529,-0.051,0.657,0.002,0.0147,0.0361,0.0123,-0.0152,0,1,0.694,1,0.1365,-0.0152
20251114,6735.16,6734.11,6740,0.55,5,265.0,1,20.0,20.26,,1.91,0.925,-0.606,1.304,-0.0267,-0.1078,-0.0727,-0.1578,-0.3867,0,4,-1.303,0,-0.2825,-0.3867
20251119,6647.76,6642.2,6655,0.3,5,140.0,1,24.69,23.47,,1.302,0.3,-0.665,0.637,0.0595,0.0269,-0.0678,-0.0286,0.178,0,2,-0.359,1,0.2087,0.178
20251121,6599.37,6602.96,6605,1.55,7,1071.0,1,26.42,23.47,,2.107,0.735,-0.856,1.251,-0.1758,-0.2179,-0.2238,-0.3144,-0.4365,0,4,-2.953,0,-0.1529,-0.4365
20251124,6712.29,6705.08,6720,0.35,5,165.0,1,23.43,20.69,,1.252,1.161,-0.004,1.249,0.1821,0.0745,0.1081,0.159,0.2224,1,0,0.72,1,0.1018,0.2224
20251125,6770.86,6765.88,6775,0.6,5,290.0,1,20.52,18.42,,1.738,1.111,-0.074,1.664,-0.022,0.0797,0.0433,0.1666,0.2609,0,1,1.033,1,0.3407,0.2609
20251126,6816.67,6812.61,6820,0.75,5,365.0,1,18.56,17.14,,0.7,0.343,-0.215,0.485,-0.0664,-0.1564,-0.1118,-0.1572,-0.0888,0,2,1.028,0,-0.1395,-0.0888
20251201,6811.3,6812.66,6815,1.2,6,708.0,1,17.19,17.12,,0.642,0.003,-0.457,0.185,-0.093,-0.1253,-0.1215,-0.0905,-0.0421,0,0,0.281,0,-0.3575,-0.0421
20251202,6830.22,6829.37,6835,0.3,5,140.0,1,17.24,16.46,,0.656,-0.029,-0.331,0.326,-0.1061,-0.1379,-0.1594,-0.1291,-0.1246,0,1,0.005,0,0.1455,-0.1246
20251203,6851.64,6850.0,6855,0.35,5,165.0,1,16.59,16.05,,0.763,0.508,-0.184,0.579,-0.0598,-0.1258,-0.1024,-0.1301,-0.1522,0,2,-0.023,0,-0.0426,-0.1522
20251205,6863.3,6870.4,6870,0.15,5,-135.0,0,15.78,15.47,,0.546,-0.048,-0.477,0.069,0.0259,-0.0789,-0.085,-0.1083,-0.1448,0,4,-0.139,0,-0.1764,-0.1448
20251209,6839.8,6840.52,6845,0.4,5,190.0,1,16.66,16.76,,0.374,-0.015,-0.37,0.004,-0.0898,-0.0793,-0.0806,-0.0796,-0.1396,0,1,-0.417,0,-0.2076,-0.1396
20251210,6890.03,6886.8,6895,1.05,6,618.0,1,16.93,15.7,,1.112,0.856,-0.127,0.985,-0.0157,-0.0634,-0.061,-0.0437,0.1018,0,2,-0.001,1,0.6243,0.1018
20251211,6895.55,6900.99,6900,0.8,5,-105.0,0,15.77,15.0,,1.02,0.526,-0.089,0.932,-0.0516,0.0435,0.0363,-0.0046,-0.0358,0,3,0.78,1,0.1702,-0.0358
20251216,6810.0,6800.21,6815,0.25,5,115.0,1,16.5,16.34,,0.875,0.122,-0.16,0.716,0.0285,0.0141,-0.0019,0.1235,0.2822,0,1,-0.637,1,0.6403,0.2822
20251218,6780.28,6774.76,6785,1.1,6,648.0,1,17.62,16.41,,0.85,0.072,-0.49,0.36,-0.0659,-0.1441,-0.0685,-0.0211,0.2234,0,3,-1.196,1,-0.1327,0.2234
20251219,6831.11,6834.73,6835,1.1,6,648.0,1,16.87,15.04,,0.698,0.613,-0.085,0.613,0.0193,0.0854,0.0353,-0.0121,-0.0518,0,4,-0.049,0,-0.0028,-0.0518
20251222,6876.2,6878.49,6880,0.75,5,365.0,1,14.91,14.14,,0.383,0.192,-0.053,0.33,0.0451,0.0336,0.0035,0.0156,0.0449,0,0,0.62,0,-0.0235,0.0449
20251229,6905.28,6905.75,6910,0.05,5,15.0,1,13.6,14.08,,0.456,0.009,-0.231,0.224,-0.0508,-0.0518,-0.0679,-0.0978,-0.1068,0,0,-0.088,0,0.1073,-0.1068
20251230,6900.89,6896.26,6905,0.1,5,40.0,1,14.2,14.17,,0.287,-0.007,-0.192,0.094,-0.0453,-0.0545,-0.083,-0.0591,-0.0356,0,1,0.031,0,-0.0248,-0.0356
20260105,6897.98,6902.1,6905,0.2,5,90.0,1,14.51,14.93,,0.418,0.098,-0.312,0.107,-0.0733,-0.108,-0.0934,-0.0967,-0.0465,0,0,-0.286,0,-0.1819,-0.0465
20260106,6945.85,6944.82,6950,0.55,5,265.0,1,14.9,14.66,,0.644,0.575,-0.011,0.633,-0.0065,0.0232,0.0102,0.0262,0.0514,1,1,0.144,1,0.1902,0.0514
20260108,6921.8,6921.35,6925,0.6,5,290.0,1,15.38,15.52,,0.462,0.13,-0.119,0.344,0.0368,0.0486,0.0397,0.0691,0.1564,0,3,-0.348,1,-0.0543,0.1564
20260109,6968.78,6966.28,6975,0.15,5,65.0,1,15.45,14.52,,0.876,0.62,-0.11,0.767,-0.0181,-0.0406,-0.0477,-0.0965,-0.0565,0,4,0.105,0,0.0998,-0.0565
20260112,6978.97,6977.32,6985,0.15,5,65.0,1,14.49,15.11,,0.753,0.538,-0.07,0.682,0.0509,0.0438,0.0503,0.0416,-0.0457,0,0,0.555,0,0.1437,-0.0457
20260121,6874.72,6875.63,6880,0.75,5,365.0,1,20.09,17.15,,1.548,0.966,-0.497,1.051,0.0316,-0.0095,-0.0985,-0.0976,-0.3559,0,2,-0.995,0,0.7791,-0.3559
20260123,6914.88,6915.62,6920,0.1,5,40.0,1,15.64,15.71,,0.542,0.092,-0.272,0.271,-0.0389,-0.0127,-0.0278,0.0315,-0.0408,0,4,-0.016,1,0.1548,-0.0408
20260126,6951.13,6950.3,6955,1.05,6,618.0,1,16.09,16.0,,0.622,0.435,-0.164,0.458,-0.0405,-0.1007,-0.0922,-0.0803,-0.0928,0,0,0.112,0,-0.024,-0.0928
20260127,6979.91,6978.56,6985,0.05,5,15.0,1,16.15,16.25,,0.431,0.2,-0.128,0.302,-0.0186,-0.0292,-0.0474,-0.0566,-0.0692,0,1,0.391,0,0.0582,-0.0692
20260202,6977.65,6976.5,6985,0.05,5,15.0,1,17.44,16.57,,1.122,0.863,-0.226,0.896,0.0143,-0.0226,0.0043,-0.0961,-0.1467,0,0,-0.117,0,-0.1633,-0.1467
20260206,6937.06,6932.25,6945,0.95,6,558.0,1,21.77,17.37,,1.88,1.827,-0.053,1.827,0.0306,0.1563,0.2467,0.2846,0.3692,0,4,-0.575,1,0.3915,0.3692
20260209,6965.35,6964.77,6970,0.15,5,65.0,1,17.76,17.3,,1.073,0.687,-0.222,0.851,-0.068,-0.0627,-0.0326,-0.0861,-0.1691,0,0,1.695,0,-0.027,-0.1691
20260217,6840.67,6843.24,6845,0.75,5,365.0,1,20.6,20.24,,1.342,0.322,-0.37,0.972,-0.0253,-0.0625,-0.006,-0.0797,-0.2284,0,1,0.028,0,0.2566,-0.2284
20260218,6887.62,6881.32,6895,0.25,5,115.0,1,20.29,19.34,,0.867,0.482,-0.3,0.567,0.0686,0.1745,0.243,0.4099,0.3303,0,2,0.343,1,-0.2537,0.3303
20260224,6890.4,6890.11,6895,1.5,7,1036.0,1,21.01,19.23,,1.225,0.84,-0.064,1.161,-0.0448,0.0714,0.1489,0.139,0.0865,0,1,-0.92,1,0.054,0.0865
20260225,6949.42,6946.2,6955,0.3,5,140.0,1,19.55,17.97,,0.54,0.51,-0.03,0.51,-0.0007,0.0275,0.0407,0.0439,0.0248,1,2,0.771,1,0.1157,0.0248
20260227,6869.15,6878.88,6875,0.85,6,-1830.0,0,18.63,19.99,,0.669,0.212,-0.095,0.574,0.0065,0.0486,0.1094,-0.033,0.3136,0,4,-0.516,1,0.1676,0.3136
20260302,6885.03,6881.59,6890,0.3,5,140.0,1,19.86,21.3,,1.526,0.854,-0.27,1.257,0.0523,0.0749,0.1133,0.1518,-0.2436,0,0,0.326,0,-0.0754,-0.2436
20260303,6815.14,6816.63,6820,0.6,5,290.0,1,21.44,23.44,,1.906,0.238,-0.347,1.559,0.032,-0.0512,-0.0613,-0.0305,-0.144,0,1,0.839,0,0.3009,-0.144
20260309,6788.12,6795.9,6795,0.3,5,-310.0,0,29.49,25.59,,2.603,1.265,-0.386,2.217,0.0174,-0.0611,-0.1603,0.3014,1.0029,0,0,-0.429,1,0.9242,1.0029
20260319,6608.77,6606.48,6615,0.05,5,15.0,1,25.09,24.41,,1.199,0.342,-0.473,0.726,0.0226,-0.0428,-0.0956,-0.0095,0.3984,0,3,-1.082,0,0.3831,0.3984
20260323,6587.84,6581.04,6595,1.15,6,678.0,1,26.78,25.65,,1.309,0.271,-0.895,0.414,-0.0764,-0.1971,-0.1397,-0.1374,-0.3234,0,0,-1.334,0,0.1332,-0.3234
20260324,6553.24,6556.33,6560,0.35,5,165.0,1,26.15,26.83,,1.078,0.039,-0.627,0.451,-0.0723,-0.1061,-0.1548,-0.3175,-0.313,0,1,0.092,0,-0.3678,-0.313
