entry_date,entry_time,option_type,short_strike,long_strike,width,credit_received,entry_short_bid,entry_short_ask,entry_short_mid,entry_long_bid,entry_long_ask,entry_long_mid,qty,vix_level,strike_distance,opening_put_credit,opening_call_credit,pc_skew_ratio,ema13,ema48,outcome,pnl_earned,peak_pnl,close_date,close_time,win,loss
20220105,14:15:00,PUT,4730,4680,50.0,1.35,1.55,1.65,1.6,0.1,0.2,0.15,1,19.97,28,,,,4763.42,4765.77,PER_POS_SL,-351.99999999999994,35.00000000000001,20220105,14:41:00,0,1
20220110,14:15:00,PUT,4615,4565,50.0,1.25,1.35,1.55,1.45,0.05,0.1,0.075,1,19.4,32,,,,4643.31,4641.91,EXPIRATION,118.0,120.0,20220110,15:59:00,1,0
20220112,14:10:00,PUT,4690,4640,50.0,1.25,1.45,1.6,1.525,0.1,0.2,0.15,1,17.65,28,,,,4718.31,4718.71,EXPIRATION,118.0,120.0,20220112,15:59:00,1,0
20220114,14:00:00,PUT,4600,4550,50.0,1.2,1.3,1.4,1.35,0.05,0.1,0.075,1,19.28,35,,,,4631.29,4629.26,EXPIRATION,112.99999999999999,114.99999999999999,20220114,15:59:00,1,0
20220118,14:00:00,PUT,4555,4505,50.0,1.2000000000000002,1.35,1.5,1.425,0.1,0.15,0.125,1,22.88,33,,,,4584.72,4583.84,EXPIRATION,113.00000000000001,115.00000000000001,20220118,15:59:00,1,0
20220118,14:05:00,PUT,4560,4510,50.0,1.4500000000000002,1.6,1.7,1.65,0.1,0.15,0.125,2,22.88,30,,,,4586.62,4586.24,EXPIRATION,276.0,280.0,20220118,15:59:00,1,0
20220118,14:10:00,PUT,4560,4510,50.0,1.4000000000000001,1.55,1.65,1.6,0.05,0.15,0.1,2,22.88,30,,,,4587.62,4587.17,EXPIRATION,266.0,270.0,20220118,15:59:00,1,0
20220118,14:15:00,PUT,4560,4510,50.0,1.6,1.75,1.85,1.8,0.1,0.15,0.125,2,22.88,28,,,,4588.07,4586.93,EXPIRATION,306.0,310.0,20220118,15:59:00,1,0
20220121,14:00:00,PUT,4380,4320,60.0,1.35,1.6,1.75,1.675,0.2,0.25,0.225,1,29.37,59,,,,4441.61,4442.81,PER_POS_SL,-312.0,60.00000000000001,20220121,15:09:00,0,1
20220124,14:10:00,PUT,4250,4190,60.0,1.25,1.9,2.15,2.025,0.5,0.65,0.575,2,29.76,87,,,,4332.64,4329.81,PER_POS_SL,-343.99999999999994,0.0,20220124,14:14:00,0,1
20220124,14:05:00,PUT,4250,4190,60.0,1.5499999999999998,2.3,2.55,2.425,0.6,0.75,0.675,2,29.76,83,,,,4327.81,4322.48,PER_POS_SL,-324.0,0.0,20220124,14:17:00,0,1
20220124,14:15:00,PUT,4230,4170,60.0,1.2000000000000002,1.85,2.05,1.95,0.55,0.65,0.6,2,29.76,87,,,,4328.05,4326.28,PER_POS_SL,-354.0,0.0,20220124,14:24:00,0,1
20220124,14:20:00,PUT,4230,4170,60.0,1.4000000000000001,2.1,2.3,2.2,0.6,0.7,0.65,2,29.76,89,,,,4321.23,4323.37,PER_POS_SL,-314.0,0.0,20220124,14:24:00,0,1
20220124,14:00:00,PUT,4240,4180,60.0,1.5,2.15,2.3,2.225,0.55,0.65,0.6,1,29.76,91,,,,4318.13,4313.48,PER_POS_SL,-372.0,34.999999999999986,20220124,14:38:00,0,1
20220124,14:25:00,PUT,4210,4150,60.0,1.45,2.25,2.5,2.375,0.65,0.8,0.725,2,29.76,88,,,,4310.39,4314.27,DAILY_LOSS_CAP,-123.99999999999997,69.99999999999997,20220124,14:38:00,0,1
20220124,14:30:00,PUT,4210,4150,60.0,1.25,1.95,2.15,2.05,0.55,0.7,0.625,2,29.76,101,,,,4305.21,4310.45,DAILY_LOSS_CAP,-163.99999999999997,29.999999999999982,20220124,14:38:00,0,1
20220124,14:35:00,PUT,4210,4150,60.0,1.3,1.8,1.95,1.875,0.45,0.5,0.475,2,29.76,85,,,,4303.36,4305.61,DAILY_LOSS_CAP,-153.99999999999994,0.0,20220124,14:38:00,0,1
20220128,14:05:00,PUT,4300,4240,60.0,1.2000000000000002,1.55,1.65,1.6,0.25,0.35,0.3,2,27.33,70,,,,4375.46,4375.28,PER_POS_SL,-304.0,0.0,20220128,14:16:00,0,1
20220128,14:10:00,PUT,4295,4235,60.0,1.2999999999999998,1.65,1.8,1.725,0.25,0.35,0.3,2,27.33,68,,,,4368.99,4370.43,PER_POS_SL,-304.0000000000001,0.0,20220128,14:22:00,0,1
20220128,14:00:00,PUT,4305,4245,60.0,1.2000000000000002,1.55,1.7,1.625,0.25,0.35,0.3,1,27.33,74,,,,4377.47,4376.8,PER_POS_SL,-407.0,2.220446049250313e-14,20220128,14:25:00,0,1
20220128,14:25:00,PUT,4270,4210,60.0,1.4,1.75,1.9,1.825,0.25,0.35,0.3,2,27.33,70,,,,4347.21,4351.19,EXPIRATION,266.0,270.0,20220128,15:59:00,1,0
20220128,14:30:00,PUT,4270,4210,60.0,1.2,1.5,1.65,1.575,0.2,0.3,0.25,2,27.33,66,,,,4342.61,4346.31,EXPIRATION,225.99999999999997,229.99999999999997,20220128,15:59:00,1,0
20220128,14:35:00,PUT,4275,4215,60.0,1.3499999999999999,1.65,1.8,1.725,0.2,0.3,0.25,2,27.33,66,,,,4341.31,4343.05,EXPIRATION,255.99999999999994,259.99999999999994,20220128,15:59:00,1,0
20220128,14:40:00,PUT,4280,4220,60.0,1.3,1.6,1.65,1.625,0.25,0.3,0.275,2,27.33,69,,,,4342.67,4343.01,EXPIRATION,246.0,250.0,20220128,15:59:00,1,0
20220128,14:45:00,PUT,4305,4245,60.0,1.35,1.6,1.75,1.675,0.15,0.25,0.2,2,27.33,53,,,,4349.93,4347.75,EXPIRATION,256.0,260.0,20220128,15:59:00,1,0
20220128,14:50:00,PUT,4315,4255,60.0,1.4,1.65,1.8,1.725,0.15,0.25,0.2,2,27.33,47,,,,4356.1,4352.45,EXPIRATION,266.0,270.0,20220128,15:59:00,1,0
20220128,14:55:00,PUT,4315,4255,60.0,1.35,1.6,1.8,1.7,0.15,0.25,0.2,2,27.33,58,,,,4362.32,4358.38,EXPIRATION,256.0,260.0,20220128,15:59:00,1,0
20220128,15:00:00,PUT,4330,4270,60.0,1.5,1.7,1.85,1.775,0.15,0.2,0.175,2,27.33,47,,,,4368.42,4365.27,EXPIRATION,286.0,290.0,20220128,15:59:00,1,0
20220128,15:05:00,PUT,4330,4270,60.0,1.25,1.45,1.6,1.525,0.1,0.2,0.15,2,27.33,46,,,,4372.61,4370.11,EXPIRATION,236.0,240.0,20220128,15:59:00,1,0
20220128,15:10:00,PUT,4335,4275,60.0,1.2,1.4,1.55,1.475,0.15,0.2,0.175,2,27.33,42,,,,4376.13,4373.62,EXPIRATION,225.99999999999997,229.99999999999997,20220128,15:59:00,1,0
20220131,14:05:00,PUT,4440,4390,50.0,1.3,1.5,1.6,1.55,0.15,0.2,0.175,1,24.98,52,,,,4487.37,4486.83,STOP_LOSS,63.0,90.0,20220131,15:10:00,1,0
20220131,14:10:00,PUT,4450,4400,50.0,1.3,1.5,1.65,1.575,0.1,0.2,0.15,2,24.98,44,,,,4490.76,4489.65,STOP_LOSS,26.00000000000003,120.00000000000001,20220131,15:10:00,1,0
20220131,14:15:00,PUT,4450,4400,50.0,1.35,1.55,1.7,1.625,0.15,0.2,0.175,2,24.98,42,,,,4492.04,4490.93,STOP_LOSS,36.000000000000036,130.00000000000003,20220131,15:10:00,1,0
20220131,14:20:00,PUT,4450,4400,50.0,1.25,1.4,1.45,1.425,0.1,0.15,0.125,2,24.98,43,,,,4493.3,4492.17,STOP_LOSS,16.000000000000018,110.00000000000001,20220131,15:10:00,1,0
20220131,14:25:00,PUT,4455,4405,50.0,1.3,1.45,1.55,1.5,0.1,0.15,0.125,2,24.98,40,,,,4494.16,4493.73,STOP_LOSS,-63.999999999999964,90.00000000000001,20220131,15:10:00,0,1
20220131,14:30:00,PUT,4460,4410,50.0,1.4000000000000001,1.6,1.7,1.65,0.1,0.2,0.15,2,24.98,37,,,,4495.57,4495.14,STOP_LOSS,-154.00000000000006,40.000000000000036,20220131,15:10:00,0,1
20220131,14:35:00,PUT,4460,4410,50.0,1.35,1.55,1.7,1.625,0.1,0.2,0.15,2,24.98,37,,,,4496.06,4495.52,STOP_LOSS,-164.00000000000006,30.00000000000003,20220131,15:10:00,0,1
20220131,14:40:00,PUT,4460,4410,50.0,1.4000000000000001,1.55,1.7,1.625,0.1,0.15,0.125,2,24.98,37,,,,4496.51,4495.85,STOP_LOSS,-154.00000000000006,40.000000000000036,20220131,15:10:00,0,1
20220131,14:45:00,PUT,4460,4410,50.0,1.3,1.45,1.5,1.475,0.1,0.15,0.125,2,24.98,37,,,,4496.58,4496.33,STOP_LOSS,-174.00000000000006,20.000000000000018,20220131,15:10:00,0,1
20220202,14:00:00,PUT,4545,4495,50.0,1.4,1.65,1.75,1.7,0.15,0.25,0.2,1,20.81,32,,,,4576.29,4576.29,EXPIRATION,133.0,135.0,20220202,15:59:00,1,0
20220204,14:00:00,PUT,4480,4430,50.0,1.4,1.7,1.85,1.775,0.2,0.3,0.25,1,23.31,39,,,,4517.58,4517.1,EXPIRATION,133.0,135.0,20220204,15:59:00,1,0
20220207,14:05:00,PUT,4475,4425,50.0,1.3499999999999999,1.45,1.55,1.5,0.05,0.1,0.075,1,22.93,30,,,,4504.46,4504.42,PER_POS_SL,-317.00000000000006,120.0,20220207,15:53:00,0,1
20220209,14:00:00,PUT,4550,4500,50.0,1.2999999999999998,1.4,1.5,1.45,0.05,0.1,0.075,1,20.09,31,,,,4579.7,4579.05,EXPIRATION,122.99999999999997,124.99999999999997,20220209,15:59:00,1,0
20220211,14:00:00,PUT,4335,4275,60.0,1.35,2.1,2.3,2.2,0.6,0.75,0.675,1,28.1,96,,,,4431.75,4434.63,EXPIRATION,128.0,130.0,20220211,15:59:00,1,0
20220214,14:00:00,PUT,4295,4235,60.0,1.3499999999999999,1.9,2.05,1.975,0.45,0.55,0.5,1,28.78,82,,,,4383.46,4386.87,EXPIRATION,127.99999999999997,129.99999999999997,20220214,15:59:00,1,0
20220216,14:00:00,PUT,4375,4325,50.0,1.25,1.85,2.15,2.0,0.25,0.6,0.425,1,24.34,79,,,,4440.65,4439.61,EXPIRATION,118.0,120.0,20220216,15:59:00,1,0
20220216,14:05:00,PUT,4390,4340,50.0,1.2000000000000002,1.55,1.75,1.65,0.3,0.35,0.325,2,24.34,59,,,,4442.84,4441.57,EXPIRATION,226.00000000000003,230.00000000000003,20220216,15:59:00,1,0
20220216,14:10:00,PUT,4405,4355,50.0,1.35,1.75,1.9,1.825,0.3,0.4,0.35,2,24.34,45,,,,4447.01,4445.72,EXPIRATION,256.0,260.0,20220216,15:59:00,1,0
20220216,14:15:00,PUT,4395,4345,50.0,1.2000000000000002,1.55,1.7,1.625,0.25,0.35,0.3,2,24.34,59,,,,4449.36,4447.43,EXPIRATION,226.00000000000003,230.00000000000003,20220216,15:59:00,1,0
20220216,14:20:00,PUT,4410,4360,50.0,1.4,1.75,1.85,1.8,0.25,0.35,0.3,2,24.34,47,,,,4452.34,4452.27,EXPIRATION,266.0,270.0,20220216,15:59:00,1,0
20220216,14:25:00,PUT,4435,4385,50.0,1.25,1.5,1.65,1.575,0.15,0.25,0.2,2,24.34,35,,,,4461.3,4458.56,EXPIRATION,236.0,240.0,20220216,15:59:00,1,0
20220216,14:30:00,PUT,4440,4390,50.0,1.5,1.75,1.9,1.825,0.15,0.25,0.2,2,24.34,36,,,,4467.13,4464.06,EXPIRATION,286.0,290.0,20220216,15:59:00,1,0
20220216,14:35:00,PUT,4445,4395,50.0,1.45,1.65,1.85,1.75,0.1,0.2,0.15,2,24.34,28,,,,4473.14,4469.49,EXPIRATION,276.0,280.0,20220216,15:59:00,1,0
20220216,14:45:00,PUT,4440,4390,50.0,1.4000000000000001,1.6,1.75,1.675,0.1,0.2,0.15,2,24.34,29,,,,4470.91,4470.29,EXPIRATION,266.0,270.0,20220216,15:59:00,1,0
20220218,14:30:00,PUT,4330,4270,60.0,1.2,1.3,1.45,1.375,0.05,0.1,0.075,2,27.97,41,,,,4364.56,4361.4,PER_POS_SL,-314.0,60.00000000000001,20220218,14:41:00,0,1
20220218,14:35:00,PUT,4330,4270,60.0,1.45,1.55,1.65,1.6,0.05,0.1,0.075,2,27.97,42,,,,4369.82,4366.76,PER_POS_SL,-334.0,0.0,20220218,14:48:00,0,1
20220218,14:25:00,PUT,4325,4265,60.0,1.2000000000000002,1.35,1.5,1.425,0.1,0.15,0.125,2,27.97,40,,,,4358.18,4356.68,PER_POS_SL,-324.0,100.00000000000004,20220218,14:50:00,0,1
20220218,15:00:00,PUT,4340,4280,60.0,1.5499999999999998,1.65,1.8,1.725,0.05,0.1,0.075,2,27.97,38,,,,4369.73,4368.17,PER_POS_SL,-344.00000000000006,39.99999999999999,20220218,15:14:00,0,1
20220218,14:55:00,PUT,4335,4275,60.0,1.5,1.6,1.75,1.675,0.05,0.1,0.075,2,27.97,40,,,,4364.72,4365.68,PER_POS_SL,-514.0,100.0,20220218,15:20:00,0,1
20220218,15:05:00,PUT,4335,4275,60.0,1.4,1.5,1.6,1.55,0.05,0.1,0.075,2,27.97,39,,,,4372.71,4371.34,PER_POS_SL,-534.0,29.999999999999982,20220218,15:20:00,0,1
20220218,15:10:00,PUT,4330,4270,60.0,1.2,1.3,1.4,1.35,0.0,0.1,0.05,2,27.97,42,,,,4371.95,4369.79,PER_POS_SL,-454.0,50.0,20220218,15:20:00,0,1
20220218,14:00:00,PUT,4300,4240,60.0,1.45,1.65,1.8,1.725,0.15,0.2,0.175,1,27.97,48,,,,4348.38,4347.08,DAILY_LOSS_CAP,93.0,130.0,20220218,15:20:00,1,0
20220218,14:05:00,PUT,4305,4245,60.0,1.4000000000000001,1.6,1.75,1.675,0.15,0.2,0.175,2,27.97,47,,,,4350.33,4349.04,DAILY_LOSS_CAP,126.00000000000003,240.00000000000003,20220218,15:20:00,1,0
20220218,14:10:00,PUT,4300,4240,60.0,1.3,1.5,1.55,1.525,0.15,0.2,0.175,2,27.97,49,,,,4349.01,4349.05,DAILY_LOSS_CAP,156.0,230.00000000000003,20220218,15:20:00,1,0
20220218,14:15:00,PUT,4305,4245,60.0,1.4000000000000001,1.6,1.75,1.675,0.15,0.2,0.175,2,27.97,46,,,,4349.98,4349.47,DAILY_LOSS_CAP,126.00000000000003,240.00000000000003,20220218,15:20:00,1,0
20220218,14:20:00,PUT,4315,4255,60.0,1.2000000000000002,1.35,1.5,1.425,0.1,0.15,0.125,2,27.97,43,,,,4353.14,4352.46,DAILY_LOSS_CAP,-33.999999999999986,170.00000000000003,20220218,15:20:00,0,1
20220218,14:40:00,PUT,4320,4260,60.0,1.5,1.6,1.7,1.65,0.05,0.1,0.075,2,27.97,43,,,,4368.81,4367.49,DAILY_LOSS_CAP,-54.0,220.00000000000003,20220218,15:20:00,0,1
20220218,14:45:00,PUT,4315,4255,60.0,1.2,1.3,1.4,1.35,0.05,0.1,0.075,2,27.97,49,,,,4367.32,4366.82,DAILY_LOSS_CAP,-34.00000000000003,170.0,20220218,15:20:00,0,1
20220218,14:50:00,PUT,4315,4255,60.0,1.5499999999999998,1.65,1.8,1.725,0.05,0.1,0.075,2,27.97,44,,,,4363.24,4364.95,DAILY_LOSS_CAP,35.99999999999994,239.99999999999994,20220218,15:20:00,1,0
20220222,14:00:00,PUT,4225,4165,60.0,1.3499999999999999,1.65,1.75,1.7,0.2,0.3,0.25,1,29.13,53,,,,4280.44,4282.62,EXPIRATION,127.99999999999997,129.99999999999997,20220222,15:59:00,1,0
20220225,14:00:00,PUT,4315,4255,60.0,1.2999999999999998,1.65,1.8,1.725,0.25,0.35,0.3,1,27.61,56,,,,4376.06,4376.55,EXPIRATION,122.99999999999997,124.99999999999997,20220225,15:59:00,1,0
20220228,14:00:00,PUT,4290,4230,60.0,1.35,1.7,1.85,1.775,0.25,0.35,0.3,1,29.94,58,,,,4350.63,4350.31,PER_POS_SL,-317.0,0.0,20220228,14:05:00,0,1
20220318,14:00:00,PUT,4410,4360,50.0,1.35,1.55,1.65,1.6,0.15,0.2,0.175,1,24.1,28,,,,4437.89,4437.79,EXPIRATION,128.0,130.0,20220318,15:59:00,1,0
20220321,14:00:00,PUT,4410,4360,50.0,1.5,1.65,1.8,1.725,0.1,0.15,0.125,1,23.71,30,,,,4439.06,4438.78,EXPIRATION,143.0,145.0,20220321,15:59:00,1,0
20220406,14:05:00,PUT,4450,4400,50.0,1.4,1.65,1.9,1.775,0.15,0.25,0.2,1,22.09,32,,,,4484.26,4483.44,PER_POS_SL,-357.0,0.0,20220406,14:10:00,0,1
20220418,14:00:00,PUT,4375,4325,50.0,1.2000000000000002,1.35,1.5,1.425,0.05,0.15,0.1,1,22.31,31,,,,4406.31,4406.0,PER_POS_SL,-322.0,60.00000000000002,20220418,15:33:00,0,1
20220422,14:00:00,PUT,4260,4200,60.0,1.2,1.45,1.55,1.5,0.2,0.25,0.225,1,27.97,39,,,,4303.47,4303.95,EXPIRATION,98.0,109.99999999999999,20220422,15:59:00,1,0
20220425,14:00:00,PUT,4180,4120,60.0,1.25,1.55,1.65,1.6,0.2,0.3,0.25,1,26.91,58,,,,4237.48,4238.33,EXPIRATION,118.0,120.0,20220425,15:59:00,1,0
20220503,14:00:00,PUT,4140,4080,60.0,1.75,1.95,2.05,2.0,0.15,0.2,0.175,1,29.51,46,,,,4188.96,4189.64,PER_POS_SL,-307.0,0.0,20220503,14:17:00,0,1
20220513,14:00:00,PUT,3940,3880,60.0,1.2,1.45,1.55,1.5,0.15,0.25,0.2,1,28.83,57,,,,4003.38,4005.03,EXPIRATION,112.99999999999999,114.99999999999999,20220513,15:59:00,1,0
20220516,14:00:00,PUT,3980,3920,60.0,1.35,1.5,1.6,1.55,0.1,0.15,0.125,1,27.48,45,,,,4027.39,4028.16,EXPIRATION,128.0,130.0,20220516,15:59:00,1,0
20220517,14:00:00,PUT,4020,3960,60.0,1.7,2.0,2.2,2.1,0.2,0.3,0.25,1,26.16,51,,,,4072.68,4073.43,EXPIRATION,163.0,165.0,20220517,15:59:00,1,0
20220520,14:00:00,PUT,3780,3720,60.0,1.4,1.65,1.75,1.7,0.15,0.25,0.2,1,29.61,61,,,,3840.16,3837.53,EXPIRATION,133.0,135.0,20220520,15:59:00,1,0
20220523,14:00:00,PUT,3930,3870,60.0,1.2000000000000002,1.35,1.4,1.375,0.1,0.15,0.125,1,28.39,39,,,,3968.91,3968.04,EXPIRATION,113.00000000000001,115.00000000000001,20220523,15:59:00,1,0
20220524,14:00:00,PUT,3875,3815,60.0,1.3,1.45,1.55,1.5,0.1,0.15,0.125,1,29.34,44,,,,3919.4,3918.92,EXPIRATION,123.0,125.0,20220524,15:59:00,1,0
20220525,14:05:00,PUT,3895,3835,60.0,1.3,1.5,1.65,1.575,0.1,0.2,0.15,2,28.33,61,,,,3954.89,3954.69,PER_POS_SL,-463.99999999999994,0.0,20220525,14:07:00,0,1
20220525,14:00:00,PUT,3875,3815,60.0,1.3,1.55,1.7,1.625,0.15,0.25,0.2,1,28.33,83,,,,3951.75,3951.7,EXPIRATION,123.0,125.0,20220525,15:59:00,1,0
20220525,14:10:00,PUT,3875,3815,60.0,1.25,1.4,1.55,1.475,0.1,0.15,0.125,2,28.33,78,,,,3949.51,3950.39,EXPIRATION,236.0,240.0,20220525,15:59:00,1,0
20220525,14:15:00,PUT,3890,3830,60.0,1.4000000000000001,1.6,1.7,1.65,0.1,0.2,0.15,2,28.33,68,,,,3951.76,3950.68,EXPIRATION,266.0,270.0,20220525,15:59:00,1,0
20220525,14:20:00,PUT,3895,3835,60.0,1.2,1.4,1.5,1.45,0.1,0.2,0.15,2,28.33,69,,,,3955.28,3956.55,EXPIRATION,225.99999999999997,229.99999999999997,20220525,15:59:00,1,0
20220525,14:25:00,PUT,3910,3850,60.0,1.3,1.45,1.6,1.525,0.1,0.15,0.125,2,28.33,57,,,,3961.05,3959.33,EXPIRATION,246.0,250.0,20220525,15:59:00,1,0
20220525,14:30:00,PUT,3925,3865,60.0,1.25,1.4,1.55,1.475,0.1,0.15,0.125,2,28.33,50,,,,3969.0,3965.07,EXPIRATION,236.0,240.0,20220525,15:59:00,1,0
20220525,14:35:00,PUT,3935,3875,60.0,1.4000000000000001,1.55,1.65,1.6,0.1,0.15,0.125,2,28.33,41,,,,3971.87,3969.41,EXPIRATION,266.0,270.0,20220525,15:59:00,1,0
20220525,14:40:00,PUT,3930,3870,60.0,1.4000000000000001,1.55,1.7,1.625,0.05,0.15,0.1,2,28.33,44,,,,3972.99,3971.22,EXPIRATION,266.0,270.0,20220525,15:59:00,1,0
20220525,14:45:00,PUT,3935,3875,60.0,1.4000000000000001,1.55,1.7,1.625,0.05,0.15,0.1,2,28.33,39,,,,3974.1,3972.76,EXPIRATION,266.0,270.0,20220525,15:59:00,1,0
20220525,14:50:00,PUT,3940,3880,60.0,1.3,1.45,2.3,1.875,0.05,0.15,0.1,2,28.33,37,,,,3973.94,3974.13,EXPIRATION,246.0,250.0,20220525,15:59:00,1,0
20220525,14:55:00,PUT,3950,3890,60.0,1.2,1.3,1.45,1.375,0.05,0.1,0.075,2,28.33,32,,,,3976.35,3975.98,EXPIRATION,225.99999999999997,229.99999999999997,20220525,15:59:00,1,0
20220527,14:10:00,PUT,4100,4040,60.0,1.25,1.5,1.55,1.525,0.2,0.25,0.225,1,25.59,29,,,,4127.02,4126.78,EXPIRATION,118.0,120.0,20220527,15:59:00,1,0
20220531,14:00:00,PUT,4130,4070,60.0,1.6500000000000001,1.8,1.85,1.825,0.1,0.15,0.125,1,26.35,35,,,,4161.81,4159.99,STOP_LOSS,-77.00000000000003,35.00000000000001,20220531,14:23:00,0,1
20220531,14:05:00,PUT,4125,4065,60.0,1.35,1.5,1.6,1.55,0.05,0.15,0.1,2,26.35,36,,,,4163.46,4161.96,STOP_LOSS,-73.99999999999997,80.00000000000003,20220531,14:23:00,0,1
20220531,14:10:00,PUT,4130,4070,60.0,1.5,1.65,1.75,1.7,0.05,0.15,0.1,2,26.35,33,,,,4163.55,4162.47,STOP_LOSS,-184.00000000000006,39.99999999999999,20220531,14:23:00,0,1
20220531,14:15:00,PUT,4130,4070,60.0,1.5499999999999998,1.65,1.75,1.7,0.05,0.1,0.075,2,26.35,35,,,,4163.83,4163.55,STOP_LOSS,-174.0000000000001,49.99999999999996,20220531,14:23:00,0,1
20220531,14:20:00,PUT,4130,4070,60.0,1.2,1.3,1.45,1.375,0.05,0.1,0.075,2,26.35,37,,,,4163.84,4164.1,STOP_LOSS,-244.00000000000009,0.0,20220531,14:23:00,0,1
20220601,14:00:00,PUT,4065,4005,60.0,1.2,1.3,1.4,1.35,0.05,0.1,0.075,1,25.63,40,,,,4103.65,4103.78,EXPIRATION,112.99999999999999,114.99999999999999,20220601,15:59:00,1,0
20220601,14:05:00,PUT,4075,4015,60.0,1.75,1.85,1.95,1.9,0.05,0.1,0.075,2,25.63,35,,,,4104.96,4105.1,EXPIRATION,336.0,340.0,20220601,15:59:00,1,0
20220601,14:10:00,PUT,4075,4015,60.0,1.5999999999999999,1.7,1.8,1.75,0.05,0.1,0.075,2,25.63,31,,,,4105.67,4105.35,EXPIRATION,305.99999999999994,309.99999999999994,20220601,15:59:00,1,0
20220601,14:15:00,PUT,4075,4015,60.0,1.7,1.8,1.9,1.85,0.05,0.1,0.075,2,25.63,34,,,,4106.19,4105.59,EXPIRATION,326.0,330.0,20220601,15:59:00,1,0
20220601,14:20:00,PUT,4075,4015,60.0,1.7,1.8,1.9,1.85,0.05,0.1,0.075,2,25.63,29,,,,4105.8,4105.84,EXPIRATION,326.0,330.0,20220601,15:59:00,1,0
20220601,14:25:00,PUT,4085,4025,60.0,1.2999999999999998,1.4,1.55,1.475,0.05,0.1,0.075,2,25.63,36,,,,4110.57,4110.05,EXPIRATION,245.99999999999994,249.99999999999994,20220601,15:59:00,1,0
20220601,14:30:00,PUT,4090,4030,60.0,1.4,1.5,1.6,1.55,0.05,0.1,0.075,2,25.63,32,,,,4116.82,4114.52,EXPIRATION,255.99999999999994,270.0,20220601,15:59:00,1,0
20220601,14:40:00,PUT,4090,4030,60.0,1.2999999999999998,1.4,1.5,1.45,0.05,0.1,0.075,2,25.63,30,,,,4121.88,4118.82,EXPIRATION,235.99999999999994,249.99999999999994,20220601,15:59:00,1,0
20220603,14:00:00,PUT,4075,4015,60.0,1.6500000000000001,1.8,1.9,1.85,0.05,0.15,0.1,1,25.14,35,,,,4111.38,4111.77,EXPIRATION,158.0,160.0,20220603,15:59:00,1,0
20220606,14:10:00,PUT,4110,4050,60.0,1.25,1.35,1.4,1.375,0.05,0.1,0.075,1,25.04,28,,,,4138.73,4138.75,PER_POS_SL,-302.0,0.0,20220606,14:28:00,0,1
20220607,14:05:00,PUT,4110,4060,50.0,1.35,1.5,1.6,1.55,0.1,0.15,0.125,1,24.02,28,,,,4135.66,4135.43,EXPIRATION,128.0,130.0,20220607,15:59:00,1,0
20220610,14:00:00,PUT,3870,3810,60.0,1.25,1.45,1.5,1.475,0.15,0.2,0.175,1,28.06,44,,,,3919.49,3919.13,EXPIRATION,118.0,120.0,20220610,15:59:00,1,0
20220622,14:00:00,PUT,3750,3690,60.0,1.4500000000000002,1.6,1.7,1.65,0.1,0.15,0.125,1,29.12,35,,,,3785.38,3784.88,EXPIRATION,138.0,140.0,20220622,15:59:00,1,0
20220624,14:00:00,PUT,3855,3795,60.0,1.5,1.85,1.95,1.9,0.25,0.35,0.3,1,27.29,29,,,,3885.85,3885.82,EXPIRATION,143.0,145.0,20220624,15:59:00,1,0
20220627,14:10:00,PUT,3870,3810,60.0,1.4,1.5,1.6,1.55,0.0,0.1,0.05,1,27.09,29,,,,3899.01,3899.16,EXPIRATION,133.0,135.0,20220627,15:59:00,1,0
20220628,14:05:00,PUT,3815,3755,60.0,1.2999999999999998,1.4,1.5,1.45,0.05,0.1,0.075,2,28.32,28,,,,3846.21,3845.93,PER_POS_SL,-314.00000000000006,0.0,20220628,14:15:00,0,1
20220628,14:00:00,PUT,3815,3755,60.0,1.25,1.35,1.45,1.4,0.05,0.1,0.075,1,28.32,32,,,,3845.92,3845.61,PER_POS_SL,-322.0,30.000000000000004,20220628,14:35:00,0,1
20220628,14:15:00,PUT,3805,3745,60.0,1.25,1.35,1.45,1.4,0.05,0.1,0.075,2,28.32,28,,,,3840.1,3840.8,PER_POS_SL,-324.0,0.0,20220628,14:40:00,0,1
20220629,14:05:00,PUT,3800,3740,60.0,1.45,1.5,1.55,1.525,0.0,0.05,0.025,1,28.2,29,,,,3823.76,3822.15,EXPIRATION,138.0,140.0,20220629,15:59:00,1,0
20220701,14:00:00,PUT,3760,3700,60.0,1.2999999999999998,1.4,1.45,1.425,0.05,0.1,0.075,1,26.69,35,,,,3793.76,3793.21,EXPIRATION,122.99999999999997,124.99999999999997,20220701,15:59:00,1,0
20220705,14:00:00,PUT,3755,3695,60.0,1.2,1.3,1.4,1.35,0.05,0.1,0.075,1,27.47,31,,,,3786.15,3786.86,EXPIRATION,112.99999999999999,114.99999999999999,20220705,15:59:00,1,0
20220705,14:10:00,PUT,3760,3700,60.0,1.25,1.35,1.45,1.4,0.05,0.1,0.075,2,27.47,31,,,,3789.44,3788.9,EXPIRATION,236.0,240.0,20220705,15:59:00,1,0
20220705,14:25:00,PUT,3770,3710,60.0,1.3499999999999999,1.45,1.5,1.475,0.05,0.1,0.075,2,27.47,29,,,,3793.79,3793.06,EXPIRATION,255.99999999999994,259.99999999999994,20220705,15:59:00,1,0
20220706,14:00:00,PUT,3780,3720,60.0,1.5499999999999998,1.65,1.75,1.7,0.05,0.1,0.075,1,26.79,48,,,,3830.43,3830.0,EXPIRATION,147.99999999999997,149.99999999999997,20220706,15:59:00,1,0
20220713,14:05:00,PUT,3755,3695,60.0,1.35,1.5,1.6,1.55,0.05,0.15,0.1,1,26.65,49,,,,3810.55,3812.09,EXPIRATION,128.0,130.0,20220713,15:59:00,1,0
20220713,14:10:00,PUT,3760,3700,60.0,1.35,1.5,1.6,1.55,0.1,0.15,0.125,2,26.65,42,,,,3805.79,3808.61,EXPIRATION,256.0,260.0,20220713,15:59:00,1,0
20220713,14:15:00,PUT,3770,3710,60.0,1.25,1.4,1.5,1.45,0.1,0.15,0.125,2,26.65,35,,,,3804.31,3806.75,EXPIRATION,236.0,240.0,20220713,15:59:00,1,0
20220713,14:20:00,PUT,3770,3710,60.0,1.25,1.4,1.5,1.45,0.1,0.15,0.125,2,26.65,37,,,,3804.98,3805.12,EXPIRATION,236.0,240.0,20220713,15:59:00,1,0
20220713,14:25:00,PUT,3775,3715,60.0,1.2,1.3,1.4,1.35,0.05,0.1,0.075,2,26.65,37,,,,3807.87,3806.94,EXPIRATION,225.99999999999997,229.99999999999997,20220713,15:59:00,1,0
20220713,14:30:00,PUT,3780,3720,60.0,1.2999999999999998,1.4,1.5,1.45,0.05,0.1,0.075,2,26.65,38,,,,3810.82,3809.48,EXPIRATION,245.99999999999994,249.99999999999994,20220713,15:59:00,1,0
20220713,14:35:00,PUT,3790,3730,60.0,1.65,1.75,1.8,1.775,0.05,0.1,0.075,2,26.65,31,,,,3815.7,3813.76,EXPIRATION,316.0,320.0,20220713,15:59:00,1,0
20220713,14:40:00,PUT,3790,3730,60.0,1.2,1.3,1.4,1.35,0.05,0.1,0.075,2,26.65,34,,,,3818.88,3817.15,EXPIRATION,225.99999999999997,229.99999999999997,20220713,15:59:00,1,0
20220713,14:45:00,PUT,3790,3730,60.0,1.3499999999999999,1.45,1.6,1.525,0.05,0.1,0.075,2,26.65,32,,,,3821.49,3819.62,EXPIRATION,255.99999999999994,259.99999999999994,20220713,15:59:00,1,0
20220713,14:50:00,PUT,3790,3730,60.0,1.25,1.35,1.45,1.4,0.05,0.1,0.075,2,26.65,30,,,,3821.08,3820.6,EXPIRATION,236.0,240.0,20220713,15:59:00,1,0
20220713,14:55:00,PUT,3790,3730,60.0,1.4,1.5,1.6,1.55,0.05,0.1,0.075,2,26.65,28,,,,3819.9,3820.11,EXPIRATION,266.0,270.0,20220713,15:59:00,1,0
20220718,14:00:00,PUT,3825,3765,60.0,1.2,1.25,1.35,1.3,0.0,0.05,0.025,1,25.31,33,,,,3862.02,3864.03,PER_POS_SL,-311.99999999999994,100.0,20220718,15:39:00,0,1
20220720,14:20:00,PUT,3920,3870,50.0,1.2000000000000002,1.35,1.4,1.375,0.1,0.15,0.125,1,23.81,28,,,,3945.2,3944.49,EXPIRATION,113.00000000000001,115.00000000000001,20220720,15:59:00,1,0
20220830,14:00:00,PUT,3950,3890,60.0,1.5999999999999999,1.7,1.8,1.75,0.05,0.1,0.075,1,26.37,28,,,,3977.97,3977.18,EXPIRATION,152.99999999999997,154.99999999999997,20220830,15:59:00,1,0
20220831,14:05:00,PUT,3940,3880,60.0,1.25,1.3,1.35,1.325,0.0,0.05,0.025,1,25.94,28,,,,3970.33,3970.23,EXPIRATION,118.0,120.0,20220831,15:59:00,1,0
20220902,14:30:00,PUT,3910,3850,60.0,1.5,1.6,1.65,1.625,0.0,0.1,0.05,2,25.62,28,,,,3935.18,3934.12,PER_POS_SL,-604.0,210.0,20220902,15:36:00,0,1
20220902,14:35:00,PUT,3905,3845,60.0,1.45,1.55,1.65,1.6,0.05,0.1,0.075,2,25.62,30,,,,3935.14,3934.62,PER_POS_SL,-434.00000000000006,229.99999999999997,20220902,15:37:00,0,1
20220902,14:00:00,PUT,3885,3825,60.0,1.5,1.6,1.7,1.65,0.05,0.1,0.075,1,25.62,43,,,,3930.5,3931.32,EXPIRATION,143.0,145.0,20220902,15:59:00,1,0
20220902,14:05:00,PUT,3890,3830,60.0,1.25,1.35,1.45,1.4,0.0,0.1,0.05,2,25.62,40,,,,3928.85,3931.69,EXPIRATION,236.0,240.0,20220902,15:59:00,1,0
20220902,14:10:00,PUT,3895,3835,60.0,1.2,1.3,1.4,1.35,0.0,0.1,0.05,2,25.62,35,,,,3930.15,3930.14,EXPIRATION,225.99999999999997,229.99999999999997,20220902,15:59:00,1,0
20220902,14:15:00,PUT,3895,3835,60.0,1.4,1.5,1.65,1.575,0.05,0.1,0.075,2,25.62,36,,,,3931.42,3930.64,EXPIRATION,266.0,270.0,20220902,15:59:00,1,0
20220902,14:20:00,PUT,3900,3840,60.0,1.65,1.75,1.85,1.8,0.05,0.1,0.075,2,25.62,30,,,,3931.14,3930.89,EXPIRATION,316.0,320.0,20220902,15:59:00,1,0
20220902,14:25:00,PUT,3900,3840,60.0,1.3499999999999999,1.45,1.55,1.5,0.0,0.1,0.05,2,25.62,35,,,,3932.13,3931.52,EXPIRATION,255.99999999999994,259.99999999999994,20220902,15:59:00,1,0
20220906,14:00:00,PUT,3870,3810,60.0,1.5499999999999998,1.65,1.7,1.675,0.05,0.1,0.075,1,26.83,39,,,,3902.33,3901.59,EXPIRATION,147.99999999999997,149.99999999999997,20220906,15:59:00,1,0
20220906,14:05:00,PUT,3875,3815,60.0,1.5999999999999999,1.7,1.8,1.75,0.05,0.1,0.075,2,26.83,32,,,,3904.49,3904.08,EXPIRATION,305.99999999999994,309.99999999999994,20220906,15:59:00,1,0
20220906,14:10:00,PUT,3875,3815,60.0,1.5,1.55,1.65,1.6,0.0,0.05,0.025,2,26.83,35,,,,3907.21,3905.23,EXPIRATION,286.0,290.0,20220906,15:59:00,1,0
20220906,14:15:00,PUT,3885,3825,60.0,1.45,1.55,1.6,1.575,0.05,0.1,0.075,2,26.83,32,,,,3912.67,3910.01,EXPIRATION,276.0,280.0,20220906,15:59:00,1,0
20220906,14:20:00,PUT,3885,3825,60.0,1.5,1.6,1.7,1.65,0.05,0.1,0.075,2,26.83,32,,,,3914.13,3913.35,EXPIRATION,286.0,290.0,20220906,15:59:00,1,0
20220906,14:25:00,PUT,3885,3825,60.0,1.5499999999999998,1.65,1.75,1.7,0.05,0.1,0.075,2,26.83,30,,,,3915.75,3913.77,EXPIRATION,295.99999999999994,299.99999999999994,20220906,15:59:00,1,0
20220906,14:30:00,PUT,3885,3825,60.0,1.65,1.75,1.85,1.8,0.05,0.1,0.075,2,26.83,28,,,,3914.55,3914.18,EXPIRATION,316.0,320.0,20220906,15:59:00,1,0
20220906,14:35:00,PUT,3880,3820,60.0,1.3499999999999999,1.4,1.5,1.45,0.0,0.05,0.025,2,26.83,29,,,,3912.11,3913.15,EXPIRATION,255.99999999999994,259.99999999999994,20220906,15:59:00,1,0
20220906,14:55:00,PUT,3880,3820,60.0,1.2,1.3,1.4,1.35,0.05,0.1,0.075,2,26.83,30,,,,3908.02,3908.15,EXPIRATION,225.99999999999997,229.99999999999997,20220906,15:59:00,1,0
20220907,14:00:00,PUT,3935,3885,50.0,1.25,1.5,1.55,1.525,0.15,0.25,0.2,1,24.66,32,,,,3966.45,3965.06,EXPIRATION,118.0,120.0,20220907,15:59:00,1,0
20220907,14:05:00,PUT,3945,3895,50.0,1.35,1.55,1.65,1.6,0.15,0.2,0.175,2,24.66,32,,,,3971.41,3969.88,EXPIRATION,256.0,260.0,20220907,15:59:00,1,0
20220907,14:15:00,PUT,3945,3895,50.0,1.4000000000000001,1.55,1.65,1.6,0.05,0.15,0.1,2,24.66,28,,,,3972.68,3971.63,EXPIRATION,266.0,270.0,20220907,15:59:00,1,0
20220914,14:40:00,PUT,3910,3850,60.0,1.5499999999999998,1.65,1.8,1.725,0.05,0.1,0.075,2,26.3,28,,,,3935.97,3935.25,PER_POS_SL,-314.00000000000006,0.0,20220914,14:46:00,0,1
20220914,14:35:00,PUT,3905,3845,60.0,1.25,1.4,1.5,1.45,0.05,0.15,0.1,2,26.3,32,,,,3934.5,3933.42,PER_POS_SL,-344.00000000000006,100.0,20220914,15:16:00,0,1
20220914,14:50:00,PUT,3905,3845,60.0,1.3499999999999999,1.45,1.55,1.5,0.05,0.1,0.075,2,26.3,29,,,,3933.58,3933.9,PER_POS_SL,-324.00000000000006,119.99999999999997,20220914,15:16:00,0,1
20220914,14:00:00,PUT,3890,3830,60.0,1.35,1.55,1.65,1.6,0.1,0.2,0.15,1,26.3,43,,,,3933.52,3935.78,EXPIRATION,128.0,130.0,20220914,15:59:00,1,0
20220914,14:05:00,PUT,3880,3820,60.0,1.2,1.4,1.5,1.45,0.1,0.2,0.15,2,26.3,52,,,,3931.93,3932.77,EXPIRATION,225.99999999999997,229.99999999999997,20220914,15:59:00,1,0
20220914,14:10:00,PUT,3885,3825,60.0,1.2,1.4,1.45,1.425,0.1,0.2,0.15,2,26.3,42,,,,3929.01,3930.49,EXPIRATION,225.99999999999997,229.99999999999997,20220914,15:59:00,1,0
20220914,14:15:00,PUT,3890,3830,60.0,1.3,1.5,1.6,1.55,0.15,0.2,0.175,2,26.3,39,,,,3928.11,3928.73,EXPIRATION,246.0,250.0,20220914,15:59:00,1,0
20220914,14:20:00,PUT,3895,3835,60.0,1.35,1.55,1.65,1.6,0.1,0.2,0.15,2,26.3,37,,,,3929.07,3929.37,EXPIRATION,256.0,260.0,20220914,15:59:00,1,0
20220914,14:25:00,PUT,3895,3835,60.0,1.25,1.4,1.5,1.45,0.1,0.15,0.125,2,26.3,35,,,,3929.81,3930.12,EXPIRATION,236.0,240.0,20220914,15:59:00,1,0
20220914,14:30:00,PUT,3895,3835,60.0,1.2000000000000002,1.35,1.45,1.4,0.1,0.15,0.125,2,26.3,40,,,,3931.31,3930.61,EXPIRATION,226.00000000000003,230.00000000000003,20220914,15:59:00,1,0
20220914,14:55:00,PUT,3900,3840,60.0,1.5499999999999998,1.65,1.75,1.7,0.05,0.1,0.075,2,26.3,28,,,,3931.44,3932.43,EXPIRATION,295.99999999999994,299.99999999999994,20220914,15:59:00,1,0
20220916,14:00:00,PUT,3800,3740,60.0,1.2,1.3,1.35,1.325,0.05,0.1,0.075,1,26.23,44,,,,3843.54,3844.48,EXPIRATION,112.99999999999999,114.99999999999999,20220916,15:59:00,1,0
20220916,14:05:00,PUT,3810,3750,60.0,1.45,1.55,1.65,1.6,0.05,0.1,0.075,2,26.23,38,,,,3844.53,3844.96,EXPIRATION,276.0,280.0,20220916,15:59:00,1,0
20220916,14:10:00,PUT,3810,3750,60.0,1.4,1.5,1.55,1.525,0.05,0.1,0.075,2,26.23,37,,,,3845.21,3844.71,EXPIRATION,266.0,270.0,20220916,15:59:00,1,0
20220916,14:15:00,PUT,3810,3750,60.0,1.45,1.55,1.6,1.575,0.05,0.1,0.075,2,26.23,36,,,,3845.68,3844.94,EXPIRATION,276.0,280.0,20220916,15:59:00,1,0
20220916,14:20:00,PUT,3810,3750,60.0,1.5,1.6,1.65,1.625,0.05,0.1,0.075,2,26.23,37,,,,3846.03,3845.72,EXPIRATION,286.0,290.0,20220916,15:59:00,1,0
20220916,14:25:00,PUT,3815,3755,60.0,1.5,1.6,1.7,1.65,0.05,0.1,0.075,2,26.23,37,,,,3846.79,3846.92,EXPIRATION,286.0,290.0,20220916,15:59:00,1,0
20220916,14:30:00,PUT,3825,3765,60.0,1.5499999999999998,1.65,1.75,1.7,0.05,0.1,0.075,2,26.23,31,,,,3852.89,3851.3,EXPIRATION,295.99999999999994,299.99999999999994,20220916,15:59:00,1,0
20220916,14:35:00,PUT,3825,3765,60.0,1.25,1.35,1.45,1.4,0.05,0.1,0.075,2,26.23,33,,,,3855.17,3853.87,EXPIRATION,236.0,240.0,20220916,15:59:00,1,0
20220916,14:40:00,PUT,3825,3765,60.0,1.5499999999999998,1.65,1.7,1.675,0.05,0.1,0.075,2,26.23,30,,,,3856.68,3854.87,EXPIRATION,295.99999999999994,299.99999999999994,20220916,15:59:00,1,0
20220916,14:45:00,PUT,3825,3765,60.0,1.4,1.5,1.55,1.525,0.05,0.1,0.075,2,26.23,32,,,,3856.22,3855.97,EXPIRATION,266.0,270.0,20220916,15:59:00,1,0
20220919,14:00:00,PUT,3840,3780,60.0,1.25,1.35,1.45,1.4,0.0,0.1,0.05,1,25.75,29,,,,3871.13,3870.96,EXPIRATION,118.0,120.0,20220919,15:59:00,1,0
20220920,14:25:00,PUT,3815,3755,60.0,1.2999999999999998,1.4,1.5,1.45,0.0,0.1,0.05,2,27.18,28,,,,3840.48,3839.36,PER_POS_SL,-304.0,0.0,20220920,14:41:00,0,1
20220920,14:00:00,PUT,3795,3735,60.0,1.65,1.75,1.85,1.8,0.0,0.1,0.05,1,27.18,36,,,,3832.74,3833.64,EXPIRATION,158.0,160.0,20220920,15:59:00,1,0
20220920,14:05:00,PUT,3800,3740,60.0,1.3499999999999999,1.45,1.5,1.475,0.05,0.1,0.075,2,27.18,36,,,,3833.04,3834.41,EXPIRATION,255.99999999999994,259.99999999999994,20220920,15:59:00,1,0
20220920,14:10:00,PUT,3805,3745,60.0,1.65,1.75,1.8,1.775,0.0,0.1,0.05,2,27.18,30,,,,3834.03,3833.9,EXPIRATION,316.0,320.0,20220920,15:59:00,1,0
20220920,14:15:00,PUT,3805,3745,60.0,1.5499999999999998,1.65,1.7,1.675,0.05,0.1,0.075,2,27.18,30,,,,3835.14,3834.12,EXPIRATION,295.99999999999994,299.99999999999994,20220920,15:59:00,1,0
20220920,14:20:00,PUT,3810,3750,60.0,1.45,1.55,1.65,1.6,0.05,0.1,0.075,2,27.18,31,,,,3836.29,3835.47,EXPIRATION,276.0,280.0,20220920,15:59:00,1,0
20220920,14:45:00,PUT,3810,3750,60.0,1.3499999999999999,1.45,1.55,1.5,0.0,0.1,0.05,2,27.18,33,,,,3837.08,3837.86,EXPIRATION,255.99999999999994,259.99999999999994,20220920,15:59:00,1,0
20220920,14:50:00,PUT,3820,3760,60.0,1.3499999999999999,1.4,1.5,1.45,0.0,0.05,0.025,2,27.18,28,,,,3842.53,3841.71,EXPIRATION,255.99999999999994,259.99999999999994,20220920,15:59:00,1,0
20220920,14:55:00,PUT,3820,3760,60.0,1.45,1.5,1.55,1.525,0.0,0.05,0.025,2,27.18,28,,,,3844.09,3842.84,EXPIRATION,276.0,280.0,20220920,15:59:00,1,0
20220923,14:00:00,PUT,3625,3565,60.0,1.3,1.45,1.5,1.475,0.1,0.15,0.125,1,29.64,50,,,,3674.89,3674.33,EXPIRATION,123.0,125.0,20220923,15:59:00,1,0
20221004,14:00:00,PUT,3745,3685,60.0,1.4000000000000001,1.55,1.6,1.575,0.05,0.15,0.1,1,29.05,32,,,,3775.29,3774.0,EXPIRATION,133.0,135.0,20221004,15:59:00,1,0
20221004,14:05:00,PUT,3745,3685,60.0,1.25,1.4,1.5,1.45,0.05,0.15,0.1,2,29.05,31,,,,3776.77,3775.46,EXPIRATION,236.0,240.0,20221004,15:59:00,1,0
20221004,14:20:00,PUT,3745,3685,60.0,1.2999999999999998,1.4,1.5,1.45,0.05,0.1,0.075,2,29.05,29,,,,3775.56,3776.05,EXPIRATION,245.99999999999994,249.99999999999994,20221004,15:59:00,1,0
20221004,14:30:00,PUT,3745,3685,60.0,1.6500000000000001,1.8,1.9,1.85,0.05,0.15,0.1,2,29.05,28,,,,3773.98,3774.69,EXPIRATION,316.0,320.0,20221004,15:59:00,1,0
20221005,14:05:00,PUT,3750,3690,60.0,1.2,1.3,1.4,1.35,0.05,0.1,0.075,1,28.78,28,,,,3775.67,3776.02,EXPIRATION,112.99999999999999,114.99999999999999,20221005,15:59:00,1,0
20221021,14:00:00,PUT,3700,3640,60.0,1.3499999999999999,1.65,1.7,1.675,0.2,0.3,0.25,1,29.96,36,,,,3734.16,3733.0,EXPIRATION,127.99999999999997,129.99999999999997,20221021,15:59:00,1,0
20221024,14:00:00,PUT,3755,3695,60.0,1.2000000000000002,1.35,1.4,1.375,0.1,0.15,0.125,1,29.83,29,,,,3783.07,3782.78,EXPIRATION,113.00000000000001,115.00000000000001,20221024,15:59:00,1,0
20221104,14:30:00,PUT,3700,3650,50.0,1.25,1.35,1.45,1.4,0.05,0.1,0.075,1,24.63,28,,,,3725.4,3723.42,EXPIRATION,118.0,120.0,20221104,15:59:00,1,0
20221108,14:05:00,PUT,3785,3725,60.0,1.35,1.5,1.65,1.575,0.1,0.15,0.125,2,25.43,31,,,,3819.75,3821.52,PER_POS_SL,-413.99999999999994,50.00000000000004,20221108,14:22:00,0,1
20221108,14:10:00,PUT,3780,3720,60.0,1.55,1.7,1.8,1.75,0.05,0.15,0.1,2,25.43,30,,,,3814.78,3817.78,PER_POS_SL,-523.9999999999999,160.0,20221108,14:25:00,0,1
20221108,14:00:00,PUT,3780,3720,60.0,1.4000000000000001,1.6,1.7,1.65,0.1,0.2,0.15,1,25.43,39,,,,3822.17,3824.15,PER_POS_SL,-341.99999999999994,65.00000000000001,20221108,14:26:00,0,1
20221108,14:25:00,PUT,3765,3705,60.0,1.55,1.7,1.8,1.75,0.05,0.15,0.1,2,25.43,31,,,,3805.83,3808.31,EXPIRATION,296.0,300.0,20221108,15:59:00,1,0
20221108,14:30:00,PUT,3760,3700,60.0,1.5,1.6,1.7,1.65,0.05,0.1,0.075,2,25.43,31,,,,3799.37,3801.18,EXPIRATION,286.0,290.0,20221108,15:59:00,1,0
20221108,14:35:00,PUT,3760,3700,60.0,1.3,1.45,1.5,1.475,0.1,0.15,0.125,2,25.43,34,,,,3794.02,3797.74,EXPIRATION,246.0,250.0,20221108,15:59:00,1,0
20221115,14:00:00,PUT,3920,3870,50.0,1.25,1.75,1.85,1.8,0.4,0.5,0.45,1,24.24,55,,,,3973.56,3969.89,EXPIRATION,118.0,120.0,20221115,15:59:00,1,0
20221123,14:20:00,PUT,3995,3945,50.0,1.2,1.4,1.5,1.45,0.1,0.2,0.15,1,20.46,30,,,,4024.69,4022.53,EXPIRATION,112.99999999999999,114.99999999999999,20221123,15:59:00,1,0
20221130,14:00:00,PUT,3960,3910,50.0,1.45,1.9,2.05,1.975,0.35,0.45,0.4,1,20.59,47,,,,3990.44,3990.3,EXPIRATION,138.0,140.0,20221130,15:59:00,1,0
20221130,14:05:00,PUT,3975,3925,50.0,1.5999999999999999,2.05,2.2,2.125,0.4,0.45,0.425,2,20.59,39,,,,4000.64,3996.91,EXPIRATION,305.99999999999994,309.99999999999994,20221130,15:59:00,1,0
20221130,14:10:00,PUT,3980,3930,50.0,1.3,1.8,1.95,1.875,0.4,0.5,0.45,2,20.59,35,,,,4008.5,4004.11,EXPIRATION,246.0,250.0,20221130,15:59:00,1,0
20221130,14:15:00,PUT,3990,3940,50.0,1.65,2.15,2.3,2.225,0.4,0.5,0.45,2,20.59,28,,,,4013.37,4009.42,EXPIRATION,316.0,320.0,20221130,15:59:00,1,0
20221130,14:25:00,PUT,4005,3955,50.0,1.2000000000000002,1.6,1.7,1.65,0.3,0.4,0.35,2,20.59,28,,,,4027.82,4025.29,EXPIRATION,226.00000000000003,230.00000000000003,20221130,15:59:00,1,0
20221216,14:00:00,PUT,3805,3755,50.0,1.55,1.75,1.85,1.8,0.1,0.2,0.15,1,22.51,28,,,,3834.3,3833.85,EXPIRATION,148.0,150.0,20221216,15:59:00,1,0
20230203,14:00:00,PUT,4110,4060,50.0,1.4500000000000002,1.6,1.65,1.625,0.05,0.15,0.1,1,18.43,31,,,,4140.79,4141.14,EXPIRATION,138.0,140.0,20230203,15:59:00,1,0
20230207,14:00:00,PUT,4070,4020,50.0,1.2,1.3,1.4,1.35,0.05,0.1,0.075,1,18.58,34,,,,4098.58,4099.47,EXPIRATION,112.99999999999999,114.99999999999999,20230207,15:59:00,1,0
20230207,14:10:00,PUT,4100,4050,50.0,1.7,1.8,1.9,1.85,0.05,0.1,0.075,3,18.58,28,,,,4115.99,4111.75,EXPIRATION,488.99999999999994,494.99999999999994,20230207,15:59:00,1,0
20230207,14:15:00,PUT,4100,4050,50.0,1.2999999999999998,1.4,1.5,1.45,0.05,0.1,0.075,3,18.58,33,,,,4124.2,4119.92,EXPIRATION,368.9999999999999,374.9999999999999,20230207,15:59:00,1,0
20230207,14:25:00,PUT,4105,4055,50.0,1.25,1.35,1.45,1.4,0.05,0.1,0.075,3,18.58,30,,,,4132.17,4129.22,EXPIRATION,353.99999999999994,359.99999999999994,20230207,15:59:00,1,0
20230207,14:30:00,PUT,4105,4055,50.0,1.3499999999999999,1.45,1.55,1.5,0.05,0.1,0.075,3,18.58,28,,,,4132.97,4131.99,EXPIRATION,383.99999999999994,389.99999999999994,20230207,15:59:00,1,0
20230222,14:20:00,PUT,3980,3930,50.0,1.25,1.35,1.4,1.375,0.05,0.1,0.075,1,22.33,28,,,,4005.22,4004.86,PER_POS_SL,-332.0,30.000000000000004,20230222,14:44:00,0,1
20230310,14:05:00,PUT,3830,3780,50.0,1.55,1.85,1.9,1.875,0.2,0.3,0.25,1,24.71,35,,,,3855.83,3855.56,EXPIRATION,148.0,150.0,20230310,15:59:00,1,0
20230313,14:35:00,PUT,3855,3795,60.0,1.2,1.3,1.4,1.35,0.05,0.1,0.075,2,26.81,35,,,,3890.69,3890.12,PER_POS_SL,-434.00000000000006,80.0,20230313,15:25:00,0,1
20230313,14:55:00,PUT,3855,3795,60.0,1.25,1.4,1.5,1.45,0.05,0.15,0.1,2,26.81,32,,,,3885.87,3886.07,PER_POS_SL,-424.0,90.00000000000001,20230313,15:25:00,0,1
20230313,14:00:00,PUT,3835,3775,60.0,1.2,1.3,1.35,1.325,0.05,0.1,0.075,1,26.81,46,,,,3880.16,3879.52,DAILY_LOSS_CAP,33.0,95.0,20230313,15:25:00,1,0
20230313,14:05:00,PUT,3845,3785,60.0,1.25,1.4,1.5,1.45,0.1,0.15,0.125,2,26.81,40,,,,3883.05,3882.29,DAILY_LOSS_CAP,-93.99999999999999,170.0,20230313,15:25:00,0,1
20230313,14:10:00,PUT,3840,3780,60.0,1.2999999999999998,1.4,1.5,1.45,0.05,0.1,0.075,2,26.81,45,,,,3884.16,3882.91,DAILY_LOSS_CAP,25.999999999999982,199.99999999999994,20230313,15:25:00,1,0
20230313,14:15:00,PUT,3845,3785,60.0,1.2999999999999998,1.4,1.45,1.425,0.05,0.1,0.075,2,26.81,44,,,,3885.0,3884.39,DAILY_LOSS_CAP,-84.00000000000003,179.99999999999997,20230313,15:25:00,0,1
20230313,14:20:00,PUT,3845,3785,60.0,1.25,1.35,1.45,1.4,0.05,0.1,0.075,2,26.81,43,,,,3886.87,3885.92,DAILY_LOSS_CAP,-93.99999999999999,170.0,20230313,15:25:00,0,1
20230313,14:25:00,PUT,3850,3790,60.0,1.25,1.35,1.4,1.375,0.05,0.1,0.075,2,26.81,39,,,,3887.31,3887.35,DAILY_LOSS_CAP,-214.00000000000006,130.0,20230313,15:25:00,0,1
20230313,14:30:00,PUT,3850,3790,60.0,1.5,1.6,1.7,1.65,0.05,0.1,0.075,2,26.81,43,,,,3888.86,3887.91,DAILY_LOSS_CAP,-164.00000000000006,180.0,20230313,15:25:00,0,1
20230313,14:40:00,PUT,3850,3790,60.0,1.55,1.7,1.75,1.725,0.05,0.15,0.1,2,26.81,35,,,,3887.21,3888.11,DAILY_LOSS_CAP,-154.00000000000006,190.0,20230313,15:25:00,0,1
20230313,14:45:00,PUT,3850,3790,60.0,1.2,1.3,1.4,1.35,0.05,0.1,0.075,2,26.81,35,,,,3887.74,3887.84,DAILY_LOSS_CAP,-224.00000000000006,120.0,20230313,15:25:00,0,1
20230313,14:50:00,PUT,3850,3790,60.0,1.2,1.3,1.4,1.35,0.05,0.1,0.075,2,26.81,37,,,,3886.01,3887.22,DAILY_LOSS_CAP,-224.00000000000006,120.0,20230313,15:25:00,0,1
20230315,14:00:00,PUT,3820,3760,60.0,1.3,1.45,1.55,1.5,0.1,0.15,0.125,1,25.82,44,,,,3862.37,3861.72,EXPIRATION,123.0,125.0,20230315,15:59:00,1,0
20230317,14:05:00,PUT,3895,3835,60.0,1.45,1.55,1.65,1.6,0.05,0.1,0.075,2,25.44,28,,,,3924.07,3923.99,PER_POS_SL,-334.0,0.0,20230317,14:15:00,0,1
20230317,14:00:00,PUT,3895,3835,60.0,1.3499999999999999,1.45,1.5,1.475,0.05,0.1,0.075,1,25.44,33,,,,3923.26,3922.91,PER_POS_SL,-307.0,25.0,20230317,14:24:00,0,1
20230317,14:15:00,PUT,3885,3825,60.0,1.4000000000000001,1.55,1.65,1.6,0.1,0.15,0.125,2,25.44,28,,,,3918.44,3919.17,PER_POS_SL,-363.99999999999994,0.0,20230317,14:25:00,0,1
20230317,14:20:00,PUT,3880,3820,60.0,1.2000000000000002,1.35,1.4,1.375,0.05,0.15,0.1,2,25.44,33,,,,3915.71,3917.97,PER_POS_SL,-493.99999999999994,0.0,20230317,14:26:00,0,1
20230317,14:25:00,PUT,3870,3810,60.0,1.35,1.5,1.6,1.55,0.1,0.15,0.125,2,25.44,35,,,,3912.01,3914.03,DAILY_LOSS_CAP,-83.99999999999999,50.00000000000004,20230317,14:52:00,0,1
20230317,14:30:00,PUT,3865,3805,60.0,1.3,1.45,1.5,1.475,0.1,0.15,0.125,2,25.44,42,,,,3909.24,3910.54,DAILY_LOSS_CAP,-4.0,100.00000000000003,20230317,14:52:00,0,1
20230317,14:35:00,PUT,3875,3815,60.0,1.55,1.7,1.75,1.725,0.1,0.15,0.125,2,25.44,34,,,,3909.23,3909.75,DAILY_LOSS_CAP,-153.99999999999994,20.000000000000018,20230317,14:52:00,0,1
20230317,14:40:00,PUT,3875,3815,60.0,1.55,1.7,1.8,1.75,0.1,0.15,0.125,2,25.44,32,,,,3908.0,3908.96,DAILY_LOSS_CAP,-153.99999999999994,20.000000000000018,20230317,14:52:00,0,1
20230317,14:45:00,PUT,3875,3815,60.0,1.4000000000000001,1.55,1.6,1.575,0.05,0.15,0.1,2,25.44,31,,,,3908.01,3907.55,DAILY_LOSS_CAP,-183.99999999999994,0.0,20230317,14:52:00,0,1
20230317,14:50:00,PUT,3875,3815,60.0,1.4,1.5,1.6,1.55,0.05,0.1,0.075,2,25.44,30,,,,3907.26,3907.33,DAILY_LOSS_CAP,-183.99999999999997,0.0,20230317,14:52:00,0,1
20230324,14:10:00,PUT,3920,3870,50.0,1.4000000000000001,1.6,1.7,1.65,0.15,0.2,0.175,1,21.76,35,,,,3951.78,3950.98,EXPIRATION,133.0,135.0,20230324,15:59:00,1,0
20230929,14:00:00,PUT,4240,4190,50.0,1.25,1.5,1.6,1.55,0.2,0.25,0.225,1,17.74,38,,,,4281.94,4282.92,EXPIRATION,118.0,120.0,20230929,15:59:00,1,0
20231013,14:05:00,PUT,4300,4250,50.0,1.55,1.75,1.85,1.8,0.1,0.2,0.15,1,19.28,31,,,,4327.16,4327.25,EXPIRATION,148.0,150.0,20231013,15:59:00,1,0
20231222,14:25:00,PUT,4715,4665,50.0,1.2,1.4,1.5,1.45,0.1,0.2,0.15,1,13.03,28,,,,4748.0,4748.99,EXPIRATION,112.99999999999999,114.99999999999999,20231222,15:59:00,1,0
20240216,14:50:00,PUT,4985,4935,50.0,1.2000000000000002,1.35,1.45,1.4,0.1,0.15,0.125,1,14.23,28,,,,5023.41,5026.16,EXPIRATION,113.00000000000001,115.00000000000001,20240216,15:59:00,1,0
20240306,14:05:00,PUT,5075,5025,50.0,1.4,1.5,1.6,1.55,0.05,0.1,0.075,1,14.43,32,,,,5105.12,5107.14,EXPIRATION,133.0,135.0,20240306,15:59:00,1,0
20240306,14:20:00,PUT,5070,5020,50.0,1.3499999999999999,1.45,1.5,1.475,0.05,0.1,0.075,2,14.43,33,,,,5102.81,5102.93,EXPIRATION,255.99999999999994,259.99999999999994,20240306,15:59:00,1,0
20240405,14:00:00,PUT,5155,5105,50.0,1.4000000000000001,2.1,2.2,2.15,0.6,0.7,0.65,1,16.13,39,,,,5199.68,5201.55,EXPIRATION,133.0,135.0,20240405,15:59:00,1,0
20240410,14:15:00,PUT,5125,5075,50.0,1.4500000000000002,1.6,1.65,1.625,0.1,0.15,0.125,3,15.79,36,,,,5158.8,5157.27,PER_POS_SL,-320.99999999999994,0.0,20240410,14:24:00,0,1
20240410,14:50:00,PUT,5130,5080,50.0,1.3,1.45,1.5,1.475,0.05,0.15,0.1,3,15.79,28,,,,5155.62,5154.75,PER_POS_SL,-486.0,0.0,20240410,14:56:00,0,1
20240410,14:00:00,PUT,5110,5060,50.0,1.3,1.5,1.65,1.575,0.15,0.2,0.175,1,15.79,44,,,,5151.71,5150.0,EXPIRATION,123.0,125.0,20240410,15:59:00,1,0
20240410,14:05:00,PUT,5120,5070,50.0,1.5,1.7,1.8,1.75,0.1,0.2,0.15,3,15.79,39,,,,5155.55,5153.61,EXPIRATION,428.99999999999994,434.99999999999994,20240410,15:59:00,1,0
20240410,14:10:00,PUT,5120,5070,50.0,1.55,1.7,1.8,1.75,0.1,0.15,0.125,3,15.79,37,,,,5157.85,5155.23,EXPIRATION,444.0,450.0,20240410,15:59:00,1,0
20240410,14:20:00,PUT,5120,5070,50.0,1.6,1.75,1.8,1.775,0.1,0.15,0.125,3,15.79,38,,,,5157.31,5157.13,EXPIRATION,459.00000000000006,465.00000000000006,20240410,15:59:00,1,0
20240410,14:30:00,PUT,5115,5065,50.0,1.2999999999999998,1.4,1.45,1.425,0.05,0.1,0.075,3,15.79,35,,,,5152.48,5153.33,EXPIRATION,368.9999999999999,374.9999999999999,20240410,15:59:00,1,0
20240410,14:35:00,PUT,5120,5070,50.0,1.35,1.5,1.6,1.55,0.1,0.15,0.125,3,15.79,30,,,,5151.18,5152.51,EXPIRATION,384.00000000000006,390.00000000000006,20240410,15:59:00,1,0
20240412,14:00:00,PUT,5090,5040,50.0,1.5,1.6,1.7,1.65,0.05,0.1,0.075,1,17.35,31,,,,5122.81,5121.56,EXPIRATION,143.0,145.0,20240412,15:59:00,1,0
20240415,14:00:00,PUT,5040,4990,50.0,1.5,1.75,1.85,1.8,0.2,0.25,0.225,1,19.21,38,,,,5075.82,5075.75,EXPIRATION,143.0,145.0,20240415,15:59:00,1,0
20240416,14:00:00,PUT,5015,4965,50.0,1.4,1.65,1.7,1.675,0.15,0.25,0.2,1,18.39,38,,,,5053.14,5054.26,EXPIRATION,133.0,135.0,20240416,15:59:00,1,0
20240417,14:05:00,PUT,5010,4960,50.0,1.2,1.3,1.35,1.325,0.05,0.1,0.075,1,18.2,28,,,,5038.16,5036.67,EXPIRATION,112.99999999999999,114.99999999999999,20240417,15:59:00,1,0
20240419,14:05:00,PUT,4945,4895,50.0,1.4,1.5,1.6,1.55,0.05,0.1,0.075,1,18.84,32,,,,4984.15,4984.53,EXPIRATION,133.0,135.0,20240419,15:59:00,1,0
20240607,14:05:00,PUT,5325,5275,50.0,1.25,1.45,1.5,1.475,0.15,0.2,0.175,1,12.22,28,,,,5361.68,5362.81,EXPIRATION,118.0,120.0,20240607,15:59:00,1,0
20240726,14:10:00,PUT,5430,5380,50.0,1.25,1.5,1.6,1.55,0.2,0.25,0.225,3,16.38,40,,,,5467.67,5466.8,PER_POS_SL,-381.0,59.999999999999986,20240726,14:42:00,0,1
20240726,14:15:00,PUT,5430,5380,50.0,1.2,1.45,1.5,1.475,0.2,0.25,0.225,3,16.38,40,,,,5468.93,5468.13,PER_POS_SL,-396.00000000000006,44.99999999999997,20240726,14:42:00,0,1
20240726,14:25:00,PUT,5430,5380,50.0,1.3499999999999999,1.65,1.7,1.675,0.25,0.3,0.275,3,16.38,36,,,,5466.19,5466.06,PER_POS_SL,-351.0,59.99999999999992,20240726,14:42:00,0,1
20240726,14:35:00,PUT,5430,5380,50.0,1.2,1.45,1.5,1.475,0.2,0.25,0.225,3,16.38,35,,,,5463.59,5464.91,PER_POS_SL,-396.00000000000006,14.999999999999947,20240726,14:42:00,0,1
20240726,14:40:00,PUT,5435,5385,50.0,1.3499999999999999,1.65,1.75,1.7,0.2,0.3,0.25,3,16.38,28,,,,5464.05,5463.69,PER_POS_SL,-591.0000000000001,0.0,20240726,14:42:00,0,1
20240726,14:00:00,PUT,5425,5375,50.0,1.35,1.6,1.7,1.65,0.2,0.25,0.225,1,16.38,42,,,,5465.67,5464.47,DAILY_LOSS_CAP,-61.999999999999986,50.000000000000014,20240726,14:42:00,0,1
20240726,14:05:00,PUT,5425,5375,50.0,1.25,1.5,1.6,1.55,0.2,0.25,0.225,3,16.38,40,,,,5465.79,5466.19,DAILY_LOSS_CAP,-215.99999999999997,120.00000000000001,20240726,14:42:00,0,1
20240802,14:20:00,PUT,5275,5225,50.0,1.2999999999999998,1.7,1.8,1.75,0.3,0.4,0.35,1,23.68,43,,,,5315.44,5315.12,EXPIRATION,122.99999999999997,124.99999999999997,20240802,15:59:00,1,0
20240802,14:25:00,PUT,5285,5235,50.0,1.4,1.75,1.85,1.8,0.3,0.35,0.325,2,23.68,41,,,,5319.31,5318.49,EXPIRATION,266.0,270.0,20240802,15:59:00,1,0
20240802,14:30:00,PUT,5290,5240,50.0,1.4,1.75,1.8,1.775,0.25,0.35,0.3,2,23.68,45,,,,5325.27,5323.12,EXPIRATION,266.0,270.0,20240802,15:59:00,1,0
20240802,14:35:00,PUT,5290,5240,50.0,1.5,1.8,1.85,1.825,0.25,0.3,0.275,2,23.68,38,,,,5330.08,5327.18,EXPIRATION,286.0,290.0,20240802,15:59:00,1,0
20240802,14:40:00,PUT,5285,5235,50.0,1.35,1.6,1.65,1.625,0.2,0.25,0.225,2,23.68,45,,,,5329.82,5328.22,EXPIRATION,256.0,260.0,20240802,15:59:00,1,0
20240802,14:45:00,PUT,5290,5240,50.0,1.6,1.85,1.9,1.875,0.15,0.25,0.2,2,23.68,35,,,,5330.26,5329.19,EXPIRATION,306.0,310.0,20240802,15:59:00,1,0
20240802,14:55:00,PUT,5295,5245,50.0,1.4000000000000001,1.6,1.7,1.65,0.1,0.2,0.15,2,23.68,39,,,,5329.85,5329.5,EXPIRATION,266.0,270.0,20240802,15:59:00,1,0
20240806,15:05:00,PUT,5200,5140,60.0,1.2,1.65,1.7,1.675,0.35,0.45,0.4,1,27.59,74,,,,5289.91,5293.99,EXPIRATION,112.99999999999999,114.99999999999999,20240806,15:59:00,1,0
20240807,14:00:00,PUT,5170,5110,60.0,1.2,1.45,1.55,1.5,0.15,0.25,0.2,1,28.25,65,,,,5236.85,5240.67,EXPIRATION,112.99999999999999,114.99999999999999,20240807,15:59:00,1,0
20240809,14:40:00,PUT,5310,5260,50.0,1.45,1.7,1.75,1.725,0.2,0.25,0.225,1,20.38,28,,,,5335.34,5334.99,EXPIRATION,138.0,140.0,20240809,15:59:00,1,0
20240809,14:45:00,PUT,5310,5260,50.0,1.2,1.45,1.5,1.475,0.15,0.25,0.2,2,20.38,30,,,,5336.92,5336.21,EXPIRATION,225.99999999999997,229.99999999999997,20240809,15:59:00,1,0
20240812,14:10:00,PUT,5305,5255,50.0,1.4,1.7,1.8,1.75,0.25,0.3,0.275,1,20.59,35,,,,5339.14,5338.75,EXPIRATION,133.0,135.0,20240812,15:59:00,1,0
20240909,14:00:00,PUT,5430,5380,50.0,1.25,1.55,1.65,1.6,0.25,0.3,0.275,1,19.53,34,,,,5468.92,5470.46,EXPIRATION,118.0,120.0,20240909,15:59:00,1,0
20240911,14:00:00,PUT,5475,5425,50.0,1.4,1.7,1.8,1.75,0.2,0.3,0.25,1,17.69,33,,,,5507.97,5507.1,EXPIRATION,133.0,135.0,20240911,15:59:00,1,0
20240913,14:05:00,PUT,5600,5550,50.0,1.2,1.45,1.5,1.475,0.2,0.25,0.225,1,16.52,30,,,,5630.41,5631.25,EXPIRATION,112.99999999999999,114.99999999999999,20240913,15:59:00,1,0
20240917,14:00:00,PUT,5605,5555,50.0,1.4000000000000001,1.55,1.6,1.575,0.1,0.15,0.125,1,17.63,28,,,,5629.69,5629.03,EXPIRATION,133.0,135.0,20240917,15:59:00,1,0
20240930,14:20:00,PUT,5685,5635,50.0,1.3,1.5,1.55,1.525,0.15,0.2,0.175,1,16.73,29,,,,5724.38,5726.97,EXPIRATION,123.0,125.0,20240930,15:59:00,1,0
20241001,14:00:00,PUT,5680,5630,50.0,1.25,1.4,1.5,1.45,0.1,0.15,0.125,1,19.16,37,,,,5708.4,5705.6,EXPIRATION,118.0,120.0,20241001,15:59:00,1,0
20241004,14:00:00,PUT,5695,5645,50.0,1.45,1.75,1.85,1.8,0.25,0.3,0.275,1,18.69,28,,,,5726.77,5726.82,EXPIRATION,138.0,140.0,20241004,15:59:00,1,0
20241025,14:05:00,PUT,5780,5730,50.0,1.45,1.7,1.8,1.75,0.2,0.25,0.225,1,20.28,28,,,,5812.6,5811.58,EXPIRATION,138.0,140.0,20241025,15:59:00,1,0
20241230,14:00:00,PUT,5905,5855,50.0,1.4500000000000002,1.6,1.7,1.65,0.1,0.15,0.125,1,17.23,31,,,,5935.81,5935.37,EXPIRATION,103.00000000000003,135.0,20241230,15:59:00,1,0
20241231,14:00:00,PUT,5840,5790,50.0,1.55,1.7,1.8,1.75,0.1,0.15,0.125,1,17.42,38,,,,5880.47,5880.68,EXPIRATION,148.0,150.0,20241231,15:59:00,1,0
20250106,14:05:00,PUT,5945,5895,50.0,1.3,1.55,1.65,1.6,0.15,0.25,0.2,1,16.02,33,,,,5978.88,5979.48,EXPIRATION,123.0,125.0,20250106,15:59:00,1,0
20250107,14:00:00,PUT,5905,5855,50.0,1.25,1.4,1.5,1.45,0.1,0.15,0.125,1,18.01,28,,,,5933.2,5933.37,PER_POS_SL,-337.00000000000006,65.0,20250107,15:14:00,0,1
20250108,14:00:00,PUT,5860,5810,50.0,1.4500000000000002,1.8,1.95,1.875,0.25,0.35,0.3,1,17.57,39,,,,5901.52,5903.37,EXPIRATION,138.0,140.0,20250108,15:59:00,1,0
20250110,14:00:00,PUT,5835,5785,50.0,1.45,1.65,1.7,1.675,0.15,0.2,0.175,1,19.5,28,,,,5860.91,5860.42,PER_POS_SL,-332.0,0.0,20250110,14:06:00,0,1
20250131,14:05:00,PUT,6025,5975,50.0,1.35,1.85,1.95,1.9,0.45,0.5,0.475,3,16.64,42,,,,6073.72,6074.98,PER_POS_SL,-456.0,0.0,20250131,14:07:00,0,1
20250131,14:00:00,PUT,6030,5980,50.0,1.35,1.85,1.9,1.875,0.45,0.5,0.475,1,16.64,42,,,,6076.24,6077.47,STOP_LOSS,-221.99999999999997,20.000000000000018,20250131,14:07:00,0,1
20250203,14:00:00,PUT,5970,5920,50.0,1.55,1.85,1.9,1.875,0.25,0.3,0.275,1,18.46,40,,,,6007.31,6005.91,EXPIRATION,148.0,150.0,20250203,15:59:00,1,0
20250203,14:05:00,PUT,5970,5920,50.0,1.3499999999999999,1.65,1.75,1.7,0.25,0.3,0.275,3,18.46,36,,,,6007.67,6006.46,EXPIRATION,383.99999999999994,389.99999999999994,20250203,15:59:00,1,0
20250203,14:10:00,PUT,5970,5920,50.0,1.2,1.45,1.55,1.5,0.2,0.25,0.225,3,18.46,43,,,,6009.23,6008.71,EXPIRATION,339.0,345.0,20250203,15:59:00,1,0
20250207,14:05:00,PUT,6005,5955,50.0,1.35,1.6,1.65,1.625,0.2,0.25,0.225,3,16.57,29,,,,6034.7,6035.35,PER_POS_SL,-366.00000000000006,0.0,20250207,14:13:00,0,1
20250207,14:00:00,PUT,6000,5950,50.0,1.4,1.7,1.75,1.725,0.25,0.3,0.275,1,16.57,31,,,,6035.83,6038.34,EXPIRATION,133.0,135.0,20250207,15:59:00,1,0
20250207,14:15:00,PUT,6000,5950,50.0,1.4,1.65,1.75,1.7,0.2,0.25,0.225,3,16.57,30,,,,6030.32,6031.4,EXPIRATION,399.0,405.0,20250207,15:59:00,1,0
20250207,14:20:00,PUT,6000,5950,50.0,1.3,1.55,1.65,1.6,0.15,0.25,0.2,3,16.57,29,,,,6029.68,6030.02,EXPIRATION,369.0,375.0,20250207,15:59:00,1,0
20250207,14:25:00,PUT,6000,5950,50.0,1.35,1.55,1.65,1.6,0.15,0.2,0.175,3,16.57,29,,,,6028.23,6029.26,EXPIRATION,384.00000000000006,390.00000000000006,20250207,15:59:00,1,0
20250221,14:00:00,PUT,6000,5950,50.0,1.3,1.6,1.65,1.625,0.25,0.3,0.275,1,18.2,31,,,,6032.98,6034.0,PER_POS_SL,-317.00000000000006,45.00000000000001,20250221,14:39:00,0,1
20250225,14:00:00,PUT,5930,5880,50.0,1.5,1.85,1.9,1.875,0.3,0.35,0.325,1,19.52,30,,,,5964.23,5965.13,EXPIRATION,143.0,145.0,20250225,15:59:00,1,0
20250226,14:00:00,PUT,5900,5850,50.0,1.3499999999999999,1.65,1.75,1.7,0.2,0.3,0.25,1,19.0,38,,,,5941.44,5943.56,EXPIRATION,127.99999999999997,129.99999999999997,20250226,15:59:00,1,0
20250228,14:20:00,PUT,5820,5770,50.0,1.3,1.6,1.65,1.625,0.25,0.3,0.275,3,19.36,49,,,,5862.51,5860.93,PER_POS_SL,-321.00000000000006,0.0,20250228,14:23:00,0,1
20250228,14:00:00,PUT,5785,5735,50.0,1.2000000000000002,1.6,1.7,1.65,0.35,0.4,0.375,1,19.36,72,,,,5861.87,5863.59,EXPIRATION,113.00000000000001,115.00000000000001,20250228,15:59:00,1,0
20250228,14:05:00,PUT,5800,5750,50.0,1.35,1.7,1.8,1.75,0.3,0.35,0.325,3,19.36,58,,,,5859.68,5861.42,EXPIRATION,384.00000000000006,390.00000000000006,20250228,15:59:00,1,0
20250228,14:10:00,PUT,5805,5755,50.0,1.4,1.75,1.85,1.8,0.3,0.35,0.325,3,19.36,50,,,,5857.71,5860.28,EXPIRATION,399.0,405.0,20250228,15:59:00,1,0
20250228,14:15:00,PUT,5805,5755,50.0,1.4,1.75,1.8,1.775,0.25,0.35,0.3,3,19.36,55,,,,5858.55,5858.73,EXPIRATION,399.0,405.0,20250228,15:59:00,1,0
20250228,14:25:00,PUT,5815,5765,50.0,1.3,1.6,1.7,1.65,0.25,0.3,0.275,3,19.36,54,,,,5863.38,5862.35,EXPIRATION,369.0,375.0,20250228,15:59:00,1,0
20250228,14:30:00,PUT,5820,5770,50.0,1.25,1.55,1.65,1.6,0.2,0.3,0.25,3,19.36,51,,,,5866.6,5864.67,EXPIRATION,353.99999999999994,359.99999999999994,20250228,15:59:00,1,0
20250228,14:35:00,PUT,5825,5775,50.0,1.2,1.45,1.5,1.475,0.2,0.25,0.225,3,19.36,51,,,,5870.98,5869.39,EXPIRATION,339.0,345.0,20250228,15:59:00,1,0
20250228,14:40:00,PUT,5840,5790,50.0,1.5,1.75,1.85,1.8,0.2,0.25,0.225,3,19.36,42,,,,5877.09,5875.17,EXPIRATION,428.99999999999994,434.99999999999994,20250228,15:59:00,1,0
20250228,14:45:00,PUT,5845,5795,50.0,1.4,1.65,1.75,1.7,0.2,0.25,0.225,3,19.36,41,,,,5882.63,5879.83,EXPIRATION,399.0,405.0,20250228,15:59:00,1,0
20250228,14:50:00,PUT,5850,5800,50.0,1.4000000000000001,1.6,1.65,1.625,0.15,0.2,0.175,3,19.36,42,,,,5886.63,5883.93,EXPIRATION,399.00000000000006,405.00000000000006,20250228,15:59:00,1,0
20250228,14:55:00,PUT,5845,5795,50.0,1.2,1.4,1.5,1.45,0.15,0.2,0.175,3,19.36,46,,,,5889.06,5886.9,EXPIRATION,339.0,345.0,20250228,15:59:00,1,0
20250228,15:00:00,PUT,5850,5800,50.0,1.25,1.55,1.65,1.6,0.25,0.3,0.275,3,19.36,45,,,,5890.74,5889.45,EXPIRATION,353.99999999999994,359.99999999999994,20250228,15:59:00,1,0
20250303,14:10:00,PUT,5860,5810,50.0,1.25,1.45,1.55,1.5,0.1,0.2,0.15,2,22.79,49,,,,5906.71,5906.54,PER_POS_SL,-314.00000000000006,0.0,20250303,14:20:00,0,1
20250303,14:45:00,PUT,5875,5825,50.0,1.4000000000000001,1.55,1.6,1.575,0.1,0.15,0.125,2,22.79,33,,,,5909.88,5907.22,PER_POS_SL,-504.0,0.0,20250303,14:50:00,0,1
20250303,14:05:00,PUT,5860,5810,50.0,1.45,1.65,1.7,1.675,0.15,0.2,0.175,2,22.79,47,,,,5905.09,5903.35,PER_POS_SL,-573.9999999999999,150.0,20250303,14:52:00,0,1
20250303,14:15:00,PUT,5855,5805,50.0,1.25,1.45,1.5,1.475,0.15,0.2,0.175,2,22.79,48,,,,5907.93,5906.01,PER_POS_SL,-454.0,140.0,20250303,14:52:00,0,1
20250303,14:35:00,PUT,5860,5810,50.0,1.25,1.45,1.5,1.475,0.1,0.2,0.15,2,22.79,45,,,,5903.05,5902.52,PER_POS_SL,-614.0,110.00000000000001,20250303,14:52:00,0,1
20250303,14:40:00,PUT,5865,5815,50.0,1.35,1.5,1.55,1.525,0.1,0.15,0.125,2,22.79,49,,,,5904.56,5903.77,PER_POS_SL,-794.0,90.00000000000003,20250303,14:52:00,0,1
20250303,14:00:00,PUT,5850,5800,50.0,1.35,1.55,1.6,1.575,0.15,0.2,0.175,1,22.79,58,,,,5899.82,5898.61,DAILY_LOSS_CAP,-152.0,95.0,20250303,14:52:00,0,1
20250305,14:00:00,PUT,5760,5710,50.0,1.35,1.7,1.8,1.75,0.3,0.35,0.325,1,21.89,63,,,,5817.98,5814.3,EXPIRATION,128.0,130.0,20250305,15:59:00,1,0
20250305,14:05:00,PUT,5770,5720,50.0,1.25,1.65,1.7,1.675,0.3,0.4,0.35,2,21.89,64,,,,5825.93,5821.81,EXPIRATION,236.0,240.0,20250305,15:59:00,1,0
20250305,14:20:00,PUT,5775,5725,50.0,1.4,2.0,2.1,2.05,0.55,0.6,0.575,2,21.89,69,,,,5846.11,5842.32,EXPIRATION,266.0,270.0,20250305,15:59:00,1,0
20250305,14:30:00,PUT,5770,5720,50.0,1.35,1.85,1.9,1.875,0.45,0.5,0.475,2,21.89,74,,,,5845.82,5845.81,EXPIRATION,256.0,260.0,20250305,15:59:00,1,0
20250307,14:25:00,PUT,5720,5670,50.0,1.35,1.7,1.8,1.75,0.3,0.35,0.325,2,23.33,58,,,,5771.26,5769.06,PER_POS_SL,-334.0,0.0,20250307,14:49:00,0,1
20250307,14:00:00,PUT,5685,5635,50.0,1.2000000000000002,1.55,1.6,1.575,0.3,0.35,0.325,1,23.33,79,,,,5759.43,5758.68,EXPIRATION,113.00000000000001,115.00000000000001,20250307,15:59:00,1,0
20250307,14:05:00,PUT,5695,5645,50.0,1.25,1.6,1.65,1.625,0.3,0.35,0.325,2,23.33,68,,,,5763.27,5761.52,EXPIRATION,236.0,240.0,20250307,15:59:00,1,0
20250307,14:15:00,PUT,5695,5645,50.0,1.35,1.75,1.85,1.8,0.35,0.4,0.375,2,23.33,67,,,,5760.2,5759.65,EXPIRATION,256.0,260.0,20250307,15:59:00,1,0
20250307,14:30:00,PUT,5715,5665,50.0,1.35,1.7,1.8,1.75,0.3,0.35,0.325,2,23.33,62,,,,5773.51,5770.57,EXPIRATION,256.0,260.0,20250307,15:59:00,1,0
20250307,14:35:00,PUT,5715,5665,50.0,1.3499999999999999,1.65,1.75,1.7,0.25,0.3,0.275,2,23.33,60,,,,5775.72,5773.55,EXPIRATION,255.99999999999994,259.99999999999994,20250307,15:59:00,1,0
20250310,14:00:00,PUT,5560,5500,60.0,1.45,1.65,1.75,1.7,0.1,0.2,0.15,1,28.0,53,,,,5613.97,5614.76,PER_POS_SL,-367.00000000000006,44.99999999999999,20250310,15:05:00,0,1
20250311,14:55:00,PUT,5570,5510,60.0,1.25,1.5,1.55,1.525,0.2,0.25,0.225,2,27.09,57,,,,5621.03,5614.39,PER_POS_SL,-474.0,0.0,20250311,15:03:00,0,1
20250311,15:00:00,PUT,5570,5510,60.0,1.4,1.65,1.75,1.7,0.2,0.25,0.225,2,27.09,54,,,,5623.8,5619.42,PER_POS_SL,-444.00000000000006,0.0,20250311,15:03:00,0,1
20250311,15:10:00,PUT,5570,5510,60.0,1.2,1.4,1.5,1.45,0.15,0.2,0.175,2,27.09,54,,,,5622.37,5622.79,PER_POS_SL,-334.0,0.0,20250311,15:16:00,0,1
20250311,14:00:00,PUT,5485,5425,60.0,1.4500000000000002,1.6,1.7,1.65,0.1,0.15,0.125,1,27.09,72,,,,5552.45,5549.82,EXPIRATION,138.0,140.0,20250311,15:59:00,1,0
20250311,14:05:00,PUT,5500,5440,60.0,1.2000000000000002,1.35,1.4,1.375,0.1,0.15,0.125,2,27.09,68,,,,5562.2,5559.64,EXPIRATION,226.00000000000003,230.00000000000003,20250311,15:59:00,1,0
20250311,14:10:00,PUT,5505,5445,60.0,1.35,1.5,1.6,1.55,0.1,0.15,0.125,2,27.09,79,,,,5569.19,5567.45,EXPIRATION,256.0,260.0,20250311,15:59:00,1,0
20250311,14:15:00,PUT,5515,5455,60.0,1.3,1.5,1.6,1.55,0.15,0.2,0.175,2,27.09,67,,,,5578.99,5572.97,EXPIRATION,246.0,250.0,20250311,15:59:00,1,0
20250311,14:20:00,PUT,5510,5450,60.0,1.4,1.65,1.7,1.675,0.2,0.25,0.225,2,27.09,79,,,,5581.7,5578.08,EXPIRATION,266.0,270.0,20250311,15:59:00,1,0
20250311,14:25:00,PUT,5520,5460,60.0,1.35,1.6,1.65,1.625,0.2,0.25,0.225,2,27.09,74,,,,5589.33,5585.53,EXPIRATION,256.0,260.0,20250311,15:59:00,1,0
20250311,14:30:00,PUT,5520,5460,60.0,1.2,1.45,1.5,1.475,0.2,0.25,0.225,2,27.09,65,,,,5589.43,5589.1,EXPIRATION,225.99999999999997,229.99999999999997,20250311,15:59:00,1,0
20250311,14:35:00,PUT,5520,5460,60.0,1.35,1.6,1.65,1.625,0.2,0.25,0.225,2,27.09,64,,,,5589.83,5588.32,EXPIRATION,256.0,260.0,20250311,15:59:00,1,0
20250311,14:40:00,PUT,5530,5470,60.0,1.2,1.45,1.5,1.475,0.2,0.25,0.225,2,27.09,67,,,,5590.86,5590.53,EXPIRATION,225.99999999999997,229.99999999999997,20250311,15:59:00,1,0
20250311,14:45:00,PUT,5555,5495,60.0,1.35,1.6,1.7,1.65,0.2,0.25,0.225,2,27.09,63,,,,5600.73,5598.96,EXPIRATION,256.0,260.0,20250311,15:59:00,1,0
20250311,14:50:00,PUT,5560,5500,60.0,1.25,1.5,1.6,1.55,0.2,0.25,0.225,2,27.09,63,,,,5610.24,5605.94,EXPIRATION,236.0,240.0,20250311,15:59:00,1,0
20250311,15:05:00,PUT,5560,5500,60.0,1.25,1.45,1.5,1.475,0.15,0.2,0.175,2,27.09,58,,,,5619.54,5619.52,EXPIRATION,236.0,240.0,20250311,15:59:00,1,0
20250311,15:20:00,PUT,5560,5500,60.0,1.5,1.7,1.8,1.75,0.15,0.2,0.175,2,27.09,52,,,,5612.99,5614.49,EXPIRATION,286.0,290.0,20250311,15:59:00,1,0
20250311,15:25:00,PUT,5550,5490,60.0,1.4000000000000001,1.55,1.6,1.575,0.1,0.15,0.125,2,27.09,51,,,,5608.25,5610.57,EXPIRATION,266.0,270.0,20250311,15:59:00,1,0
20250312,14:15:00,PUT,5540,5490,50.0,1.25,1.55,1.6,1.575,0.25,0.3,0.275,1,24.05,62,,,,5598.37,5597.66,EXPIRATION,118.0,120.0,20250312,15:59:00,1,0
20250318,14:25:00,PUT,5585,5535,50.0,1.5,1.6,1.65,1.625,0.05,0.1,0.075,1,21.65,33,,,,5612.24,5611.26,EXPIRATION,143.0,145.0,20250318,15:59:00,1,0
20250318,14:30:00,PUT,5580,5530,50.0,1.4000000000000001,1.55,1.6,1.575,0.1,0.15,0.125,2,21.65,37,,,,5613.88,5612.82,EXPIRATION,266.0,270.0,20250318,15:59:00,1,0
20250318,14:35:00,PUT,5585,5535,50.0,1.5,1.65,1.75,1.7,0.1,0.15,0.125,2,21.65,32,,,,5615.14,5613.39,EXPIRATION,286.0,290.0,20250318,15:59:00,1,0
20250318,14:50:00,PUT,5595,5545,50.0,1.2999999999999998,1.4,1.45,1.425,0.05,0.1,0.075,2,21.65,28,,,,5618.27,5617.64,EXPIRATION,245.99999999999994,249.99999999999994,20250318,15:59:00,1,0
20250321,14:00:00,PUT,5615,5565,50.0,1.55,1.8,1.85,1.825,0.2,0.25,0.225,1,19.3,38,,,,5655.34,5654.75,EXPIRATION,148.0,150.0,20250321,15:59:00,1,0
20250321,14:05:00,PUT,5620,5570,50.0,1.45,1.7,1.75,1.725,0.2,0.25,0.225,3,19.3,32,,,,5654.63,5654.51,EXPIRATION,413.99999999999994,419.99999999999994,20250321,15:59:00,1,0
20250321,14:10:00,PUT,5615,5565,50.0,1.3,1.55,1.6,1.575,0.2,0.25,0.225,3,19.3,35,,,,5651.75,5653.26,EXPIRATION,369.0,375.0,20250321,15:59:00,1,0
20250321,14:15:00,PUT,5615,5565,50.0,1.2,1.45,1.5,1.475,0.2,0.25,0.225,3,19.3,34,,,,5650.82,5651.64,EXPIRATION,339.0,345.0,20250321,15:59:00,1,0
20250321,14:20:00,PUT,5620,5570,50.0,1.2,1.45,1.55,1.5,0.2,0.25,0.225,3,19.3,32,,,,5650.55,5651.31,EXPIRATION,339.0,345.0,20250321,15:59:00,1,0
20250321,14:35:00,PUT,5620,5570,50.0,1.3,1.5,1.55,1.525,0.15,0.2,0.175,3,19.3,28,,,,5647.53,5647.54,EXPIRATION,369.0,375.0,20250321,15:59:00,1,0
20250324,14:05:00,PUT,5720,5670,50.0,1.2,1.4,1.45,1.425,0.15,0.2,0.175,1,17.5,28,,,,5750.15,5750.59,EXPIRATION,112.99999999999999,114.99999999999999,20250324,15:59:00,1,0
20250326,14:15:00,PUT,5685,5635,50.0,1.2999999999999998,1.4,1.45,1.425,0.05,0.1,0.075,3,18.36,30,,,,5709.67,5708.8,PER_POS_SL,-561.0000000000001,179.99999999999997,20250326,14:48:00,0,1
20250326,14:10:00,PUT,5680,5630,50.0,1.3,1.45,1.5,1.475,0.1,0.15,0.125,3,18.36,31,,,,5706.12,5706.15,PER_POS_SL,-440.99999999999994,240.00000000000003,20250326,14:49:00,0,1
20250326,14:00:00,PUT,5670,5620,50.0,1.2000000000000002,1.35,1.4,1.375,0.1,0.15,0.125,1,18.36,37,,,,5705.52,5706.45,EXPIRATION,113.00000000000001,115.00000000000001,20250326,15:59:00,1,0
20250328,14:00:00,PUT,5555,5505,50.0,1.45,1.9,1.95,1.925,0.35,0.45,0.4,1,21.54,32,,,,5581.93,5581.17,EXPIRATION,138.0,140.0,20250328,15:59:00,1,0
20250328,14:05:00,PUT,5555,5505,50.0,1.45,1.75,1.8,1.775,0.2,0.3,0.25,2,21.54,29,,,,5583.63,5582.85,EXPIRATION,276.0,280.0,20250328,15:59:00,1,0
20250328,14:10:00,PUT,5555,5505,50.0,1.2,1.45,1.5,1.475,0.2,0.25,0.225,2,21.54,33,,,,5585.24,5584.05,EXPIRATION,225.99999999999997,229.99999999999997,20250328,15:59:00,1,0
20250328,14:15:00,PUT,5555,5505,50.0,1.2,1.45,1.5,1.475,0.2,0.25,0.225,2,21.54,32,,,,5586.8,5585.33,EXPIRATION,225.99999999999997,229.99999999999997,20250328,15:59:00,1,0
20250331,14:05:00,PUT,5520,5470,50.0,1.25,1.65,1.75,1.7,0.35,0.4,0.375,1,22.18,47,,,,5561.37,5559.25,EXPIRATION,118.0,120.0,20250331,15:59:00,1,0
20250331,14:15:00,PUT,5530,5480,50.0,1.2000000000000002,1.55,1.6,1.575,0.25,0.35,0.3,2,22.18,50,,,,5578.3,5574.56,EXPIRATION,226.00000000000003,230.00000000000003,20250331,15:59:00,1,0
20250401,14:40:00,PUT,5555,5505,50.0,1.4,1.65,1.75,1.7,0.2,0.25,0.225,1,21.84,35,,,,5589.94,5589.8,EXPIRATION,133.0,135.0,20250401,15:59:00,1,0
20250401,14:50:00,PUT,5555,5505,50.0,1.2,1.4,1.45,1.425,0.15,0.2,0.175,2,21.84,31,,,,5589.31,5589.14,EXPIRATION,225.99999999999997,229.99999999999997,20250401,15:59:00,1,0
20250401,14:55:00,PUT,5560,5510,50.0,1.25,1.45,1.5,1.475,0.15,0.2,0.175,2,21.84,35,,,,5589.33,5589.05,EXPIRATION,236.0,240.0,20250401,15:59:00,1,0
20250423,14:00:00,PUT,5330,5270,60.0,1.2000000000000002,1.55,1.65,1.6,0.25,0.35,0.3,1,28.45,73,,,,5397.87,5395.15,EXPIRATION,113.00000000000001,115.00000000000001,20250423,15:59:00,1,0
20250423,14:05:00,PUT,5325,5265,60.0,1.2000000000000002,1.55,1.65,1.6,0.25,0.35,0.3,2,28.45,73,,,,5397.1,5395.79,EXPIRATION,226.00000000000003,230.00000000000003,20250423,15:59:00,1,0
20250423,14:10:00,PUT,5330,5270,60.0,1.25,1.6,1.7,1.65,0.25,0.35,0.3,2,28.45,67,,,,5397.86,5395.84,EXPIRATION,236.0,240.0,20250423,15:59:00,1,0
20250423,14:15:00,PUT,5335,5275,60.0,1.4,1.8,1.9,1.85,0.35,0.4,0.375,2,28.45,67,,,,5399.12,5399.17,EXPIRATION,266.0,270.0,20250423,15:59:00,1,0
20250423,14:20:00,PUT,5335,5275,60.0,1.25,1.6,1.65,1.625,0.25,0.35,0.3,2,28.45,67,,,,5398.92,5399.5,EXPIRATION,236.0,240.0,20250423,15:59:00,1,0
20250423,14:25:00,PUT,5335,5275,60.0,1.35,1.7,1.75,1.725,0.3,0.35,0.325,2,28.45,55,,,,5397.43,5397.46,EXPIRATION,256.0,260.0,20250423,15:59:00,1,0
20250423,14:35:00,PUT,5330,5270,60.0,1.25,1.55,1.65,1.6,0.25,0.3,0.275,2,28.45,57,,,,5390.47,5391.8,EXPIRATION,236.0,240.0,20250423,15:59:00,1,0
20250423,14:40:00,PUT,5335,5275,60.0,1.25,1.55,1.65,1.6,0.2,0.3,0.25,2,28.45,50,,,,5386.73,5389.42,EXPIRATION,236.0,240.0,20250423,15:59:00,1,0
20250423,14:50:00,PUT,5340,5280,60.0,1.4,1.7,1.8,1.75,0.2,0.3,0.25,2,28.45,39,,,,5382.44,5383.28,EXPIRATION,266.0,270.0,20250423,15:59:00,1,0
20250423,14:55:00,PUT,5335,5275,60.0,1.2,1.45,1.55,1.5,0.15,0.25,0.2,2,28.45,47,,,,5380.6,5381.6,EXPIRATION,225.99999999999997,229.99999999999997,20250423,15:59:00,1,0
20250423,15:00:00,PUT,5340,5280,60.0,1.35,1.6,1.7,1.65,0.2,0.25,0.225,2,28.45,43,,,,5381.96,5382.44,EXPIRATION,256.0,260.0,20250423,15:59:00,1,0
20250425,14:00:00,PUT,5445,5385,60.0,1.35,1.7,1.8,1.75,0.3,0.35,0.325,1,25.01,50,,,,5495.53,5497.79,EXPIRATION,128.0,130.0,20250425,15:59:00,1,0
20250428,14:00:00,PUT,5455,5395,60.0,1.2000000000000002,1.35,1.45,1.4,0.1,0.15,0.125,1,25.03,40,,,,5490.15,5488.08,EXPIRATION,113.00000000000001,115.00000000000001,20250428,15:59:00,1,0
20250428,14:05:00,PUT,5460,5400,60.0,1.3,1.45,1.55,1.5,0.1,0.15,0.125,2,25.03,35,,,,5492.76,5491.1,EXPIRATION,246.0,250.0,20250428,15:59:00,1,0
20250428,14:10:00,PUT,5460,5400,60.0,1.25,1.4,1.45,1.425,0.1,0.15,0.125,2,25.03,33,,,,5494.33,5493.17,EXPIRATION,236.0,240.0,20250428,15:59:00,1,0
20250428,14:15:00,PUT,5465,5405,60.0,1.5,1.7,1.75,1.725,0.1,0.2,0.15,2,25.03,32,,,,5494.84,5493.91,EXPIRATION,286.0,290.0,20250428,15:59:00,1,0
20250428,14:20:00,PUT,5465,5405,60.0,1.5,1.7,1.75,1.725,0.1,0.2,0.15,2,25.03,29,,,,5494.2,5494.32,EXPIRATION,286.0,290.0,20250428,15:59:00,1,0
20250428,14:25:00,PUT,5470,5410,60.0,1.25,1.4,1.5,1.45,0.1,0.15,0.125,2,25.03,30,,,,5495.81,5495.6,EXPIRATION,236.0,240.0,20250428,15:59:00,1,0
20250428,14:30:00,PUT,5475,5415,60.0,1.55,1.75,1.85,1.8,0.15,0.2,0.175,2,25.03,28,,,,5499.38,5498.21,EXPIRATION,296.0,300.0,20250428,15:59:00,1,0
20250428,14:35:00,PUT,5470,5410,60.0,1.4000000000000001,1.55,1.6,1.575,0.1,0.15,0.125,2,25.03,30,,,,5500.33,5499.78,EXPIRATION,266.0,270.0,20250428,15:59:00,1,0
20250430,14:10:00,PUT,5480,5430,50.0,1.4000000000000001,1.85,2.05,1.95,0.35,0.45,0.4,1,24.92,56,,,,5525.48,5525.4,STOP_LOSS,-16.999999999999993,55.000000000000014,20250430,14:30:00,0,1
20250430,14:15:00,PUT,5480,5430,50.0,1.3,1.6,1.65,1.625,0.25,0.3,0.275,2,24.92,56,,,,5529.43,5528.86,STOP_LOSS,-54.0,90.00000000000001,20250430,14:30:00,0,1
20250430,14:20:00,PUT,5490,5440,50.0,1.4,1.7,1.75,1.725,0.25,0.3,0.275,2,24.92,44,,,,5531.87,5530.2,STOP_LOSS,-224.00000000000003,0.0,20250430,14:30:00,0,1
20250430,14:25:00,PUT,5490,5440,50.0,1.45,1.75,1.85,1.8,0.25,0.3,0.275,2,24.92,39,,,,5532.71,5530.5,STOP_LOSS,-214.0,9.999999999999964,20250430,14:30:00,0,1
20250520,14:30:00,PUT,5895,5845,50.0,1.55,1.75,1.85,1.8,0.15,0.2,0.175,1,17.95,28,,,,5928.95,5931.82,EXPIRATION,148.0,150.0,20250520,15:59:00,1,0
20250521,14:20:00,PUT,5825,5775,50.0,1.35,1.6,1.65,1.625,0.2,0.25,0.225,1,20.74,33,,,,5865.44,5865.43,PER_POS_SL,-306.99999999999994,85.00000000000001,20250521,15:11:00,0,1
20250528,14:55:00,PUT,5870,5820,50.0,1.2,1.65,1.7,1.675,0.35,0.45,0.4,1,19.33,33,,,,5907.32,5908.7,EXPIRATION,112.99999999999999,114.99999999999999,20250528,15:59:00,1,0
20250530,14:00:00,PUT,5825,5775,50.0,1.5,1.8,1.85,1.825,0.25,0.3,0.275,1,18.68,51,,,,5873.17,5873.63,EXPIRATION,143.0,145.0,20250530,15:59:00,1,0
20250530,14:05:00,PUT,5830,5780,50.0,1.25,1.55,1.6,1.575,0.2,0.3,0.25,3,18.68,46,,,,5875.34,5874.08,EXPIRATION,353.99999999999994,359.99999999999994,20250530,15:59:00,1,0
20250530,14:10:00,PUT,5840,5790,50.0,1.5,1.75,1.8,1.775,0.2,0.25,0.225,3,18.68,47,,,,5879.26,5878.35,EXPIRATION,428.99999999999994,434.99999999999994,20250530,15:59:00,1,0
20250530,14:15:00,PUT,5840,5790,50.0,1.4,1.65,1.7,1.675,0.2,0.25,0.225,3,18.68,48,,,,5883.1,5881.53,EXPIRATION,399.0,405.0,20250530,15:59:00,1,0
20250530,14:20:00,PUT,5850,5800,50.0,1.5,1.75,1.85,1.8,0.2,0.25,0.225,3,18.68,44,,,,5887.64,5885.45,EXPIRATION,428.99999999999994,434.99999999999994,20250530,15:59:00,1,0
20250530,14:25:00,PUT,5850,5800,50.0,1.4,1.65,1.75,1.7,0.2,0.25,0.225,3,18.68,46,,,,5891.98,5889.21,EXPIRATION,399.0,405.0,20250530,15:59:00,1,0
20250530,14:30:00,PUT,5850,5800,50.0,1.35,1.55,1.6,1.575,0.15,0.2,0.175,3,18.68,44,,,,5893.21,5892.36,EXPIRATION,384.00000000000006,390.00000000000006,20250530,15:59:00,1,0
20250530,14:35:00,PUT,5850,5800,50.0,1.4,1.65,1.7,1.675,0.2,0.25,0.225,3,18.68,42,,,,5894.08,5892.85,EXPIRATION,399.0,405.0,20250530,15:59:00,1,0
20250530,14:40:00,PUT,5855,5805,50.0,1.25,1.5,1.6,1.55,0.15,0.25,0.2,3,18.68,38,,,,5893.88,5893.9,EXPIRATION,353.99999999999994,359.99999999999994,20250530,15:59:00,1,0
20250530,14:45:00,PUT,5855,5805,50.0,1.55,1.8,1.85,1.825,0.2,0.25,0.225,3,18.68,38,,,,5892.84,5893.2,EXPIRATION,444.0,450.0,20250530,15:59:00,1,0
20250530,14:50:00,PUT,5860,5810,50.0,1.4,1.65,1.7,1.675,0.15,0.25,0.2,3,18.68,35,,,,5893.23,5893.33,EXPIRATION,399.0,405.0,20250530,15:59:00,1,0
20250530,14:55:00,PUT,5860,5810,50.0,1.35,1.55,1.6,1.575,0.15,0.2,0.175,3,18.68,36,,,,5895.04,5894.59,EXPIRATION,384.00000000000006,390.00000000000006,20250530,15:59:00,1,0
20250530,15:00:00,PUT,5860,5810,50.0,1.25,1.45,1.5,1.475,0.15,0.2,0.175,3,18.68,40,,,,5896.76,5896.03,EXPIRATION,353.99999999999994,359.99999999999994,20250530,15:59:00,1,0
20250530,15:10:00,PUT,5865,5815,50.0,1.35,1.55,1.65,1.6,0.15,0.2,0.175,3,18.68,41,,,,5903.69,5902.34,EXPIRATION,384.00000000000006,390.00000000000006,20250530,15:59:00,1,0
20250611,14:00:00,PUT,6005,5955,50.0,1.3,1.55,1.65,1.6,0.15,0.25,0.2,1,17.39,31,,,,6038.25,6040.14,PER_POS_SL,-377.0,9.999999999999986,20250611,14:04:00,0,1
20250613,14:00:00,PUT,5975,5925,50.0,1.4500000000000002,1.85,1.9,1.875,0.35,0.4,0.375,1,21.04,34,,,,6005.89,6005.38,PER_POS_SL,-376.9999999999999,35.00000000000003,20250613,14:16:00,0,1
20250613,14:05:00,PUT,5965,5915,50.0,1.45,1.95,2.05,2.0,0.4,0.5,0.45,2,21.04,35,,,,6005.2,6004.74,PER_POS_SL,-434.00000000000006,0.0,20250613,14:16:00,0,1
20250613,14:55:00,PUT,5945,5895,50.0,1.3499999999999999,1.65,1.75,1.7,0.25,0.3,0.275,2,21.04,32,,,,5973.25,5972.74,EXPIRATION,255.99999999999994,259.99999999999994,20250613,15:59:00,1,0
20250617,14:10:00,PUT,5950,5900,50.0,1.2,1.5,1.55,1.525,0.25,0.3,0.275,1,21.4,37,,,,5985.42,5985.11,EXPIRATION,112.99999999999999,114.99999999999999,20250617,15:59:00,1,0
20250617,14:20:00,PUT,5950,5900,50.0,1.2,1.5,1.6,1.55,0.25,0.3,0.275,2,21.4,34,,,,5983.93,5983.84,EXPIRATION,225.99999999999997,229.99999999999997,20250617,15:59:00,1,0
20250617,14:25:00,PUT,5950,5900,50.0,1.35,1.7,1.8,1.75,0.3,0.35,0.325,2,21.4,31,,,,5983.28,5983.2,EXPIRATION,256.0,260.0,20250617,15:59:00,1,0
20250627,14:40:00,PUT,6110,6060,50.0,1.25,1.55,1.65,1.6,0.25,0.3,0.275,1,16.36,28,,,,6144.84,6146.45,EXPIRATION,118.0,120.0,20250627,15:59:00,1,0
20250630,14:00:00,PUT,6155,6105,50.0,1.35,1.6,1.65,1.625,0.2,0.25,0.225,1,16.65,29,,,,6182.95,6183.13,EXPIRATION,128.0,130.0,20250630,15:59:00,1,0
20250707,14:25:00,PUT,6180,6130,50.0,1.3,1.55,1.65,1.6,0.2,0.25,0.225,1,17.76,29,,,,6211.26,6213.48,EXPIRATION,123.0,125.0,20250707,15:59:00,1,0
20250707,14:30:00,PUT,6175,6125,50.0,1.4,1.7,1.75,1.725,0.2,0.3,0.25,3,17.76,28,,,,6207.02,6209.99,EXPIRATION,399.0,405.0,20250707,15:59:00,1,0
20250801,14:25:00,PUT,6200,6150,50.0,1.3,1.45,1.55,1.5,0.1,0.15,0.125,1,20.63,28,,,,6222.28,6221.94,EXPIRATION,123.0,125.0,20250801,15:59:00,1,0
20250801,14:30:00,PUT,6205,6155,50.0,1.3,1.45,1.5,1.475,0.05,0.15,0.1,2,20.63,32,,,,6228.93,6226.63,EXPIRATION,246.0,250.0,20250801,15:59:00,1,0
20250801,14:35:00,PUT,6210,6160,50.0,1.2,1.3,1.4,1.35,0.05,0.1,0.075,2,20.63,32,,,,6234.55,6231.94,EXPIRATION,225.99999999999997,229.99999999999997,20250801,15:59:00,1,0
20251003,14:00:00,PUT,6685,6635,50.0,1.4500000000000002,1.8,1.9,1.85,0.3,0.35,0.325,1,16.54,28,,,,6714.79,6717.21,EXPIRATION,138.0,140.0,20251003,15:59:00,1,0
20251010,14:25:00,PUT,6590,6540,50.0,1.35,1.6,1.7,1.65,0.2,0.25,0.225,2,21.99,32,,,,6617.82,6616.86,PER_POS_SL,-384.0,0.0,20251010,14:36:00,0,1
20251010,14:30:00,PUT,6585,6535,50.0,1.45,1.75,1.85,1.8,0.25,0.3,0.275,2,21.99,30,,,,6618.35,6617.51,PER_POS_SL,-473.99999999999994,39.99999999999999,20251010,14:45:00,0,1
20251010,14:20:00,PUT,6575,6525,50.0,1.25,1.55,1.65,1.6,0.25,0.3,0.275,1,21.99,45,,,,6615.15,6614.62,PER_POS_SL,-312.00000000000006,70.0,20251010,14:53:00,0,1
20251015,14:00:00,PUT,6620,6570,50.0,1.2999999999999998,1.7,1.8,1.75,0.35,0.4,0.375,1,20.45,46,,,,6661.9,6659.58,EXPIRATION,122.99999999999997,124.99999999999997,20251015,15:59:00,1,0
20251017,14:00:00,PUT,6600,6550,50.0,1.25,1.7,1.75,1.725,0.4,0.45,0.425,1,21.09,54,,,,6645.64,6644.57,EXPIRATION,118.0,120.0,20251017,15:59:00,1,0
20251017,14:05:00,PUT,6610,6560,50.0,1.4,1.9,1.95,1.925,0.45,0.5,0.475,2,21.09,48,,,,6651.43,6647.76,EXPIRATION,266.0,270.0,20251017,15:59:00,1,0
20251017,14:10:00,PUT,6615,6565,50.0,1.2999999999999998,1.7,1.8,1.75,0.35,0.4,0.375,2,21.09,46,,,,6656.12,6653.91,EXPIRATION,245.99999999999994,249.99999999999994,20251017,15:59:00,1,0
20251017,14:15:00,PUT,6615,6565,50.0,1.25,1.65,1.7,1.675,0.35,0.4,0.375,2,21.09,46,,,,6658.0,6656.59,EXPIRATION,236.0,240.0,20251017,15:59:00,1,0
20251022,14:05:00,PUT,6630,6580,50.0,1.35,1.7,1.8,1.75,0.3,0.35,0.325,3,18.56,44,,,,6668.24,6667.14,PER_POS_SL,-306.0,75.0,20251022,14:17:00,0,1
20251022,14:10:00,PUT,6630,6580,50.0,1.2999999999999998,1.65,1.7,1.675,0.3,0.35,0.325,3,18.56,44,,,,6670.28,6669.39,PER_POS_SL,-321.00000000000006,59.99999999999992,20251022,14:17:00,0,1
20251022,14:00:00,PUT,6620,6570,50.0,1.2000000000000002,1.6,1.65,1.625,0.3,0.4,0.35,1,18.56,53,,,,6663.95,6663.63,EXPIRATION,113.00000000000001,115.00000000000001,20251022,15:59:00,1,0
20251022,14:20:00,PUT,6620,6570,50.0,1.25,1.65,1.75,1.7,0.35,0.4,0.375,3,18.56,53,,,,6668.72,6669.4,EXPIRATION,353.99999999999994,359.99999999999994,20251022,15:59:00,1,0
20251022,14:25:00,PUT,6650,6600,50.0,1.25,1.5,1.55,1.525,0.2,0.25,0.225,3,18.56,32,,,,6674.98,6674.08,EXPIRATION,353.99999999999994,359.99999999999994,20251022,15:59:00,1,0
20251022,14:30:00,PUT,6645,6595,50.0,1.2,1.45,1.55,1.5,0.2,0.25,0.225,3,18.56,34,,,,6675.87,6675.74,EXPIRATION,339.0,345.0,20251022,15:59:00,1,0
20251022,14:35:00,PUT,6650,6600,50.0,1.5,1.75,1.85,1.8,0.2,0.25,0.225,3,18.56,28,,,,6678.51,6675.66,EXPIRATION,428.99999999999994,434.99999999999994,20251022,15:59:00,1,0
20251022,14:45:00,PUT,6655,6605,50.0,1.25,1.45,1.55,1.5,0.15,0.2,0.175,3,18.56,28,,,,6680.5,6680.67,EXPIRATION,353.99999999999994,359.99999999999994,20251022,15:59:00,1,0
20251031,14:00:00,PUT,6790,6740,50.0,1.3499999999999999,1.65,1.75,1.7,0.2,0.3,0.25,1,17.41,43,,,,6831.38,6829.56,EXPIRATION,127.99999999999997,129.99999999999997,20251031,15:59:00,1,0
20251031,14:05:00,PUT,6805,6755,50.0,1.5,1.8,1.85,1.825,0.2,0.3,0.25,3,17.41,33,,,,6834.84,6833.5,EXPIRATION,428.99999999999994,434.99999999999994,20251031,15:59:00,1,0
20251031,14:10:00,PUT,6805,6755,50.0,1.35,1.6,1.65,1.625,0.2,0.25,0.225,3,17.41,34,,,,6836.57,6835.98,EXPIRATION,384.00000000000006,390.00000000000006,20251031,15:59:00,1,0
20251031,14:15:00,PUT,6810,6760,50.0,1.45,1.75,1.85,1.8,0.2,0.3,0.25,3,17.41,29,,,,6839.13,6837.63,EXPIRATION,413.99999999999994,419.99999999999994,20251031,15:59:00,1,0
20251031,14:20:00,PUT,6805,6755,50.0,1.3,1.6,1.65,1.625,0.2,0.3,0.25,3,17.41,35,,,,6838.95,6838.33,EXPIRATION,369.0,375.0,20251031,15:59:00,1,0
20251031,14:25:00,PUT,6815,6765,50.0,1.25,1.5,1.55,1.525,0.2,0.25,0.225,3,17.41,29,,,,6841.88,6840.9,EXPIRATION,353.99999999999994,359.99999999999994,20251031,15:59:00,1,0
20251031,14:30:00,PUT,6815,6765,50.0,1.2,1.5,1.6,1.55,0.2,0.3,0.25,3,17.41,31,,,,6842.73,6842.26,EXPIRATION,339.0,345.0,20251031,15:59:00,1,0
20251031,14:35:00,PUT,6815,6765,50.0,1.25,1.5,1.55,1.525,0.2,0.25,0.225,3,17.41,29,,,,6843.96,6842.99,EXPIRATION,353.99999999999994,359.99999999999994,20251031,15:59:00,1,0
20251104,14:00:00,PUT,6755,6705,50.0,1.35,1.5,1.55,1.525,0.1,0.15,0.125,1,18.84,28,,,,6780.79,6779.15,EXPIRATION,128.0,130.0,20251104,15:59:00,1,0
20251107,14:00:00,PUT,6640,6590,50.0,1.4000000000000001,1.6,1.65,1.625,0.15,0.2,0.175,1,19.25,35,,,,6672.93,6673.59,EXPIRATION,133.0,135.0,20251107,15:59:00,1,0
20251107,14:05:00,PUT,6645,6595,50.0,1.4000000000000001,1.6,1.65,1.625,0.15,0.2,0.175,3,19.25,33,,,,6675.0,6675.4,EXPIRATION,399.00000000000006,405.00000000000006,20251107,15:59:00,1,0
20251107,14:10:00,PUT,6650,6600,50.0,1.6,1.8,1.85,1.825,0.15,0.2,0.175,3,19.25,28,,,,6678.76,6676.45,EXPIRATION,459.00000000000006,465.00000000000006,20251107,15:59:00,1,0
20251107,14:15:00,PUT,6655,6605,50.0,1.6500000000000001,1.85,1.9,1.875,0.15,0.2,0.175,3,19.25,29,,,,6680.95,6679.52,EXPIRATION,474.00000000000006,480.00000000000006,20251107,15:59:00,1,0
20251107,14:20:00,PUT,6650,6600,50.0,1.5,1.65,1.75,1.7,0.1,0.15,0.125,3,19.25,33,,,,6682.36,6681.02,EXPIRATION,428.99999999999994,434.99999999999994,20251107,15:59:00,1,0
20251107,14:30:00,PUT,6655,6605,50.0,1.25,1.4,1.45,1.425,0.1,0.15,0.125,3,19.25,36,,,,6684.82,6683.58,EXPIRATION,353.99999999999994,359.99999999999994,20251107,15:59:00,1,0
20251107,14:35:00,PUT,6665,6615,50.0,1.25,1.4,1.45,1.425,0.1,0.15,0.125,3,19.25,31,,,,6690.08,6688.75,EXPIRATION,353.99999999999994,359.99999999999994,20251107,15:59:00,1,0
20251107,14:40:00,PUT,6675,6625,50.0,1.6500000000000001,1.8,1.85,1.825,0.1,0.15,0.125,3,19.25,35,,,,6696.54,6694.03,EXPIRATION,474.00000000000006,480.00000000000006,20251107,15:59:00,1,0
20251107,14:45:00,PUT,6680,6630,50.0,1.55,1.7,1.75,1.725,0.1,0.15,0.125,3,19.25,31,,,,6705.38,6701.15,EXPIRATION,444.0,450.0,20251107,15:59:00,1,0
20251107,14:50:00,PUT,6680,6630,50.0,1.45,1.65,1.7,1.675,0.15,0.2,0.175,3,19.25,33,,,,6708.88,6705.96,EXPIRATION,413.99999999999994,419.99999999999994,20251107,15:59:00,1,0
20251118,14:15:00,PUT,6615,6565,50.0,1.5,1.85,1.9,1.875,0.3,0.35,0.325,1,24.39,35,,,,6651.74,6651.32,EXPIRATION,103.0,140.0,20251118,15:59:00,1,0
20251119,14:05:00,PUT,6595,6545,50.0,1.35,1.7,1.75,1.725,0.25,0.35,0.3,1,23.6,39,,,,6637.18,6635.66,PER_POS_SL,-357.0,15.000000000000014,20251119,14:27:00,0,1
20251212,14:10:00,PUT,6800,6750,50.0,1.2,1.45,1.5,1.475,0.15,0.25,0.2,1,15.76,31,,,,6833.75,6835.2,EXPIRATION,112.99999999999999,114.99999999999999,20251212,15:59:00,1,0
20251217,14:00:00,PUT,6705,6655,50.0,1.3,1.45,1.5,1.475,0.1,0.15,0.125,1,17.83,28,,,,6732.95,6732.84,EXPIRATION,123.0,125.0,20251217,15:59:00,1,0
20260120,14:10:00,PUT,6775,6725,50.0,1.25,1.45,1.5,1.475,0.15,0.2,0.175,1,20.45,35,,,,6811.65,6811.19,EXPIRATION,118.0,120.0,20260120,15:59:00,1,0
20260130,14:25:00,PUT,6910,6860,50.0,1.2,1.4,1.5,1.45,0.15,0.2,0.175,3,17.52,34,,,,6943.21,6943.42,PER_POS_SL,-411.0,89.99999999999999,20260130,14:30:00,0,1
20260130,14:00:00,PUT,6895,6845,50.0,1.45,1.7,1.75,1.725,0.2,0.25,0.225,1,17.52,46,,,,6931.2,6927.44,STOP_LOSS,32.999999999999986,110.00000000000001,20260130,14:30:00,1,0
20260130,14:05:00,PUT,6900,6850,50.0,1.25,1.45,1.5,1.475,0.15,0.2,0.175,3,17.52,45,,,,6937.55,6933.68,STOP_LOSS,-81.0,225.0,20260130,14:30:00,0,1
20260130,14:10:00,PUT,6905,6855,50.0,1.4000000000000001,1.6,1.65,1.625,0.15,0.2,0.175,3,17.52,39,,,,6941.9,6939.54,STOP_LOSS,-170.99999999999994,225.00000000000006,20260130,14:30:00,0,1
20260130,14:15:00,PUT,6905,6855,50.0,1.3,1.5,1.55,1.525,0.15,0.2,0.175,3,17.52,37,,,,6942.34,6940.81,STOP_LOSS,-200.99999999999997,195.00000000000003,20260130,14:30:00,0,1
20260130,14:20:00,PUT,6905,6855,50.0,1.2,1.4,1.45,1.425,0.15,0.2,0.175,3,17.52,40,,,,6942.96,6942.17,STOP_LOSS,-231.0,165.0,20260130,14:30:00,0,1
20260203,14:00:00,PUT,6830,6780,50.0,1.4500000000000002,1.8,1.85,1.825,0.3,0.35,0.325,1,17.9,42,,,,6876.16,6877.37,EXPIRATION,138.0,140.0,20260203,15:59:00,1,0
20260204,14:00:00,PUT,6825,6775,50.0,1.2,1.4,1.45,1.425,0.15,0.2,0.175,1,19.07,40,,,,6866.73,6865.77,EXPIRATION,112.99999999999999,114.99999999999999,20260204,15:59:00,1,0
20260218,14:40:00,PUT,6840,6790,50.0,1.35,1.6,1.65,1.625,0.15,0.25,0.2,1,19.58,31,,,,6875.27,6876.29,EXPIRATION,128.0,130.0,20260218,15:59:00,1,0
20260227,14:05:00,PUT,6830,6780,50.0,1.3,1.5,1.55,1.525,0.15,0.2,0.175,3,19.98,32,,,,6857.06,6856.26,PER_POS_SL,-350.99999999999994,6.661338147750939e-14,20260227,14:10:00,0,1
20260227,14:00:00,PUT,6820,6770,50.0,1.3,1.55,1.6,1.575,0.2,0.25,0.225,1,19.98,36,,,,6853.33,6853.73,STOP_LOSS,-7.000000000000004,65.0,20260227,14:10:00,0,1
20260306,14:00:00,PUT,6705,6645,60.0,1.3499999999999999,1.65,1.7,1.675,0.25,0.3,0.275,1,29.9,50,,,,6755.31,6755.69,EXPIRATION,127.99999999999997,129.99999999999997,20260306,15:59:00,1,0
20260309,14:00:00,PUT,6665,6615,50.0,1.4,1.9,1.95,1.925,0.45,0.5,0.475,1,24.88,38,,,,6701.2,6700.14,EXPIRATION,133.0,135.0,20260309,15:59:00,1,0
20260309,14:05:00,PUT,6670,6620,50.0,1.2999999999999998,1.7,1.75,1.725,0.35,0.4,0.375,2,24.88,38,,,,6703.34,6702.3,EXPIRATION,245.99999999999994,249.99999999999994,20260309,15:59:00,1,0
20260309,14:10:00,PUT,6670,6620,50.0,1.2000000000000002,1.55,1.6,1.575,0.3,0.35,0.325,2,24.88,35,,,,6704.45,6703.45,EXPIRATION,226.00000000000003,230.00000000000003,20260309,15:59:00,1,0
20260309,14:25:00,PUT,6685,6635,50.0,1.25,1.6,1.65,1.625,0.3,0.35,0.325,2,24.88,28,,,,6711.08,6710.54,EXPIRATION,236.0,240.0,20260309,15:59:00,1,0
20260309,14:30:00,PUT,6685,6635,50.0,1.25,1.6,1.65,1.625,0.25,0.35,0.3,2,24.88,30,,,,6712.65,6711.29,EXPIRATION,236.0,240.0,20260309,15:59:00,1,0
20260309,14:35:00,PUT,6695,6645,50.0,1.2999999999999998,1.65,1.7,1.675,0.3,0.35,0.325,2,24.88,28,,,,6716.47,6714.76,EXPIRATION,245.99999999999994,249.99999999999994,20260309,15:59:00,1,0
20260309,14:45:00,PUT,6695,6645,50.0,1.4500000000000002,1.85,1.9,1.875,0.35,0.4,0.375,2,24.88,28,,,,6720.68,6719.46,EXPIRATION,276.0,280.0,20260309,15:59:00,1,0
20260310,14:00:00,PUT,6795,6735,60.0,1.2000000000000002,1.55,1.6,1.575,0.3,0.35,0.325,1,25.46,36,,,,6832.6,6831.38,PER_POS_SL,-982.0000000000001,15.000000000000014,20260310,14:15:00,0,1
20260311,14:00:00,PUT,6715,6665,50.0,1.25,1.55,1.6,1.575,0.25,0.3,0.275,1,24.27,46,,,,6760.65,6759.78,EXPIRATION,118.0,120.0,20260311,15:59:00,1,0
20260313,14:40:00,PUT,6620,6560,60.0,1.25,1.4,1.45,1.425,0.1,0.15,0.125,2,27.22,32,,,,6648.22,6646.61,PER_POS_SL,-334.0,100.0,20260313,15:22:00,0,1
20260313,14:45:00,PUT,6625,6565,60.0,1.3,1.45,1.55,1.5,0.1,0.15,0.125,2,27.22,29,,,,6651.63,6649.23,PER_POS_SL,-544.0,60.00000000000001,20260313,15:22:00,0,1
20260313,14:35:00,PUT,6620,6560,60.0,1.6500000000000001,1.8,1.9,1.85,0.1,0.15,0.125,2,27.22,31,,,,6644.7,6644.0,PER_POS_SL,-313.99999999999994,180.00000000000003,20260313,15:27:00,0,1
20260313,14:00:00,PUT,6585,6525,60.0,1.25,1.55,1.65,1.6,0.25,0.3,0.275,1,27.22,53,,,,6637.55,6639.78,EXPIRATION,118.0,120.0,20260313,15:59:00,1,0
20260313,14:05:00,PUT,6595,6535,60.0,1.25,1.55,1.6,1.575,0.25,0.3,0.275,2,27.22,46,,,,6638.21,6639.74,EXPIRATION,236.0,240.0,20260313,15:59:00,1,0
20260313,14:10:00,PUT,6595,6535,60.0,1.3,1.6,1.7,1.65,0.25,0.3,0.275,2,27.22,47,,,,6639.49,6638.67,EXPIRATION,246.0,250.0,20260313,15:59:00,1,0
20260313,14:15:00,PUT,6600,6540,60.0,1.25,1.5,1.55,1.525,0.2,0.25,0.225,2,27.22,42,,,,6641.22,6640.63,EXPIRATION,236.0,240.0,20260313,15:59:00,1,0
20260313,14:20:00,PUT,6600,6540,60.0,1.5,1.75,1.85,1.8,0.2,0.25,0.225,2,27.22,39,,,,6641.46,6640.97,EXPIRATION,286.0,290.0,20260313,15:59:00,1,0
20260313,14:25:00,PUT,6600,6540,60.0,1.4,1.65,1.75,1.7,0.2,0.25,0.225,2,27.22,38,,,,6639.75,6639.93,EXPIRATION,266.0,270.0,20260313,15:59:00,1,0
20260313,14:30:00,PUT,6610,6550,60.0,1.55,1.75,1.8,1.775,0.15,0.2,0.175,2,27.22,36,,,,6641.09,6640.64,EXPIRATION,296.0,300.0,20260313,15:59:00,1,0
20260320,14:00:00,PUT,6505,6445,60.0,1.4,1.75,1.85,1.8,0.25,0.35,0.3,1,27.28,35,,,,6538.52,6538.89,PER_POS_SL,-716.9999999999999,0.0,20260320,14:23:00,0,1
20260323,14:00:00,PUT,6565,6505,60.0,1.4,1.8,1.9,1.85,0.35,0.4,0.375,1,26.32,41,,,,6600.94,6600.95,EXPIRATION,133.0,135.0,20260323,15:59:00,1,0
20260324,14:00:00,PUT,6525,6465,60.0,1.4000000000000001,1.6,1.65,1.625,0.15,0.2,0.175,1,26.87,46,,,,6561.57,6560.74,EXPIRATION,133.0,135.0,20260324,15:59:00,1,0
20260324,14:05:00,PUT,6530,6470,60.0,1.25,1.5,1.6,1.55,0.2,0.25,0.225,2,26.87,39,,,,6565.25,6563.05,EXPIRATION,236.0,240.0,20260324,15:59:00,1,0
20260324,14:10:00,PUT,6530,6470,60.0,1.55,1.8,1.85,1.825,0.2,0.25,0.225,2,26.87,33,,,,6566.06,6564.01,EXPIRATION,296.0,300.0,20260324,15:59:00,1,0
20260324,14:15:00,PUT,6530,6470,60.0,1.3,1.55,1.6,1.575,0.2,0.25,0.225,2,26.87,32,,,,6565.22,6564.96,EXPIRATION,246.0,250.0,20260324,15:59:00,1,0
20260324,14:20:00,PUT,6535,6475,60.0,1.45,1.7,1.75,1.725,0.2,0.25,0.225,2,26.87,31,,,,6564.03,6565.14,EXPIRATION,276.0,280.0,20260324,15:59:00,1,0
20260324,14:25:00,PUT,6535,6475,60.0,1.3,1.6,1.65,1.625,0.2,0.3,0.25,2,26.87,34,,,,6565.17,6565.39,EXPIRATION,246.0,250.0,20260324,15:59:00,1,0
20260324,14:30:00,PUT,6540,6480,60.0,1.3,1.55,1.6,1.575,0.2,0.25,0.225,2,26.87,30,,,,6567.56,6566.8,EXPIRATION,246.0,250.0,20260324,15:59:00,1,0
20260324,14:35:00,PUT,6545,6485,60.0,1.25,1.45,1.55,1.5,0.15,0.2,0.175,2,26.87,34,,,,6573.02,6570.78,EXPIRATION,236.0,240.0,20260324,15:59:00,1,0
20260325,14:00:00,PUT,6570,6510,60.0,1.3499999999999999,1.65,1.75,1.7,0.25,0.3,0.275,1,25.3,34,,,,6605.78,6606.65,PER_POS_SL,-422.0,59.999999999999986,20260325,14:56:00,0,1
